FILENUMBER,LINENUMBER,ENTEREDVALUE
2559044-B,1,15810
2559180,1,29174
2559401,1,31500
2559512,1,196033.56
2559419,1,38884.75
2559419,2,56698.16
2559657,1,30719.85
2558791,1,18640
2558912,1,27720
2559091,1,156122.2
2559029,1,391275
2559480,1,129643.87
2559480,2,59347.11
2559480,3,10938.49
105503555,1,32800
105503558,1,45430
2559582,1,37658.06
2559387,1,45068.4
4536496,1,2283.61
2614461,1,57178.33
2614497,1,57778.38
4536517,1,3518
4536517,2,646
2614503,1,3140
2559294,1,20798.8
2559294,2,16458.76
2559042,1,56869.81
2559042,2,2286.24
2559015,1,108314
2614363,1,34978.52
105503506,1,60311
2559595,1,513642.72
2559595,2,14885.81
4536508,1,15048
4536488,1,454200
4536485,1,42018.8
2559592,1,31256.62
2559592,2,50105.2
2559592,3,186.58
4536550,1,925.39
4536550,2,10366.27
4536550,3,153.71
4536550,4,14284.9
4536550,5,11797.77
4536543,1,4986
2559044-A,1,15810
2559044-C,1,15810
2559044-D,1,15810
2559247,1,18949.65
2559093,1,40798.7
2559356,1,60046.08
2559356,2,4966
2559356,3,15374.21
2559356,4,13896.57
2559283,1,9706.99
2559283,2,34787.69
2559302,1,43810.12
2559302,2,1812.99
2559348,1,164339.42
2559392,1,58934.75
2559414-1,1,16937.89
2559414-1,2,26450.05
2559414-2,1,10644.38
2559414-2,2,27891.75
2559414-2,1,1162.69
2559414-2,2,16105.76
2559557,1,70907.76
2559421,1,138898.17
2614444,1,5449.39
2559532,1,8034.05
2559532,2,56640.39
2614462,1,63144.34
2614462,2,12397.25
2559453,1,29052.89
2559476,1,92159.56
2559534-1,1,4433.81
2559534-2,1,66405.93
2559534-2,2,9124.77
4536537,1,17200
2614470,1,15255
2559572,1,22050
2559071,1,19358.4
2559369,1,193645
2559369,1,193645
2559369,1,193645
2614399,1,76880.25
2559398,1,42838.81
2559398,1,3420.55
2559525,1,286000
2559500,1,30774.13
2559500,2,40652.46
2559500,3,78567.47
2559500,4,647.1
2559500,5,290.46
2559500,6,462.26
2559500,7,87.68
2559500,8,15646.71
2559649,1,358614
2559668,1,41594.58
2559669,1,40254.98
2559669,2,2190
2614486,1,5601
2559231,1,30021
2559262,1,53978.04
2559225,1,33250.6
2559226,1,30421
2559230,1,30193.4
2559228,1,32069.8
2559475,1,59296.46
2559269,1,18648
2559423,1,27524
105503547,1,37000
2614424,1,10534.4
105503553,1,86335
105503554,1,62445
105503556,1,26000
2614432,1,462.35
2614432,2,42.03
2614432,3,378.29
2614432,4,1702.3
2614432,5,9940.57
2614432,6,66473.61
2614432,7,409.81
2614432,8,483.37
2614432,9,21.02
2614432,10,42.03
2614432,11,42.03
2614432,12,304.73
2614432,13,1103.34
2614432,14,819.62
2614433,1,96249.89
105503602,1,226000
105503602,1,226000
105503602,1,226000
105503602,1,226000
105503602,1,226000
105503602,1,226000
105503602,1,226000
105503602,1,226000
105503602,1,226000
105503602,1,226000
105503602,1,226000
105503602,1,226000
105503602,1,226000
105503602,1,226000
105503602,1,226000
105503602,1,226000
105503602,1,226000
105503602,1,226000
105503602,1,226000
105503602,1,226000
2559604,1,335000
4536548,1,4622.38
2559885,1,48720
2614505,1,5228.12
2559208,1,23476.6
2559208,2,150662.62
2558898,1,26989.02
2558899,1,26989.02
2558900,1,53978.04
2559232,1,143437.5
2559267,1,26989.02
2559142,1,26989.02
2559144,1,40483.53
2559292,1,26099.62
2559036,1,11282.4
2559304,1,167580
105503557,1,127600
105503560,1,60495
105503561,1,46995
105503562,1,39595
105503563,1,35995
105503564,1,39795
105503565,1,39995
105503566,1,64495
105503567,1,40295
105503568,1,66495
105503569,1,36695
105503570,1,36395
105503571,1,77495
105503572,1,58295
105503573,1,70795
105503574,1,48295
105503575,1,40295
105503576,1,59295
105503577,1,36295
105503578,1,62995
105503579,1,57995
105503581,1,40295
105503582,1,79295
105503583,1,73995
105503584,1,30495
105503585,1,40295
105503586,1,36595
105503587,1,48295
105503588,1,39495
105503589,1,34995
105503590,1,52995
105503592,1,54000
105503593,1,40295
105503594,1,39595
105503595,1,57295
105503596,1,36795
105503597,1,36295
105503598,1,39995
105503599,1,42695
2559605,1,61439.71
2559584,1,78296.36
2559584,2,5134.28
2559651,1,14414.32
2559651,2,35212.96
2559651,3,9611.34
2614493,1,525.6
2614493,2,431.2
2614493,3,1265.02
2614493,4,350.08
4536536,1,18640
4536551,1,6082.56
4536540,1,1094.55
2558532,1,8531.98
2558217,1,8531.98
2614380,1,31710.61
2614396,1,95893.61
2614396,2,16110.9
2559205,1,19358.4
2558267,1,8531.98
2559486,1,489510
2559402,1,29648.23
2559452,1,59296.46
2559660,1,8531.98
2559478,1,35319.19
2559484,1,33317.42
2559484,2,1.7
2559530,1,44289.06
2559556,1,37745.54
4536544,1,17827.7
4536552,1,1264
4536552,2,1105.26
4536552,3,1105.27
4536552,4,776
4536552,5,1575.2
4536552,6,1575.2
4536552,7,1068
2557840,1,25639.57
2559270,1,29052.89
2614408,1,50120
2559561,1,62181
105503552,1,81030
105503605,1,84092
105503606,1,51898
105503607,1,65514
105503608,1,60295
4536498,1,34370
4536526,1,2434.6
4536569,1,262800
2558014,1,25639.57
2558219,1,8531.98
2559107,1,23000
2559227,1,32069.8
2559229,1,32501.08
2559399,1,45148.58
2559399,2,26094.85
2559386,1,82800
2558269,1,8531.98
2559299,1,64929
2559300,1,64929
2559301,1,64929
2614434,1,13970.26
2614434,2,2133.17
2614434,3,13412.29
2559533,1,45996.19
2559488,1,10833.84
2559488,2,33509.96
2559488,3,3786.8
105503551,1,91150
2614416,1,78088.64
2614416,2,3386.88
2559479,1,293420
2559479,2,57580
2559479,3,12020
2559523,1,41118
2559545,1,102066.46
2559755,1,185477.44
2614467,1,3425.41
2559819,1,20115.95
2559819,2,8293.62
2559819,3,7568.97
2559819,4,9228.84
2559819,5,50972.01
2559819,1,82806.44
2559819,1,6890.73
2559819,1,52636.15
2559819,1,2787.11
2559819,2,4417.27
2559819,1,54982.47
105503614,1,86662
105503615,1,147592
2559750,1,3032.71
2559750,2,1034.06
2559750,1,28764.45
2559750,1,1381.59
2559750,2,702.41
2559750,3,6602.46
2559750,4,12472.44
2559750,5,326.05
2559750,6,1585.98
2559750,1,647.29
2559750,2,2132.44
2559750,3,1724.17
2559750,4,1032.52
2559750,5,96.05
2559750,6,7905.26
2559750,7,23627.21
2559750,8,143.75
2559750,9,187.68
2559750,10,4605.06
2559750,11,1803.7
2559750,12,5168.05
2559750,13,390.42
2559750,14,3414.06
2559750,15,4655.87
2559750,16,189.34
2559750,17,2474.35
2559750,18,467
2559750,19,90.01
2559750,20,64.97
2559750,21,4.63
2559750,22,109.1
2559750,23,10.98
2559750,24,324.93
2559750,25,209.29
2559750,26,3837.39
2559750,27,12416.94
2559750,28,63.7
2559750,29,227.26
2559750,30,72.61
2559750,31,1107.71
2559750,32,216.06
2559750,33,692.54
2559750,34,7174.6
2559750,35,2087.86
2559623,1,211136.14
2614477,1,21949.34
2559759,1,66860.64
2559400-2,1,25049.26
2559400-2,2,37847.29
2559400-2,3,15134.64
2559400-3,1,60479.26
2559400-4,1,52530.56
2559400-4,2,13274.96
2559555,1,27452.25
2559400-1,1,3787.86
2559400-1,1,27642.89
2559400-1,2,13348.78
2559400-1,3,8364.56
2559400-1,4,11542.76
105503658,1,101566
105503659,1,92142
2559707,1,42024
2559650,1,358614
2559472,1,388426
2559695,1,9282
2559630,1,31886.01
2559583,1,111423.01
2559591,1,143986.18
2559593,1,121488.16
105503620,1,55025
105503623,1,71488
105503626,1,84536
105503627,1,60831
105503628,1,38618
105503629,1,49115
4536553,1,14600
4536553,2,106550.14
4536553,3,3054
4536563,1,14059.23
4536582,1,24390.36
4536582,2,16297.43
4536582,3,20808.92
4536582,4,139.96
4536582,5,47032.25
4536582,6,15
4536582,7,1899.43
4536582,8,827.96
2559181,1,79729.2
2559374,1,26039.19
2559416,1,15000
2559416,2,5900
2559416,3,16640
2559416,4,19000
2559416,5,111100
2559416,6,29700
2559588,1,58593.7
2559463,1,125359.97
2559621,1,66321
2559606,1,60505.9
2559606,1,4350.96
2559606,1,29845.88
2559606,1,6620.12
2559606,1,4206.94
2559606,1,19361.78
2559606,1,18736.2
2614496,1,15295
2614495,1,6896
2559372,1,18638.8
2559372,2,50990.38
2559372,3,456.75
2559372,4,35.2
2559373,1,63072.67
2559373,2,1100.19
2559373,3,2769
2559373,4,2326.67
2559373,5,1692.81
2559417,1,40353.65
105503548,1,65330
2559143,1,53978.04
2559544,1,53978.04
2559418,1,79680
2559580,1,193000
2559531,1,60035.51
2559531,1,28297.43
105503603,1,42251
4536586,1,16000
4536586,2,5750
4536586,3,5400
2559787,1,35195.63
2559787,2,234
105503631,1,79242
2559898,1,45800
2559898,2,2400
2559898,3,400
2559898,4,300
2614508,1,7037
4536566,1,11944.8
4536570,1,666.2
4536570,2,743.91
4536448,1,3483.96
4536448,2,5101.68
4536448,3,165.5
4536448,1,249.3
4536448,2,1675.24
4536448,3,225.03
4536448,4,92.14
4536576,1,1173.61
4536576,2,658.18
2614512,1,29190
4536571,1,12192
4536571,2,888
4536571,3,5040
4536571,4,4514.4
4536577,1,1724
4536587,1,3187.64
4536587,2,1912.58
4536587,3,6423.09
4536587,4,4197.06
4536587,5,3187.64
4536587,6,2018.84
4536587,7,1593.82
4536587,8,743.78
2559872,1,30719.85
2559396,1,43633.42
2559397,1,52943.17
2614417,1,54813.94
2614417,2,6904.15
2614417,3,5954.32
2614417,4,415.09
105503550,1,60005
2559494,1,52460.31
2559494,2,9260.52
2559508,1,16924.74
2559508,2,16258.42
2559508,3,18342.8
2559508,4,10984.9
2559601,1,118324.04
2559600,1,58884.91
2559795,1,30719.85
2614506,1,268548
4536574,1,322910.67
4536574,2,11434.08
4536583,1,1369.32
4536583,2,5683.79
4536583,3,13473.24
4536583,4,1110.64
4536583,5,1024.67
4536583,6,276.1
4536583,7,343.36
4536583,8,5418.11
4536583,9,295.17
4536583,10,1616.6
2559853,1,5425.45
2559853,2,404.66
2559853,3,20470.45
2559853,4,4669.46
2559853,5,5751.4
2559853,6,311.99
2559853,7,10710.01
2559853,8,9391.27
2559853,9,24725.81
2559853,10,2859.28
2559853,11,964.09
2559853,12,8379.52
2559853,13,96.12
2559853,14,232.67
2559853,15,10.04
2559853,16,38.9
2559853,17,301.65
2559853,18,12495.8
2559853,19,9907.48
2559853,1,32507.58
2559854,1,490.91
2559854,2,217.57
2559854,1,13514.96
2559854,2,607.01
2559854,3,7266.53
2559854,4,24397.79
2559854,5,1716.68
2559854,6,379.74
2559854,7,1054.68
2559854,8,3202.07
2559854,9,4133.62
2559854,1,338.4
2559854,2,984.31
2559854,3,871.51
2559854,4,276.86
2559854,5,201.35
2559854,6,2421.94
2559854,7,190.47
2559854,8,4505.57
2559854,9,18859.21
2559854,10,665.92
2559854,11,2671.33
2559854,12,857.36
2559854,13,3100.59
2559854,14,2999.98
2559854,15,810.56
2559854,16,1841.19
2559854,17,521.64
2559854,18,107.83
2559854,19,13.76
2559854,20,1109.67
2559854,21,170.16
2559854,22,209.51
2559854,23,218.16
2559854,24,210.37
2559854,25,314.9
2559854,26,247.36
2559854,27,197.99
2559854,28,894.39
2559854,29,517.91
2559854,30,358.51
2559854,31,224.39
2559854,32,348.11
2559854,33,283.99
2559854,34,326.08
2559854,35,220.11
2559854,36,528.53
2559854,37,172.06
2559854,38,141.18
2559854,39,206.91
2559854,40,4019.99
2559854,41,13407.68
2559854,42,2761.41
2559854,43,1312.96
2559854,44,937.97
2559854,1,2051.06
2559854,2,8068.4
2559256-1,1,73701.85
2559256-1,2,9711.8
2559256-1,3,5755.85
2559256-2,1,19821.87
2559257-1,1,141981.33
2559257-2,1,24920.51
105503541,1,83910
105503542,1,56640
105503529,1,79115
105503540,1,68177
105503549,1,84065
2559570,1,98898.8
2559570,2,36708
2559598,1,37615.18
2559562,1,420788.94
2559571,1,279247.41
2559724,1,60374.69
2559667,1,37615.18
2559726,1,85723.06
2559677,1,31047.12
2559677,2,29125.82
2559677,3,63874.12
2559677,4,32884.42
2559722,1,59583.04
2559537,1,113337
2559718,1,26859.3
2559718,2,34213.6
2559727,1,88795.87
2559717,1,126174.97
2614513,1,4867.2
105503660,1,174794
2559122,1,25433.32
2614421,1,85879.05
105503517,1,46900
2559407,1,85002.75
2559454,1,85002.75
2614400,1,41680
2614406,1,33000
2559517,1,39249
2559543,1,63777.23
2559575,1,81634.96
2559575,2,123700.04
2559648,1,282500
105503633,1,91201.25
105503633,1,92504.13
4536567,1,11944.8
4536581-3,1,4621.43
4536584,1,4171.34
4536584,2,
4536584,3,4467.5
4536565,1,11848.45
4536565,2,412.12
4536591,1,29630
2614528,1,3694.11
2614528,2,1801.58
2559234,1,38442.34
2614397,1,31209
2614397,2,41452
2614397,3,34750
2614404,1,5957.1
2614404,2,6358.46
2559764,1,263632.16
2559764,2,26390.83
2559764,3,1367.84
2559764,4,1724.08
2559764,5,204.9
2559764,6,3710.92
2559764,7,93934.1
2559764,8,84629.07
2559764,9,1390.15
2559764,10,280.42
2559764,11,1648.26
2559764,12,2120.82
2559764,13,4193.87
2559764,14,2508.22
2559764,15,255.5
2559764,16,508.91
2559764,17,981.48
2559764,18,721.83
2559764,19,545.27
2559764,20,534.88
2559764,21,2121.86
2559764,22,62.32
2559764,23,8740.44
2559274,1,53978.04
2559276,1,53978.04
2559487,1,5443
2559487,2,59235
2559489,1,17229.41
2559489,2,26376.7
2559489,3,2892.39
2559381,1,64929
2559382,1,64929
2559383,1,64929
2559645,1,72056.25
2559603,1,79800
105503609,1,282511
105503609,1,282511
105503609,1,282511
105503609,1,282511
105503609,1,282511
105503609,1,282511
105503609,1,282511
105503609,1,282511
105503609,1,282511
105503609,1,282511
105503609,1,282511
105503609,1,282511
2559663,1,107032.59
2559663,2,91398.19
2559663,3,4415.53
2559613,1,415.97
2559613,2,622.38
2559613,3,25705.77
2559735,1,108416.6
2559735,2,3932.28
2559607,1,28508.82
2559627,1,220862.25
4536585,1,125
4536585,2,260
4536585,3,98
4536585,4,98
4536585,5,49
4536585,6,51
4536585,7,225.6
4536585,8,2631
4536585,9,700
4536585,10,3185.2
4536585,11,3525.04
4536580,1,131.65
2614527,1,6295.43
4536600,1,410.09
4536600,2,41.01
4536600,3,2.73
4536600,4,3100.17
4536600,5,398.3
4536609,1,131250
2559388,1,21800
2559388,2,25800
2559388,3,65100
2559495,1,27981.74
2559495,2,26586.77
2559507,1,6579.04
2559507,2,11203.05
2559507,3,32104.18
2559507,4,5873.75
2559507,1,8964.12
2559519,1,25881.15
2559709,1,99822.44
2559719,1,5847.58
2559719,2,356.13
2559719,1,4279.53
2559719,2,38645.29
2559558,1,103277.56
2558842-A,1,17939.76
2558842-B,1,17939.76
2558842-C,1,17939.76
2559566,1,45711
2559566,2,1050.8
2559566,3,702
2559566,4,1452.5
2559566,1,7252.2
2559753,1,41118
2559758,1,20559
2558825-A,1,17939.76
2559659,1,81585
2558825-B,1,17939.76
2558825-C,1,17939.76
2558825-D,1,17939.76
2559873,1,29052.89
4536579,1,257062.95
4536589,1,30703.09
2559366,1,45178.26
2559496,1,12979.34
2559496,2,4627.07
2559496,1,22372.12
2559496,2,41454.48
2559497,1,29857.04
2559497,2,52320.53
2559498,1,13405.01
2559498,1,13895.47
2559498,1,20606.47
2559498,2,5638.76
2559498,3,19345.86
2559498,4,7273.8
2559498,5,32446.13
2559499,1,5500.39
2559499,1,6221.6
2559499,1,3463.81
2559499,2,2245.67
2559499,3,1329.59
2559499,4,4360.6
2559499,1,36613.16
2559499,2,5593.69
2559499,3,7452.49
2614436-1,1,18176.93
2614436-3,1,30379.71
2614436-3,2,18552.73
2614436-3,3,20532.58
2614436-5,1,37501.95
2614465-7,1,21888.3
2614465-2,1,11570
2614465-1,1,70.59
2614465-1,2,53.92
2614465-1,3,919.53
2614465-1,4,92.6
2614465-1,5,598.85
2614465-1,6,49.8
2614465-1,7,231.81
2614465-1,8,26.96
2614465-1,9,1197.89
2614465-1,10,45.02
2614465-1,11,94.23
2614465-1,12,56.65
2614465-1,13,520.37
2614465-1,14,1669.97
2614465-1,15,45.76
2614465-1,1,385.02
2614465-1,2,29.71
2614465-1,3,320.71
2614465-1,4,609.17
2614465-1,5,19.15
2614465-1,6,46.43
2614465-1,7,415.89
2614465-1,8,348.06
2614465-1,9,452.73
2614465-1,10,21.53
2614465-1,11,282.73
2614465-1,12,735.11
2614465-1,1,4981.15
2614465-1,1,45.32
2614465-1,2,24.54
2614465-1,3,43.31
2614465-1,4,42.94
2614465-1,5,43.78
2614465-1,6,610.75
2614465-1,7,27.52
2614465-1,8,140.12
2614465-1,9,856.66
2614465-1,10,589.52
2614465-1,11,36.48
2614465-1,12,636.27
2614465-1,1,233.79
2614465-1,2,157.68
2614465-1,3,78.9
2614465-1,4,119.28
2614465-1,5,43.49
2614465-1,6,11.14
2614465-1,7,1521.37
2614465-1,8,420.98
2614465-1,9,155.83
2614465-1,10,762.61
2614465-1,11,125.2
2614465-1,12,3818.03
2614465-1,13,72.85
2614465-1,14,692.53
2614465-1,15,124.08
2614465-1,16,71.77
2614465-1,17,1415.2
2614465-1,18,364.56
2614465-1,19,561.45
2614465-1,20,351.44
2614465-1,21,737.78
2614465-1,22,45.63
2614465-1,23,864.4
2614465-1,24,74.08
2614465-1,25,1193.63
2614465-1,26,47.05
2614465-1,27,66.41
2614465-1,28,18.31
2614465-1,29,15.26
2614465-1,30,71.98
2614465-1,31,34.63
2614465-1,32,35.14
2614465-1,33,192.28
2614465-1,34,297.39
2614465-1,35,354.98
2614465-1,1,900.82
2614465-1,2,534.72
2614465-1,3,2795.56
2614465-1,4,102.74
2614465-1,5,105.05
2614465-1,6,146.7
2614465-1,7,276
2614465-1,8,130
2614465-1,9,455
2614465-1,10,1745.4
2614465-1,11,90
2614465-1,12,118.16
2614465-1,13,57.6
2614465-1,14,465
2614465-1,1,399.99
2614465-1,2,197.95
2614465-1,3,1116.97
2614465-1,4,202
2614465-1,5,930.25
2614465-8,1,14716.69
2614465-9,1,2428.75
2614465-9,2,703.5
2614465-9,3,29315.5
105503611,1,54391
105503612,1,48880
105503613,1,50227
2559732,1,5
2559732,2,1656
2559732,3,5750
2559732,4,1040
2559732,5,5500
2559732,6,35211
2559732,7,917.7
2614498,1,8810.78
2614498,2,16272.89
2614499,1,24409.33
2614500,1,32545.77
2614500,2,8810.78
4536605,1,50
2614539,1,54784
4536590,1,621.66
4536618,1,19127.33
4536618,2,18985.68
4536618,3,7560
4536618,4,6
4536618,5,141.58
4536618,6,669.7
4536618,7,1492.6
4536618,8,74.58
2559104,1,53486
2559110,1,70178.68
2559206,1,72674.38
2559620,1,32348.5
2559620,2,251.87
2559626,1,29052.89
2559520,1,79470
2559522,1,79470
2559772,1,338283
2559703,1,4285.7
2559703,2,52315.78
2559703,3,50108.47
2559703,4,28265.84
2559703,5,306.2
2559703,6,409.12
2559703,7,28819.14
2559708,1,202726.12
2559708,2,1327.12
2559708,3,3939.88
2559708,4,4775.68
4536581-1,1,4621.43
4536581-2,1,4621.43
4536554,1,1169.12
4536554,2,6181.1
4536554,3,134.66
4536554,4,94.85
4536554,5,212
4536554,6,8.23
4536554,1,348
4536554,2,135.83
4536620,1,26181.97
4536620,2,136.72
4536620,3,2056.28
4536620,4,551.6
4536620,5,322.98
4536620,6,3055.66
4536620,7,3625.8
4536620,8,162.62
4536620,9,3572.77
4536620,10,1681.1
4536620,11,1027.24
4536620,12,2920.66
4536620,13,267.2
4536620,14,355.48
4536620,15,782.7
4536620,16,1766.5
4536620,17,638
4536620,18,662.72
4536620,19,86.5
4536620,20,17.6
4536620,21,951.6
4536625,1,330467.82
2614413,1,4330
2559258,1,82202
2559259,1,32519.52
2559259,2,10031.76
2559259,3,614
2559359,1,101752
2559359,2,6240
2559394,1,62637.72
105503559,1,49110
2559564,1,26880
2559560,1,199241.78
2559354,1,27450
2559354,2,390
2559354,3,888
2559354,4,936
2559354,5,84
2559354,6,132
2559354,7,825
2559685,1,43200
2559624,1,160000.31
2559617,1,42000
2614457,1,4090.24
2559746,1,52447.49
2559746,2,37428.7
2559815,1,17757.41
2559652,1,2767.13
2559652,2,562.52
2559652,3,1226.17
2559652,4,5269.53
2559652,5,169181.59
2559652,6,50843.45
2559652,7,671.87
2559652,8,7729.75
2559734,1,886.22
2559734,2,164.27
2559734,3,1264.03
2559734,4,47239.86
2559734,5,13022.04
2559734,6,1880.85
2559734,7,14.68
2559881,1,155407.55
2559796,1,162345.52
2559932,1,112.12
2559932,2,5722.54
2559932,3,2586.58
2559932,4,824.59
2559932,5,2496.64
2559932,6,23
2559932,7,7810.11
2559932,8,88.12
2559932,9,90.69
2559932,10,5938.7
2559932,11,727.86
2559932,12,181.97
2559932,13,59.48
2559932,14,336.48
2559932,15,220.18
2559932,16,410.75
2559932,17,103.82
2559932,18,351.63
2559932,19,789.46
2559932,20,2156.74
2559932,21,824.59
2559932,22,2345.27
2559932,23,868.66
2559932,24,19075.58
2559932,25,639.8
2559932,26,651.7
2559932,27,62.18
2559932,28,831.98
2559932,29,8397.97
2559932,30,3834.77
2559932,31,7575.41
2559932,32,17513.08
2559932,33,2512.5
2559932,34,3090.55
2559932,35,1558.92
2559932,36,3429.37
2559932,37,16292.6
2559932,38,4158.83
2559933,1,66.64
2559933,2,184.06
2559933,3,11193.53
2559933,4,15338.26
2559933,5,144.58
2559933,6,104.61
2559933,7,217.67
2559933,8,846.5
2559933,9,525.34
2559933,10,244.82
2559933,11,10744.32
2559933,12,2175.11
2559933,13,585.15
2559933,14,4611
2559933,15,313.48
2559933,16,1004.75
2559933,17,336.75
2559933,18,172.57
2559933,19,5079.7
2559933,20,4304.33
2559933,21,18984.73
2559933,22,540.96
2559933,23,212.63
2559933,24,102.81
2559933,25,405.02
2559933,26,68.81
2559933,27,351.51
2559933,28,429.11
2559933,29,420.89
2559933,30,1280.14
2559933,31,1267.44
2559933,32,1068.27
2559933,33,1071.33
2559933,34,1197.65
2559933,35,153.03
2559933,36,217.61
2559933,37,127.26
2559933,38,82.85
2559933,39,1598.06
2559933,40,436.58
2559933,41,630.9
2559933,42,29.94
2559933,43,123.06
2559933,44,82.66
2559933,45,45.34
2559933,46,688.65
2559933,47,12716.45
2559933,48,5132.77
2559933,49,2875.42
2559933,50,4834.4
2559933,51,6668.86
2559933,52,1091.94
2559933,1,407.7
2559933,2,1146.63
2559933,3,26.83
2559933,4,113.96
2559933,5,139.31
2559671,1,25200
2614529,1,4865
4536608,1,11944.8
4536588,1,117833.83
4536588,2,27928
4536588,3,3256.2
4536588,4,5487.75
4536588,5,2835
4536588,6,2076.3
4536588,7,4542.75
4536621,1,3432.98
4536623,1,14239
2614488,1,8543.48
2614488,2,603.96
2614488,3,3194.4
2614488,4,5957.1
2614488,5,6358.46
2559524,1,1076848.94
2559524,2,9868.43
2614452,1,4613.5
2614452,2,16822.14
2614452,3,24879
2614452,4,6358
2614452,5,700
2614452,6,4500
2614452,7,700
2614452,8,17162.07
2559904,1,29052.89
2559748,1,66906
2614518,1,14399.72
4536616,1,469.42
4536616,2,607.05
4536616,3,3360.63
4536616,4,2228.67
4536616,5,133.36
4536616,6,32.01
4536616,7,437.41
4536616,8,373.41
4536616,9,759.61
4536616,10,1733.66
4536616,11,2630.88
4536616,12,509.96
4536616,13,214.44
2614540,1,12111.86
4536622,1,16000
4536607,1,7427.52
2614546,1,18445
2559241-B,1,12882.15
2559241-C,1,12882.15
105503528,1,83886
2559618,1,29052.89
2559705,1,26433.57
4536575,1,14650
4536599,1,3351.37
4536599,2,1056.44
4536599,3,2515.03
4536606,1,76120.13
4536606,2,14165.76
4536606,3,7499.52
4536606,4,3999.74
4536606,5,14207.42
4536606,6,2666.5
4536606,7,3999.74
4536619,1,5905.8
4536619,2,12059.8
2614548,1,19500
4536646,1,10.42
2559773,1,1848.23
2559773,2,10.83
2559773,3,1033.35
2559773,4,115.65
2559773,5,222.33
2559773,6,30.34
2559773,7,920.99
2559773,8,127.65
2559773,9,201.86
2559773,10,8213.33
2559773,11,1802.66
2559773,12,3105.93
2559773,13,2499.9
2559773,14,166.96
2559773,15,4298.33
2559773,16,13060.42
2559773,17,13916.63
2559773,18,790.92
2559773,19,27484.58
2559773,20,4162.84
2559773,21,1118.6
2559773,22,1426.43
2559773,23,332.46
2559773,24,742.26
2559773,25,3950.3
2559773,26,22815.69
2559773,27,21286.99
105503618,1,63809
2558842-D,1,17939.76
2559813,1,60472.64
2559720,1,16204.51
2559720,2,70699.59
4536617,1,1649.7
4536617,2,378
4536617,3,1040
4536603,1,2090
4536615,1,18405.89
105503694,1,119413.2
105503694,1,94509.4
4536651,1,7627.28
4536637,1,19935
2559194,1,27720
2559323,1,27720
2559506,1,44448.96
2559506,2,18298.29
2559565,1,23139.4
2559686,1,45658.2
4536630,1,15968.86
2614558,1,31775
2614558,2,216480
2614558,3,15785
4536656,1,2.04
2614563,1,59860
2614563,2,178145
2614563,3,26035
2614567,1,68675
2614567,2,123205
2614567,3,22140
4536611,1,4532
4536611,2,1860
4536611,3,966
2559241-A,1,12882.15
2559241-D,1,12882.15
2559767,1,18766.52
2559767,2,2329.3
4536629,1,600
105503695,1,135460
2614555,1,36900
2614555,2,163795
2614555,3,63345
2614559,1,55350
2614559,2,187575
2614559,3,21115
2614560,1,82000
2614560,2,146165
2614560,3,35875
4536660,1,78.15
2614564,1,82820
2614564,2,145755
2614564,3,35465
2614566,1,39565
2614566,2,191470
2614566,3,33005
2614547,1,10617.6
2559260,1,29240
2559362,1,22553.45
105503637,1,49875
105503638,1,53343
105503640,1,57254
2559199,1,31254.64
2559199,2,15107.84
2559385,1,22589.13
2614426,1,5738.75
2559516,1,64929
2559515,1,64929
2559518,1,64929
2614455,1,4392.96
105503610,1,1020700
2559834,1,14557.5
2559891,1,31130.64
2559721,1,52564.9
2559721,2,9381.77
105503634,1,55956
105503635,1,49828
105503636,1,82242
105503644,1,55847
105503646,1,66038
105503647,1,68912
105503648,1,55657
105503649,1,66544
105503652,1,45910
105503655,1,55433
105503656,1,70872
105503657,1,53343
2559878,1,27720
2614460-1,1,875.75
2614460-4,1,2011.85
2614460-5,1,1559.4
105503661,1,58456
2614475-1,1,197611.32
2614475-2,1,104223.12
2614475-2,2,14273.48
2614475-2,3,16644.88
2614475-2,4,275.84
2614475-2,5,56.67
2614475-2,6,649.93
2614475-2,7,1089.77
2614475-2,8,69177.06
2559983,1,259575
2559984,1,259575
2614556,1,1296
2614556,2,516
4536653,1,118871.36
4536653,2,11670.4
4536653,3,41284.04
4536653,4,12504
4536653,5,3334.4
4536653,6,14004.48
4536653,7,2500.8
4536653,8,2500.8
4536653,9,11336.96
4536653,10,13337.6
4536653,11,3334.4
4536653,12,666.88
4536653,13,3000.96
4536627,1,836.4
4536627,2,3658.4
4536627,3,459
4536627,4,154.7
4536627,5,51
4536595,1,458.7
4536669,1,8400
4536672,1,25575
4536673,1,17140.95
4536673,2,821.34
4536673,3,228.4
4536673,4,5014.64
4536673,5,6264.96
4536673,6,206.76
4536673,7,16551.48
4536673,8,2988.94
4536673,9,194.4
4536673,10,356.48
4536673,11,860.16
4536673,12,408.08
2560226,1,4139.75
2560226,2,10308.9
2560226,3,3262
2560226,4,2660
2614471,1,61950
2559384,1,33883.69
2559538,1,81686.84
2559538,2,26.15
2559559,1,48882.35
2559590,1,46361.4
2559596,1,40280.78
2559596,2,33084.66
2559597,1,23613.76
2559597,2,23818.83
2559771,1,24253.23
2559771,2,2440.36
2559771,3,2269.27
2559771,4,35873.21
2559771,5,83.56
2559771,6,24.66
2559771,7,52.23
2559771,8,31.34
2559771,9,62.67
2559771,10,165.87
2559771,11,146.23
2559770,1,88855
2559770,1,88855
4536597,1,6175.08
4536597,2,1324.13
4536597,3,204.44
2559969,1,30719.85
2559981,1,28814.75
2560013,1,8731.8
2559554,1,48720
4536555,1,5275.44
4536555,2,1002.75
4536555,3,4442.58
4536652,1,49335
4536652,2,6800
2559409,1,3995
2559409,2,69440
2559409,3,240
2559409,4,3780
2559409,5,200
2614458,1,1740
2559762,1,1079962
2559924,1,29289.06
2559868,1,60686.91
2559869,1,60256.06
2559870,1,103044.77
4536633,1,8034.64
4536657,1,560.97
4536657,2,662.11
4536657,3,679.84
4536657,4,1597.42
4536657,5,494.24
4536657,6,458.79
4536657,7,2335.65
4536657,8,1975.92
4536657,9,4516.98
4536657,10,3577.5
4536657,11,2171.94
4536657,12,90.71
4536657,13,383.71
4536657,14,209.58
4536659,1,7387.2
4536648,1,7413.6
4536664,1,1490.4
2559725,1,8398.1
2559725,2,31094.72
2559725,1,2844.31
2559725,2,11703.53
105503639,1,63363
105503641,1,63372
105503642,1,46835
105503643,1,79153
2614440,1,22000
2614440,2,17000
105503580,1,68883
105503591,1,44627
2614439,1,4413
2559574,1,18560
2559670,1,247031.4
2559581,1,157110.32
2559696,1,21658
2559785,1,51527
2559666,1,145157
2559625,1,18466.56
105503616,1,42267
105503617,1,53558
2559816,1,48625.92
2559882,1,42329.67
105503645,1,85512
105503650,1,54150
105503651,1,77805
105503653,1,60083
105503654,1,55274
2560012,1,55262.78
2560012,2,26355.78
2560012,3,10489.8
4536636,1,1547.83
4536636,2,1786.97
2559751,1,50086
4536592,1,11250
4536649,1,11091.17
4536655,1,6877.2
4536655,2,2.74
4536655,3,8607.88
4536655,4,2.3
4536655,5,1487.98
4536655,6,53.14
4536655,7,26.57
4536655,8,1215.18
4536604,1,7763.24
4536677,1,28490
105503725,1,1154500
4536654,1,10893.91
4536654,2,1235.26
4536654,3,558.82
105503604,1,46995
2559602,1,3919.57
2559602,2,36393.23
2559602,3,11883.88
2559513,1,31412.99
2559514,1,35279.07
2559360,1,39741.86
2559361,1,34840.4
2559577,1,64929
2559578,1,64929
2559579,1,64929
2559743,1,18466.56
2559747,1,18466.56
2559687,1,49156.44
2559688,1,33722.69
2559688,2,21839.91
2559688,3,31039.5
2559689,1,2355.87
2559689,2,2227.5
2559689,3,4417.69
2559689,1,5980.42
2559689,2,18445.16
2559689,3,11478.9
2559689,4,9635.58
2559689,5,30550.5
2559689,1,9301.26
105503632,1,44050
2559658,1,36868.65
2559661,1,35308.73
2559690,1,5613.12
2559690,2,32404.03
2559690,3,19300.78
2559690,4,15104.18
2559826,1,268318
2559800,1,334152
4536661,1,28057.26
4536661,2,4438.3
4536661,3,922.68
4536661,4,129.8
4536661,5,5399.68
4536661,6,1461.41
4536661,7,60.11
4536661,8,2545.5
4536661,9,68.88
4536665,1,3627.9
4536665,2,11144.7
4536665,3,520
4536665,4,666
4536631,1,106520
4536662,1,11130
2614575,1,52390
2559145,1,59805.25
2559145,2,53771.9
2559145,3,8634.34
2559145,4,3361.5
2559380,1,30223.7
2559713,1,27016.38
2614442,1,24745.49
2614442,1,929.61
2559808-1,1,9345.11
2559808-1,2,6950.24
2559808-2,1,34003.85
2559761,1,9781.5
2559761,2,14774.82
2559761,3,8865
2560032,1,26000
2560032,2,900
2560032,3,660
2614502,1,3518.47
2559485,1,70.24
2559485,1,991
2559485,1,318.4
2559403,1,15810
2559647,1,26600.4
2559647,2,140775.88
2559266,1,163170
2559847,1,192852.8
2559729,1,5136
2559729,2,8812.5
2559729,3,7560
2559729,4,510.5
2559729,5,222
2559729,6,3775.2
2559729,7,2840.5
2559729,8,11582.5
2559729,9,15360
2559794,1,79800
2559325,1,54904.5
2559337,1,29183.86
4536667,1,13446
4536685,1,10128.56
4536686,1,9863.89
4536686,2,1272.54
4536686,3,683.01
4536686,4,413.36
4536686,5,827.74
4536686,6,1.82
4536686,7,939.85
4536686,8,358.18
4536686,9,8093.18
4536686,10,2149.06
4536686,11,3892.62
4536686,12,773.14
4536686,13,342.89
4536686,14,1339.52
4536686,15,34.51
4536686,16,6038.03
4536686,17,235.14
4536686,18,582.4
4536686,19,1528.07
4536686,20,2495.58
4536686,21,289.02
4536686,22,1161.89
4536686,23,379.29
4536686,24,163.8
4536686,25,621.71
4536686,26,103.38
4536686,27,288.29
4536686,28,99.37
4536686,29,2846.48
4536686,30,144.8
4536686,31,797.16
4536688,1,22880
4536696,1,411060
4536696,2,34944
4536696,3,6489.6
4536696,4,2496
4536696,5,10483.2
4536706,1,13263.96
4536706,2,1258.21
4536706,3,5215.06
4536706,4,40
4536706,5,40
4536706,6,1394.43
4536706,7,124.56
4536706,8,449.52
4536712,1,2728.99
4536712,2,2126.19
4536682,1,14551.8
2559473,1,55024.39
2559473,2,632.06
2614487,1,58233.89
2559691,1,380468.95
2559694,1,32130
2559539,1,147841.3
2559539,2,129433.44
2559704,1,25947.57
2559728,1,31721.98
2559728,2,50119.51
2559792,1,33696
2559792,2,3801.6
2559793,1,1774.8
2559793,2,44381.57
2559793,3,6653.16
2559821,1,39372
105503619,1,43225
105503621,1,68803
105503622,1,39663
105503625,1,50588
2559749,1,8731.8
2559899,1,45791.93
105503669,1,59450
105503670,1,69329
105503673,1,60871
105503676,1,77330
105503678,1,65084
2559662,1,34072.64
2559887,1,401295
2560015,1,155470
2559672,1,95040
4536658,1,17286.63
4536681,1,322.5
4536681,2,119
105503726,1,154544
4536556,1,202.86
4536556,1,217.15
4536556,2,5566.87
4536556,3,347.87
4536556,4,28.6
4536556,5,11.02
4536556,6,3.54
4536556,7,237.12
4536556,8,2854.07
2614577,1,8393
2559474,1,105520
2559474,2,8156.8
2559569,1,97888
2559569,2,16640
2559408,1,42945
2559673,1,42945
2559674,1,42945
105503624,1,47358
2559710,1,64929
2559711,1,64929
2559712,1,64929
2614551,1,4895
2614492,1,4613.25
2614492,2,132
2559871,1,75844.58
4536647,1,9636.67
4536647,2,664.14
4536647,3,7539.78
4536674,1,85.92
4536693,1,25291.55
2614447,1,13723.73
2614447,2,23939.23
2614456-2,1,24008
2614456-2,2,16974
2614456-1,1,39500
2559706,1,148910.25
2559706,2,20863.44
2559809-1,1,3643.96
2559809-2,1,3176.39
2559809-2,1,25163.31
2559809-2,2,16356.43
2559909,1,47483.37
2559908,1,58696.27
2559936,1,24979.2
2559936,2,36246.05
4536707,1,21213.23
4536707,2,4008.39
4536707,3,628.95
4536707,4,2406.95
4536707,5,716.69
4536707,6,332.98
4536707,7,264.27
4536707,8,486.25
4536707,9,919.65
4536707,10,174.41
4536722,1,10969.33
4536723,1,371
4536723,2,2837.67
4536723,3,3086.34
2559599,1,193645
2559576,1,59424
2559546,1,61439.71
2559654,1,21420
2559774,1,25486.82
2559786,1,20559
2559744,1,228327.75
2614476-1,1,36466.11
2614476-2,1,33215.75
2614590,1,6295.43
4536684,1,16772.06
4536692,1,22827.72
4536690,1,847
4536690,2,1100
4536690,3,843.8
4536690,4,432
4536690,5,4547
4536690,6,3875
4536663,1,18604.54
4536699,1,15628.5
4536718,1,10800
4536718,2,22604
4536698,1,68030.67
4536698,2,3309.47
4536698,3,2480.03
4536389A,1,19928.17
2559914,1,110282.4
2614468,1,33000
2559481,1,17920
2559481,2,1500
2559614,1,921
2559775,1,24383.77
2559775,2,2069.1
2559775,3,1206.12
2559775,4,25375.87
2559775,5,6227.75
2559789,1,42945
2559790,1,42945
2559791,1,42945
2559766,1,74608.34
2559857,1,37065.6
2559858,1,42914
2559858,2,62055
2559858,3,13749.6
2559858,4,3389.88
2559859,1,6608
2559859,2,8624.37
2559859,3,6393
2559859,4,29.12
2559860,1,17192.49
2559860,2,3508.8
2559860,3,4541.16
2559861,1,27.18
2559861,2,12560.98
2559861,3,4840
2559861,4,73377
2559628,1,51923.14
2559629,1,92628
2559889,1,546266
2559944,1,37710.01
2614521,1,33728.29
2560210,1,26100
2560210,2,1200
2560210,3,660
2560211,1,29300
2560211,2,1800
2560211,3,1110
4536670,1,19583.78
4536670,2,413.16
4536711,1,11102.13
2614584,1,22920
4536727,1,75743.53
4536731,1,24186.5
2559799,1,138960
2559587-A,1,12882.15
2559587-B,1,12882.15
2559587-C,1,12882.15
2559587-D,1,12882.15
2559589,1,60615.31
2559783,1,54100
2559783,2,6835.2
2559922,1,32500
2559943,1,85002.75
2614515-1,1,44367.9
2614515-1,2,45714.49
2614515-1,3,8469.9
2614515-1,4,416.62
2614515-1,5,32580.68
2614515-1,6,242.77
2614515-1,7,352.84
2614515-1,8,8923.72
2614515-1,9,1041.56
2614515-1,1,3712.5
2614515-1,2,22758.05
2614515-2,1,33771.2
2614515-3,1,8235.85
2614515-4,1,150997.11
2614515-5,1,8025.51
2614515-6,1,114190.5
2559903,1,30350.27
2559903,2,6321.41
2560009,1,12862.75
2560009,2,7654.97
2560009,3,41334.28
2559963,1,148050.86
2560036,1,31855.44
2559897-1,1,27559.1
2559897-2,1,45684.26
2559990,1,135489.93
2560092,1,882.6
2560092,2,753.88
2560092,3,9930.7
2560092,4,3402.38
2560092,5,463.17
2560092,6,159.01
2560092,7,1986.3
2560092,8,668.36
2560092,9,405.07
2560092,10,5650.88
2560092,11,4475.14
2560092,12,3120.45
2560092,13,1730.29
2560092,14,1610.94
2560092,15,2815.18
2560092,16,1305.09
2560092,17,9563.12
2560092,18,1307.44
2560092,19,1887.04
2560092,20,322.93
2560092,21,11612.29
2560092,22,14.29
2560092,23,1210.85
2560092,24,370.79
2560092,25,2661.73
2560092,26,66.12
2560092,27,1082.96
2560092,1,12689.93
2560092,2,9455.52
2560092,3,88.77
2560092,4,77.99
2560092,1,8091.59
2560092,2,3940.58
2560092,3,12925.11
2560092,4,603.3
4536701,1,4.17
4536701,2,4.17
4536701,3,17.35
2559805,1,11344.8
2559805,2,89847.93
2559806,1,40966.15
2559806,2,19990.91
2559806,3,7682.06
2559807,1,12210.68
2559807,2,84850.76
2559810-1,1,26978.86
2559810-1,2,15005.41
2559810-2,1,46172.84
4536700,1,13204.43
4536700,2,73286.19
2559804,1,49051.75
2559804,2,13746.61
2559804,3,2764.59
4536691,1,13055.86
4536691,2,916.95
4536726,1,13821.26
4536735,1,652.52
2559837,1,67204.22
2559697,1,20559
2559835,1,51612.92
2559835,2,1643.59
2559835,3,7500.71
4536632,1,48944.59
2559866,1,39257.81
2559866,2,22412.86
2559866,1,1822.36
2559866,1,21280.82
2614544,1,8312.74
2614544,2,19039.3
4536720,1,14846.26
4536720,2,12500
4536740,1,1136.35
2614583,1,13331.55
4536724,1,29996.98
105503738,1,1156700
2559549,1,40887
2614554,1,3537.1
2559931,1,12331.21
2559931,2,756.16
2559931,3,120.89
2559931,4,223.16
2559931,5,237.44
2559931,6,107.2
2559931,7,822.06
2559931,8,1472.39
2559931,9,2146.62
2559931,10,1316.82
2559931,11,1675.26
2559931,12,399.92
2559931,13,159.14
2559931,14,194.7
2559931,1,18483.89
2559931,1,15605.53
2559931,2,3802.69
2559931,3,80657.98
2559700,1,41118
2559698,1,45178.26
2559699,1,32931.14
105503630,1,70110
2559742,1,41740.07
2559822,1,55907.45
2559822,2,99.82
2559823,1,49428.73
2614589,1,213.92
2614589,2,444.11
2559875,1,33965.59
2559875,2,65570.19
2559784,1,181778.77
2614550,1,16025
105503684,1,34829.85
2559883,1,50324.24
2559884,1,59409.23
2559884,2,16054.04
2559955,1,318371
2559977,1,52322.89
2559977,2,560.1
2560140,1,8397.12
2560140,2,3044.01
2560140,1,9620.75
2560140,2,154.8
2560140,3,18.69
2560140,4,24.58
2560140,5,1877.04
2560140,6,1788.44
2560140,7,943.56
2560140,8,54698.56
2560140,9,368.75
2560140,10,545.86
2560140,11,378.18
2560140,12,98.99
2560140,13,5291.26
2560140,14,242.53
2560140,15,1645.57
2560140,16,249.89
2560140,17,1391.1
2560140,18,2290.27
2560140,19,1019.58
2560140,20,2801.9
2560140,21,342.47
2560140,22,4.62
2560140,23,566.53
2560140,24,569.03
2560140,25,373.42
2560140,26,18700.79
2560140,27,2655.85
2560140,28,776.66
2560140,29,4036.92
2560140,30,1425.56
2560140,31,294.28
2560140,32,660.53
2560140,33,729.29
2560140,34,305.06
2560140,1,11506.56
2560140,2,782.19
2560140,3,1299.29
2560140,4,9137.32
2560140,5,1134.02
2560140,6,27474.79
2560140,7,587.42
2614523,1,4437.25
2614516,1,25937.47
2614520,1,4571.25
2614522,1,139.91
2559980,1,18732.09
2560040,1,73021.28
2560003,1,60403.2
2560020,1,60403.2
2559982,1,34398
2560043,1,163057.26
2560188,1,255.45
2560188,2,95.46
2560188,3,2622.7
2560188,1,65997.47
2560188,2,28383.17
2560188,1,1555.93
2560188,2,711.24
2560188,3,187.31
2560188,1,1477.14
2560188,2,299.39
2560188,3,309.59
2560188,4,234.19
2560188,5,326.86
2560188,6,55.45
2560188,7,14.43
2560188,8,288.57
2560188,9,6587.18
2560188,10,3129.41
2560188,11,813.59
2560188,12,4094.11
2560188,13,2375.15
2560188,14,3625.48
2560188,15,2540.35
2560188,16,5885.49
2560188,17,97.11
2560188,18,2522.01
2560188,19,177.48
2560188,20,857.53
2560188,21,8260.72
2560188,22,913.49
2560188,23,167.88
2560188,24,1148.01
2560188,25,64.01
2560188,26,178.05
2560188,27,146.89
2560188,28,882.4
2560188,29,1615.25
2560188,30,570.27
2560188,31,597.76
2560188,32,3376.34
2560188,33,71.98
2560188,34,3277.82
2560188,35,28.22
2560188,36,746.38
2560188,37,763.85
2560188,38,2747.07
2560188,39,3246.54
105503732,1,160992
105503732,1,200616
2560056,1,38621.34
2560056,2,46104
2560056,3,45069.47
2560056,4,2886.18
2560056,5,516.5
4536697,1,1735.51
2560055,1,37739.62
2560055,2,67228.41
2560055,3,1323.85
2560055,4,184.9
2560055,5,1499.34
4536719,1,23467.49
4536719,2,36531.61
4536719,3,16526.4
4536719,4,5288.45
4536719,5,6941.09
4536719,6,5288.45
4536719,7,20658
4536719,8,19831.68
4536719,9,743.69
4536719,10,235532.19
4536719,11,371.84
4536719,12,991.58
105503735,1,104916
4536716,1,21044.4
4536716,2,975
4536671,1,24668.86
2614592,1,44102
2559798,1,41766
4536730,1,11568.48
4536730,2,991.58
4536730,3,544.34
4536730,4,26.34
4536730,5,74.63
4536737,1,45386.3
4536736,1,57000
4536749,1,26524
2559641,1,32418
2559640,1,49138
2559640,2,13336
2559482,1,40952
2559714,1,51490
2559646,1,18466.56
2559811,1,59858.3
2559814,1,58940.77
2614509,1,7970.39
105503664,1,50715
2559961,1,55566
2559935,1,55566
2559953,1,22185
2559957,1,26625
2560200,1,24800
2560200,2,800
2560200,3,100
2560200,4,360
2560201,1,23700
2560201,2,800
2560201,3,100
2560201,4,360
4536687,1,32194.71
2614594,1,7360.84
2614594,2,2082.21
2614594,3,289.26
2614594,4,1631.46
2614594,5,1799.2
2614594,6,295.2
2614594,7,855
2614594,8,59.96
2614594,9,663.36
2614595,1,790.36
2614595,2,2119.6
4536745,1,21472.2
4536747,1,16480.14
4536714,1,1130.26
4536714,2,633.45
4536738,1,8984.52
4536738,2,1465.6
2559817,1,16480.05
2559817,2,2289.39
2559471,1,138800
2559902,1,2416.5
2559902,1,3724
2559902,2,21339.6
2559902,3,49916.74
2559812,1,56952.92
2560220,1,28814.75
2559896,1,53266.5
2560028,1,35024.29
2560029,1,32540.19
2560029,2,1713.58
2560030,1,14820.22
2560030,2,15782.41
2560004,1,188000
4536709,1,32714.37
4536709,2,1255.82
4536709,3,7521.12
2560239,1,66860.64
4536728,1,41102.67
4536728,2,3475.52
4536750,1,449.8
4536758,1,7949.24
4536758,2,2257.87
4536758,3,1239.77
4536758,4,180
4536758,5,194.72
4536758,6,3353.88
4536758,7,2279.68
4536758,8,1569.12
2559802,1,64469
2559803,1,64469
2559451,1,18466.56
2559415,1,95600
2560112,1,36687.4
2560159,1,141120
2559642,1,122856
2559643,1,40952
2614480,1,70377.2
2614480,2,29780.56
2559825-1,1,10222.09
2559825-1,1,22574.29
2559825-1,1,75008.87
2559825-2,1,41202.9
2559825-2,1,6396.33
2559825-2,1,9358.64
2559801,1,64469
105503666,1,34000
105503667,1,95560
2560144,1,220862.25
2560152,1,294483
2559867,1,4013.32
2559867,1,4180.19
2559867,1,13845.74
2559867,2,14631.23
2559867,3,15639.27
2559867,4,28722.18
2559867,5,6676.95
2560121,1,245561
2560057,1,83349
2559987,1,7671.04
2560060,1,36687.4
2560189,1,80976
2560190,1,7198.24
2560190,2,42189.56
2560191,1,26811.68
2560247,1,96481.28
2614539A,1,54784
4536734,1,3454.86
4536734,2,19268.91
4536734,3,3102.06
4536733,1,50041.22
4536744,1,527.12
4536744,2,1140.16
4536744,3,754.1
4536744,4,9666.45
4536744,5,1009.71
4536744,6,630
4536744,7,5027.32
4536744,8,506.98
4536744,9,390.31
4536744,10,148.48
4536744,11,1081.83
4536744,12,3266.69
4536742,1,434.53
4536742,2,11039.79
4536742,3,518.54
4536742,4,26.72
4536742,5,1693.23
4536742,6,822.71
4536742,7,150.28
4536742,8,403.03
4536742,9,199.02
4536742,10,134.85
4536742,11,1437.58
4536742,12,112.98
4536742,13,292.44
4536742,14,100.81
4536742,15,4432.23
4536742,16,266.51
4536742,17,832.85
4536742,18,2959.16
4536742,19,218.28
4536742,20,62.28
4536742,21,7.24
4536769,1,1426.61
2559692,1,34425
2559831,1,51528.61
2559852,1,61439.71
105503688,1,73936
2560027,1,41118
105503665,1,66980
105503668,1,19029
105503679,1,67614
105503681,1,49828
105503682,1,72034
2559828,1,55235.9
2559828,2,6474.78
2559991,1,24560
105503697,1,59935
2559895,1,13235.04
2559895,1,26456.19
2559895,2,25423.64
2559895,1,4493.26
2559895,2,13854.23
4536689,1,4407.63
4536689,2,3794.51
4536689,3,1704.29
4536689,4,6277.74
2614604,1,37500
4536753,1,2362.05
4536767,1,1641.09
4536767,2,143.39
4536765,1,9065.68
2559910,1,32837.27
2559939,1,47227.67
2559927,1,31500
2559829,1,117651.49
2559760,1,152000
2560019,1,34778.89
2560252,1,92162.82
2560141,1,224059.39
2560298,1,6844.83
2560298,2,14238.38
2560298,3,978.49
2560298,4,1229.2
2560298,5,1367.1
2560298,1,10870.59
2560298,2,822.77
2560298,3,3479.55
2560298,4,1055.61
2560298,5,2571.58
2560298,6,1126.23
2560298,7,380.4
2560298,8,4660.28
2560298,9,1528.83
2560298,10,1027.43
2560298,11,10516.06
2560298,12,145.45
2560298,13,402.83
2560298,14,253.04
2560298,15,1326.41
2560298,16,315.15
2560298,17,59.34
2560298,18,71.96
2560298,19,705.77
2560298,20,188.35
2560298,21,18.36
2560298,22,2684.34
2560298,23,4365.99
2560298,24,23249.53
2560298,25,1331.71
2560298,26,981.63
2560298,27,950.39
2560298,28,11379.38
2560298,29,2420.07
2560298,30,2324.1
2560298,31,869.62
2560298,32,54.22
2560298,33,1537.48
2560298,34,589.28
2560298,35,60.51
2560298,36,220.53
2560298,37,433.68
2560298,38,158.56
2560298,39,205.39
2560298,40,1978.23
2560298,1,27879.73
2560299,1,2301.33
2560299,1,887.66
2560299,1,11317.49
2560299,2,641.23
2560299,3,6205.61
2560299,4,1323.31
2560299,5,668.63
2560299,6,352.24
2560299,7,3199.56
2560299,8,1090.34
2560299,9,3161.58
2560299,10,428.83
2560299,11,710.9
2560299,12,2603.84
2560299,13,3801.56
2560299,14,207.23
2560299,15,635.61
2560299,16,77.83
2560299,17,371.13
2560299,18,1087.38
2560299,19,845.97
2560299,20,146.17
2560299,21,3237.76
2560299,22,3232.08
2560299,23,50205.68
2560299,24,1957.92
2560299,25,10244.4
2560299,26,3618.11
2560299,27,7168.06
2560299,28,111.99
2560299,29,15508.11
2560299,30,30.28
2560299,31,12550.85
2560299,1,17292.06
2560299,2,4470.4
4536756,1,19031
105503757,1,131225
105503769,1,242504.85
105503770,1,339153.18
105503771,1,151850.95
4536775,1,154
4536775,2,666
2559701,1,39249
2559715,1,40887
2559850,1,21375
2559788,1,79470
2559738,1,4108.46
2559738,2,3468.31
2559738,3,19171
2559738,4,4833.95
2559738,5,8466.79
2559738,6,8691.09
2559738,7,1412.91
2559738,8,490.61
2559738,9,581.9
2559738,10,2404.95
2559738,11,2199.03
2559738,12,2465.07
2559830,1,34425
2559851,1,22589.13
2559945,1,90584.6
2560039,1,21561.79
4536761,1,3403.24
4536748,1,87480
4536763,1,150809.02
4536763,2,11757.76
4536772,1,16312.08
4536772,2,490.4
4536772,3,982.35
4536768,1,7527.6
2559536,1,46777.76
2559876,1,69608.37
2560265,1,10299.6
2560265,2,23009.06
2560265,3,33741.67
2560265,4,5684.82
2560265,5,2369.84
2560265,6,2472.35
2560265,7,1472.71
2560265,8,696.64
2560265,9,3242.08
2560265,1,66654.9
2560265,1,3768.78
2560265,1,1741.05
2560265,2,724.75
2560265,3,5402.27
2560265,1,8364.45
2560265,1,38551.34
2559911,1,29206.55
2559911,2,11514.08
2559911,3,6942.12
2559911,4,10974
2559911,5,2579.56
2559912,1,5757.04
2559912,2,2128
2559912,3,33588.79
2559912,4,9307.68
2559912,5,2044.9
2559912,6,13688
2559913,1,60450.75
2559913,2,378.84
2559913,3,839.04
2559915,1,40607.6
2559915,2,3232.44
2559916,1,40048.45
2559916,2,3436.72
2559916,3,1481.04
2559916,4,5239.99
2614474,1,37556.58
2614474,2,10791.33
2614507,1,16884.5
2614507,2,24863.38
2559985,1,155470
2560016,1,259575
2560016,2,30000
2560025,1,51054.05
2560025,1,4358.49
2560025,1,29383.29
2560025,1,28953.69
2560025,1,8341.6
2560165,1,62181
105503727,1,1018500
2614543,1,18953.37
2560143,1,62181
4536757,1,15036.54
4536757,2,10265.76
4536757,3,3151.15
4536757,4,11522.98
4536757,5,4695.4
4536757,6,55.79
4536757,7,6270.33
4536757,8,7194.65
4536757,9,2664.76
4536757,10,7206.84
4536757,11,276.54
4536757,12,543.7
4536757,13,1041.12
4536785,1,12837.36
4536785,2,28266.16
4536785,3,270.4
4536785,4,90
4536785,5,687.5
4536785,6,571.79
4536785,7,205.33
4536785,8,172.96
4536785,9,174
2614561,1,9626.65
2614561,2,61818.83
4536774,1,182.4
4536774,2,2675.04
4536774,1,390.53
4536774,2,1672.33
4536774,3,755.86
4536774,4,2294.22
4536774,5,1000.88
4536774,6,178.99
4536774,7,4075.32
2614613,1,545.92
2614613,2,134.4
2614613,3,906.32
2614613,4,213.12
2614613,5,82.32
2614613,6,460.8
2614613,7,982.8
2614613,8,439.04
2614343,1,7248
2614343,2,13648
2559345,1,32364
2559763,1,41431.76
2560082,1,13169.04
2560082,2,3654.2
2560082,3,478.02
2560082,4,614.08
2559879,1,39249
2559846,1,42780
2559998,1,145272.35
2559930,1,31500
105503687,1,63013
105503689,1,42443
105503692,1,40738
2560054,1,155470
2559901,1,26512.5
2559901,2,49400
2559901,3,30080
2559901,4,36480
2559901,5,40960
2614545-2,1,5118.6
2560161,1,21252
2614545-3,1,4398.16
2614545-1,1,23190.14
2614553,1,22359.04
2614553,2,4184.72
2614553,3,3947.14
2614553,4,7188.93
261454510,1,53095.22
2614545-4,1,129.8
2614545-4,2,621.68
2614545-4,3,34.9
2614545-4,4,19.32
2614545-4,5,1308.93
2614545-4,6,22.13
2614545-4,7,111.9
2614545-4,1,84.05
2614545-4,2,2526.11
2614545-4,3,354.03
2614545-4,4,574.05
2614545-4,5,715.61
2614545-4,6,58.76
2614545-4,7,78.39
2614545-4,8,945.4
2614545-4,9,581.29
2614545-4,10,2149.55
2614545-4,11,296.6
2614545-4,12,251.83
2614545-4,13,241.13
2614545-4,14,88.58
2614545-4,15,40.47
2614545-4,16,102.92
2614545-4,17,1059.6
2614545-4,18,7.6
2614545-4,19,2220.54
2614545-4,20,86.6
2614545-4,21,21.52
2614545-4,22,460.96
2614545-4,23,78.44
2614545-4,1,352.28
2614545-4,2,395.46
2614545-4,3,144.38
2614545-4,4,18.97
2614545-4,5,752.94
2614545-4,6,343.56
2614545-4,7,896.19
2614545-4,8,186.53
2614545-4,9,344.21
2614545-4,10,402.78
2614545-4,11,266.05
2614545-4,12,125.46
2614545-4,13,366.49
2614545-4,1,212.58
2614545-4,2,3.4
2614545-4,3,94.55
2614545-4,4,342.55
2614545-4,5,1421.63
2614545-4,6,2809.7
2614545-4,7,35.3
2614545-4,8,590.16
2614545-4,9,158.4
2614545-4,10,279.6
2614545-4,11,2341.1
2614545-4,12,67.72
2614545-4,13,639
2614545-4,14,338.4
2614545-4,15,176.12
2614545-4,1,57.62
2614545-4,2,68.77
2614545-4,3,451.66
2614545-4,4,425.58
2614545-4,5,165.04
2614545-4,1,250.06
2560277,1,35883.53
2559989,1,15325
2560158,1,95747.67
4536783,1,10435
4536746,1,250.97
4536746,2,8982.56
4536746,3,3905.69
4536746,4,1617.7
4536777,1,1110.94
4536777,2,8234.55
4536777,3,772.79
4536777,4,6029.62
4536777,5,2079.84
4536777,6,1547.69
4536777,7,4850.83
4536777,8,704.94
4536777,9,879.85
4536777,10,456.89
4536777,11,288.34
4536777,12,1526.49
4536754,1,68883.68
4536754,2,3350.96
4536754,3,2511.12
4536770,1,2694.3
2559665,1,50680
2559665,2,1200
2559665,3,800
105503705,1,48500
105503706,1,41795
105503707,1,41795
105503708,1,66795
105503709,1,71995
105503710,1,108995
105503711,1,44295
105503712,1,44495
105503713,1,35695
2559855,1,110670
2559797,1,32931.14
105503680,1,56397
2559960,1,73483.8
105503683,1,71469
2559907,1,62308.61
2614490,1,13838.26
105503685,1,63486
105503686,1,68807
105503698,1,63110
105503701,1,47995
105503702,1,59295
105503703,1,25195
105503704,1,39695
105503714,1,45995
105503715,1,77495
2614552,1,4055.2
2560278,1,28814.75
2560292,1,28814.75
2560234,1,25798.5
2560232,1,34398
4536778,1,7398.67
4536790,1,2733.65
4536786,1,564
4536786,2,433.5
4536786,3,7.08
4536796,1,81303.18
2559406,1,27720
2560128,1,41118
2560156,1,41118
2560156,1,41118
2614494,1,91724.84
2614494,2,2370.06
2559877,1,22428
105503672,1,47358
105503677,1,69745
2614511,1,33000
2559964,1,39011.71
2559964,2,52097.82
2559964,3,2301.5
2559964,4,1760.81
2559964,5,8444.6
2559976,1,57813.45
105503691,1,61560
2559968,1,85002.75
2559905,1,82800
2560123,1,54904.5
2560127,1,54904.5
2560075,1,20559
2560108,1,227672
2560026,1,62181
2614572,1,6979.71
2560107,1,41118
4536799,1,28868
4536798,1,9769.76
4536798,2,3856.46
4536798,3,2350.95
2614619,1,37278
2614438,1,61280
2559765,1,38560.94
2559723,1,56778.74
2560041,1,18466.56
2614519,1,9032.32
105503699,1,44081
105503700,1,81691
2559894,1,12446.9
2559894,2,32491.37
2559894,3,6265.61
2559894,4,17086.13
2559941,1,1372.86
2559941,1,6299.17
2559941,2,41322.33
2559941,3,10343.94
2559941,4,10166.38
105503722,1,63211
105503724,1,69824
4536760,1,8741.35
4536760,2,583.5
4536760,3,216.38
2560095,1,20160
2559920,1,36985.96
4536729,1,8311.4
105503737,1,69636
2560115,1,64573.52
2560106,1,16905
4536792,1,3274.74
4536751,1,13083.85
4536814,1,37500
4536818,1,23940.21
4536818,2,7879.6
4536818,3,3706.22
4536824,1,4939.1
2559832,1,32931.14
2559833,1,32931.14
2559919,1,18022.6
2559970,1,193206.66
2559967,1,31736.34
2559967,2,34537.5
2560031,1,22428
2560275,1,29270.18
2560276,1,35094.79
2560215,1,125867.32
2560215,2,50054.42
2560257,1,3967.64
2560257,2,781.37
2560257,3,6582.22
2560257,4,229484.9
2560257,5,64442.29
2560257,6,9933.94
4536815,1,235500
2560136,1,41438.47
2560137,1,40534.05
2614484,1,48926.4
2614484,2,595
2614484,3,11768.2
2614484,4,3745
2560002,1,14524.92
2559862,1,64469
2559863,1,64469
2559864,1,64469
2559856,1,1178.99
2559856,1,4566.25
2559856,2,508.25
2559856,3,7345
2559856,4,4235
2559856,5,12979.75
2559856,1,40086.24
2560195,1,26296.74
105503792,1,245692.5
105503793,1,107847.9
4536809,1,1286.59
4536803,1,795.12
4536803,2,359.6
4536819,1,2028.6
4536819,2,2913.1
4536819,3,6687.6
4536819,1,5105.7
4536819,2,4.7
4536819,3,147
4536819,4,95.19
4536819,5,37.64
4536820,1,832.22
4536827,1,7258.17
4536827,2,6963.22
4536827,3,731.57
4536827,4,1916.71
4536827,5,1085.93
4536827,6,272.95
4536827,7,381.11
4536827,8,2180.27
4536827,9,3783.53
4536827,10,76.6
4536827,11,79.61
4536827,12,1633.82
4536827,13,3023.89
4536827,14,290.22
4536827,15,138.45
2559303,1,29331.92
2559303,2,309
2559303,3,5660.2
2559568,1,4794
2559664,1,14059.96
2559664,2,54223.72
2559840,1,52926
2559845,1,32668.14
2559921,1,64651.94
105503663,1,44050
2559992,1,23327.54
2559993,1,68365.07
2559993,2,8260
2559993,3,3483
2559994,1,50341.78
2559994,2,2792
2559994,3,2950
2559994,4,18.52
2559994,5,3791.1
2559995,1,94540.9
2559995,2,1175.88
2559995,3,7420.8
2559995,4,167
2559995,5,1085.28
2559995,6,2128
2559995,7,422.25
2560051,1,23231.25
2559900,1,54585.5
2559928,1,30965.91
2559928,2,21836.05
2559951,1,82800
2559952,1,82800
2614536,1,9607.17
2559988,1,9213.75
2560042,1,54604.82
2560147,1,26059.53
2560099,1,9282
2560098,1,9282
2560142,1,39900
2560263,1,29256.84
2614578,1,872.83
2614579,1,3558.09
2560264,1,35479.96
4536784,1,612
4536784,2,178.5
4536784,3,3529.2
4536784,4,309.4
2614601,1,18291
4536795,1,581.95
105503795,1,136988
105503798,1,120549
4536801,1,158685.99
4536801,2,23419.2
4536801,3,18463.53
4536801,4,9200.4
4536801,5,7527.6
4536801,6,73.19
4536807,1,58670.51
4536802,1,36447.5
4536802,2,2455
4536793,1,6217.06
4536813,1,34003.13
4536813,2,661.87
4536813,3,38.8
4536813,4,370.32
4536813,5,11.88
4536813,6,5869.88
4536813,7,493.62
4536813,8,1615.08
4536813,9,228.84
4536813,10,22
4536813,11,53.47
4536813,12,11
4536813,13,502.27
4536813,14,3061.9
4536813,15,360.86
4536813,16,102.68
4536813,17,38.51
4536813,18,40.34
4536813,19,69.68
4536813,20,312.45
4536813,21,288.98
4536813,22,567.7
4536813,23,814.14
4536813,24,766.47
4536816,1,39740
4536816,2,28550
4536816,3,5772
2560514,1,47023.09
2560514,2,15776.85
2560514,3,17719.84
2560514,4,9537.7
4536805,1,18609.75
4536811,1,3192.09
4536811,2,693.07
4536811,3,1120.59
4536811,4,1349.47
4536811,5,129.5
4536811,6,2066.58
4536811,7,390.15
4536811,8,175.64
4536811,9,850.09
4536811,10,47.34
4536811,11,4167.95
4536811,12,2172.97
4536811,13,947.17
4536811,14,7517.12
4536811,15,1644.7
4536811,16,3373.93
4536811,17,10268.38
4536811,18,18932.47
4536811,19,13648.79
4536811,20,7654.63
4536811,21,646.27
4536811,22,1362.19
4536811,23,852.7
4536811,24,3463.81
4536811,25,2390.07
4536811,26,6866.11
4536811,27,3209.33
4536811,28,7863.8
4536811,29,17149.54
2614629,1,19500
2614629,2,5144
2614483,1,38029.25
2614525-2,1,5796.43
2614525-1,1,20164.83
2614525-3,1,45849.6
2614525-3,2,258
2614525-3,3,3037.7
2614525-3,4,6665.12
2614525-5,1,24070
2614525-4,1,7622.89
2614525-4,2,5071.44
2614525-7,1,133278.75
2614525-9,1,1960.02
2614525-9,2,2014.8
2614525-8,1,5722.68
261452510,1,143.04
261452510,2,288
261452510,3,240
261452510,4,8000
261452510,5,240
105503723,1,54780.13
2560173,1,245561
2560173,2,245561
2560173,3,245561
2560233,1,94091.36
105503728,1,50880
4536779,1,5709.15
4536779,2,7078.37
4536650,1,15600
2560219,1,60404.2
2614599,1,1292.76
2614599,2,732.71
2614599,3,77.6
2614599,4,5.18
2560266,1,183601.94
2560255,1,250951.79
2614587,1,15703
2560300,1,7468.77
2560300,2,16814.25
2560300,3,6149.92
2560300,4,7375.28
2560300,5,853.18
2560300,6,2741.68
2560300,7,37172.99
2560300,8,1727.98
2560300,1,2650.88
2560300,1,36192.34
2560300,2,22699.03
2560363,1,953.15
2560363,2,328.7
2560363,3,644.66
2560363,4,6202.97
2560363,1,7010.6
2560363,2,2561.39
2560363,3,8580.73
2560363,4,2166.05
2560363,5,5908.05
2560363,6,9016.6
2560363,7,1470.32
2560363,8,1957.98
2560363,9,895.6
2560363,10,1105.08
2560363,11,13083.33
2560363,12,905.8
2560363,1,18508.95
2560363,1,641.42
2560363,2,1428.15
2560363,3,1596.39
2560363,4,272.66
2560363,5,522.19
2560363,6,418.46
2560363,7,298.44
2560363,8,283.28
2560363,9,85.28
2560363,10,287.73
2560363,11,200.26
2560363,12,2143.91
2560363,13,182.76
2560363,14,1768.61
2560363,15,2959.44
2560363,16,72.69
2560363,17,450.64
2560363,18,204.74
2560363,19,182.41
2560363,20,229.02
2560363,21,1060.51
2560363,22,346.93
2560363,23,19341.17
2560363,24,1736.14
2560363,25,2948.31
2560363,26,171.03
2560363,27,1086.14
2560363,28,10120.43
2560363,29,347.05
2560363,30,495.16
2560363,31,3546.8
2560363,32,1754.26
2560363,33,11697.36
2560363,34,53.87
2560363,35,2558.46
2560363,36,436.03
2560363,37,90.34
2560363,38,1345.18
2560363,39,11477.28
2560363,40,92.37
2560363,41,244.22
2560363,42,257.01
2560363,43,980.3
2560363,44,853.59
2560363,45,615.95
2560363,46,573.85
2560363,47,334.75
2560363,48,623.3
2560363,49,258.76
2560363,50,97.69
2560363,51,250.78
2560363,52,142.43
2560363,53,4773.98
2614586,1,14243.79
4536808,1,7972.38
2614634,1,13490.55
4536842,1,37959
2559849,1,11185.5
2559849,2,49827.32
2559849,3,14929.88
2559849,4,1132.8
2559639,1,58614.6
2559542,1,55397.64
2559733,1,20584.92
4536741,1,18.59
4536741,2,46.48
4536741,3,1895.37
4536741,4,125.19
4536741,5,1222.59
4536741,6,150.18
4536741,7,1202.92
4536741,8,2.07
4536741,9,819.92
4536741,10,18.59
4536741,11,952.33
4536741,1,8302.91
4536741,2,0.15
105503671,1,56912
105503674,1,44959
105503675,1,84278
2614489,1,41721.57
2559874,1,240345
2560229,1,51629.68
2560229,2,3168.82
2560229,3,3991.12
2560229,4,1769.92
2560229,5,588.31
2614532,1,53098.92
2560134,1,2920.86
2560134,2,62191.51
2559954,1,226831.5
2559731,1,38606.4
2614524,1,120750
4536797,1,14319.27
4536797,2,2532.64
4536817,1,50930.99
4536817,2,22135.23
4536810,1,12256.08
4536810,2,3581.69
4536810,3,3020.72
4536810,4,6721.75
4536810,5,190
4536810,6,215
4536810,7,80
4536810,8,3180.29
4536833,1,5500
4536833,2,1100
105503800,1,189252
105503800,1,189252
4536821,1,2683.96
4536821,2,865.45
4536821,3,3737.46
4536821,4,4514.23
4536821,5,1188.13
4536821,6,660.31
4536821,7,807.75
4536821,8,715.87
4536821,9,1089.83
4536821,10,2669.01
4536821,11,824.85
4536821,12,393.2
4536821,13,1359.08
4536821,14,160.27
4536828,1,93.68
4536828,2,1567.33
4536828,3,483.02
4536828,4,1150.47
4536828,5,174.33
4536828,6,21422.35
4536828,7,524
4536828,8,2267.27
4536828,9,488.88
4536828,10,338.55
4536828,11,140.52
4536828,12,144.91
4536828,13,1152.66
4536828,14,1734.48
4536828,15,46.11
4536828,16,75.38
4536828,17,10866.51
4536828,18,62.57
4536828,19,172.57
4536828,20,2112.12
4536828,21,1.17
4536829,1,5649.74
4536829,2,15462.89
4536829,3,2118.71
4536829,4,121.49
4536829,5,848.95
4536829,6,56.65
4536829,7,263.47
4536829,8,64.11
4536829,9,275.18
4536829,10,73.19
4536829,11,48.52
4536829,12,230.97
4536829,13,180.04
4536845,1,1944.33
4536845,2,7789.9
4536845,3,1455.65
2559655,1,51528.61
2559693,1,33883.69
2560169,1,14557.5
2560260,1,199218.6
2559745-1,1,158683.01
2559745-2,1,24529.6
2560167,1,16175
2560392,1,155470
2560236,1,16686.24
2560368,1,205077.04
2560368,2,1440.4
2560368,3,927.35
2560368,4,15684.73
2560368,5,29.53
4536804,1,1009.5
4536822,1,71557.21
2559280,1,46585.2
2614473,1,91039.2
2614473,2,22146
2614485,1,15913.5
2614485,2,36372
2614542,1,11113
2560021,1,9282
2560254,1,20811.9
2560254,2,3023.66
2560254,3,14160.41
2560254,4,3255.08
2560254,5,20830.27
2560254,6,60553.26
2560254,7,13171.33
2560254,8,7679.59
2560254,9,683.88
2560254,10,2801.28
2560254,11,45137.92
2560254,12,3443.87
2614593,1,1589
105503760,1,56098
2559937,1,74816.23
2559938,1,74828.8
4536806,1,16559.98
4536806,2,416.08
4536838,1,4518.86
4536838,2,288.34
4536838,3,1997.58
4536838,4,616.01
4536838,5,2634.41
4536838,6,6107.69
4536838,7,192.45
4536838,8,336.4
4536838,9,1146.09
4536838,10,23.3
4536838,11,2575.43
4536838,12,139.37
4536838,13,136.16
4536838,14,66.12
4536838,15,124.08
4536838,16,14.13
4536838,17,798.77
4536838,18,6089.43
4536838,19,65.53
2559769,1,193645
2559769,1,193645
2559769,1,193645
2559917,1,24397.15
2559736,1,57000
2560050,1,66906
2560076,1,66906
2559848,1,78120
2559824,1,11900
2559824,2,3300
2559824,3,2700
2559824,4,1600
2559824,5,3000
2560037,1,66906
2560084,1,58542.75
2559973,1,64469
2559974,1,64469
2559975,1,64469
2560310,1,52408.6
2560181,1,4488.5
2560181,1,38601.78
2560181,1,6819.87
2559839,1,48963.62
2560162,1,98437.65
4536787,1,24200.25
2560172,1,55566
2560010,1,43807.6
2560288,1,90605.32
2614517,1,35123.1
2560132,1,1628.71
2560132,1,21143.35
2560132,2,27347.34
2560132,3,18745.81
2560132,4,9627.02
2560131,1,57458.13
2560182,1,30532.27
2560182,2,25097.19
2560305,1,54035.72
2560305,2,39113.84
2560306,1,51175.53
2560306,2,20328.42
2560307,1,29310.7
2560307,2,57001.55
4536831,1,28152.48
4536831,2,19.44
4536831,3,174
4536831,4,3223.52
4536831,5,3.8
4536739,1,37094
2560186,1,28598.72
2560186,2,12007.43
2560186,3,42825.27
4536825,1,178847.82
4536825,2,5038.98
2560308,1,23146.35
2560308,2,8807.37
2560308,3,2789.6
2560308,4,19250.74
2560308,5,31748.92
2560574,1,1562.1
2560574,2,335235.74
2560574,3,21478.93
2560574,4,67519.89
2560184,1,46421.72
2560184,2,4851.04
2560184,3,24085.69
2560185,1,2237.17
2560185,2,5391.92
2560185,3,9473.06
2560185,1,44370.2
4536830,1,4371.54
4536854,1,360741.36
4536854,2,34950.72
4536855,1,273690.33
4536855,2,11010.06
4536855,3,25279.88
4536855,4,573.2
4536855,5,569.34
4536855,6,218.1
4536841,1,11516.01
105503827,1,591900
4536847,1,27885.68
4536860,1,25213.8
4536860,2,1182.61
4536860,3,6874.36
4536860,4,1397.23
4536869,1,22808.15
4536874,1,11143.81
4536874,2,519.73
4536874,3,4350.92
4536874,4,1459.62
4536874,5,825.91
4536874,6,844.92
4536874,7,2986.06
4536874,8,887.9
4536874,9,1489.2
4536874,10,15440.9
2559996,1,44000
2559996,2,43500
2559996,3,34000
105503690,1,52228
2560077,1,39249
105503729,1,52000
105503730,1,40999
105503716,1,48136
105503717,1,38618
105503718,1,71751
105503731,1,54863
2560130,1,8731.8
2560225,1,113890.88
2560225,2,5093.57
2560166,1,16175
2560100,1,65159.05
2560313,1,96302.7
2560103,1,19000
105503744,1,62860
105503745,1,31270
2560154,1,46550.21
2560154,2,5953.09
2560328,1,531827
2614565-3,1,16145.08
2614565-1,1,63263.89
2614565-4,1,44784.47
2560289,1,65102.26
2560102,1,37654.33
2560192,1,141120
105503756,1,37988.13
2560321,1,197231.81
2560321,2,4269.67
2560321,3,138.28
2614609,1,4991.13
105503758,1,63817
105503761,1,65171
105503764,1,66721
105503765,1,81291
2560287,1,8014.11
2560287,2,39334.27
2560287,3,1145.61
2560287,4,7319.45
2614580-5,1,13447.17
2614580-5,1,34935.16
2614580-5,2,51112.56
2614580-5,3,139469.98
2614580-5,4,14924.31
2614580-5,5,10925.53
2614580-5,6,383.96
2614580-5,7,6.82
2614580-5,8,1490.19
2614580-5,9,5883.16
2614580-5,10,503.9
2614580-5,11,2269.88
2614580-5,12,1670.23
2614580-5,13,559.54
2614580-5,14,1495.97
2614580-6,1,6147
2614580-6,2,11956.4
2614580-6,3,2476.9
2614580-4,1,7491.37
2614580-2,1,2022.09
2614580-2,2,801.72
2614580-3,1,203529.98
2614580-1,1,17495.55
2614580-1,2,32725.37
2614580-1,3,89.23
2614612-1,1,58250.67
2614612-1,2,8987.13
2614612-2,1,39929.98
2614612-2,2,8987.13
2560465,1,168.55
2560465,1,1385.74
2560465,2,2758.67
2560465,3,2693.41
2560465,4,1059.46
2560465,5,5314.86
2560465,6,669.63
2560465,7,1133.46
2560465,8,5826.3
2560465,9,140.17
2560465,10,2557.85
2560465,11,12849.72
2560465,12,1786.85
2560465,13,1180.38
2560465,14,730.62
2560465,15,3729.39
2560465,16,5033.67
2560465,17,985.73
2560465,18,705.06
2560465,19,364.04
2560465,20,29289.82
2560465,21,185.97
2560465,22,20.49
2560465,23,161.42
2560465,24,532.69
2560465,25,467.53
2560465,26,537.71
2560465,27,1677.25
2560465,28,3829.62
2560465,29,245.42
2560465,30,1140.44
2560465,31,236.66
2560465,32,2370.56
2560465,33,1136.98
2560465,34,15811.53
2560465,35,1943.3
2560465,36,777.25
2560465,37,189.28
2560465,38,25.44
2560465,39,59.6
2560465,40,1905.77
2560465,41,3860.64
2560465,42,5837.08
2560465,43,624.55
2560465,44,192.09
2560465,45,1741.6
2560465,46,8263.26
2560465,47,947.62
2560465,48,1185.05
2560465,49,733.07
2560466,1,4556.88
2560466,2,5825.32
2560466,3,2321.54
2560466,4,3492.48
2560466,1,2099.14
2560466,2,125.92
2560466,3,884.97
2560466,4,785.16
2560466,5,1669.86
2560466,6,3891.64
2560466,7,1120.54
2560466,8,1469.21
2560466,9,268.74
2560466,10,2624.36
2560466,11,3234.32
2560466,1,63752.19
2560466,2,12802.82
2560466,3,208.14
2560466,4,114.39
2560466,5,4730.69
2560466,6,3975.9
2560466,7,4071.16
2560466,8,87.11
2560466,9,7012.18
2614626,1,11631
2614628,1,2373
4536843,1,6050
4536862,1,151.87
4536862,2,778.59
4536862,3,153.78
4536862,1,10124.1
2614646,1,37278
4536866,1,2327.22
4536866,2,4151.43
4536866,3,384.27
4536866,4,1279.11
4536866,5,1616.96
4536866,6,113.34
4536866,7,300.08
4536866,8,215.88
4536866,9,181.34
4536866,10,107.94
4536840,1,1300
4536856,1,885.86
2560000,1,38171
2560022,1,152218.5
2560052,1,22428
2560053,1,64125
2614537,1,12297.6
2614537,2,10528.28
2560238,1,290819.88
2560240,1,52566.48
2560240,2,2264.41
2560240,3,5430.23
2560240,4,2892.42
2560094,1,9240
2614582,1,15233.85
4536876,1,677.12
2560023,1,22509.38
2560024,1,53361
2560038,1,55200.48
2614549,1,400
2560133,1,137460.79
2559918,1,22428
2560163,1,139312.58
2560164,1,138284.46
2560246,1,491350
2560273,1,17661.71
2560259,1,38543.12
2560259,2,6937.85
4536844,1,32130.59
4536844,2,289.56
4536844,3,10076.99
4536852,1,106.91
4536852,2,2.02
4536852,3,2946.99
4536852,4,863.94
4536852,5,2696.78
4536865,1,61480
4536850,1,460
4536771,1,200.25
2559535,1,46868.1
2559827,1,34848.94
2559827,2,34211.57
2560083,1,85002.75
2560065,1,39979.98
2560061,1,26880
2560286,1,95482.68
2560116,1,139815.29
2560402,1,170949.01
2560067,1,39979.98
2560066,1,39979.98
2614637,1,29190
2560438,1,28265.89
2614640,1,58380
4536870,1,16318.23
4536870,2,4315.5
4536870,3,923.02
4536870,4,2383.75
4536870,5,25749.01
4536780,1,9307
4536878,1,2923
4536878,2,1525.52
4536878,3,2893.65
4536878,4,1615
2559656-B,1,15810
2614482,1,22000
2559888,1,29246.4
2560227,1,41180
2560227,2,22000
2560227,3,3950
2560120,1,123358.9
2560297,1,29797.8
2560297,2,2098.42
2560297,3,8429.62
2560297,4,74.61
2560297,5,822.72
2560297,6,43765.03
2614591,1,43945.65
2560430,1,32196.21
2560431,1,18872.31
2560436,1,18872.31
2560407,1,23329.57
2560451,1,78564.47
2560317,1,15183.64
2614610,1,10111.68
2560435,1,60403.2
2560230,1,108444.45
2560391,1,53562.05
2560496,1,59723
2614618,1,8265.3
2614605-1,1,360611.82
2614585-6,1,313.65
2614585-6,2,261.38
2614585-6,3,4176.77
2614585-6,4,1254.6
2614585-6,5,20.91
2614585-6,6,297.97
2614585-6,7,1304.78
2614585-6,8,255.1
2614585-6,9,266.6
2614585-6,10,614.75
2614585-6,11,475.7
2614585-7,1,5675.81
2614585-8,1,24129.9
2614605-2,1,337
2614605-2,2,50600.33
2614605-2,3,8471.97
2614605-2,4,5001.79
2614605-2,5,119941.77
2614585-1,1,14551.8
2614585-2,1,16355.95
2614585-4,1,49362.86
2614585-5,1,51733.01
2560373,1,127174.88
2560473,1,29227.16
2560473,1,67791.65
2560474,1,1628.81
2560474,1,84209.4
2614607,1,6211.97
2560531,1,31962.44
2614648,1,24463.69
2560059,1,46320
4536889,1,2628.77
2560104,1,46320
4536894,1,6570.49
4536894,2,2653.21
4536894,3,19511.3
2614541,1,197772.58
2614541,2,28876.8
2614557-1,1,9436
2614557-1,2,8568
2614557-2,1,38417.73
2614557-2,2,56096.53
2614557-2,3,11719.93
2560119,1,226831.5
105503740,1,66331
105503741,1,90080
105503786,1,80119
2560261,1,63040.87
2560261,2,5478.11
105503806,1,45016
2560248,1,46344.48
2560249,1,49744.24
2560250,1,57686.12
4536853,1,4981.16
4536881,1,1564.77
4536873,1,43398
4536880,1,21940.34
4536880,2,217.42
4536880,3,42.78
4536880,4,2827.26
2559836,1,113799.8
2560044,1,80500
2560044,2,10320
2560341,1,302060.48
2560271,1,64000.13
105503759,1,60564
105503762,1,69447
105503763,1,48378
2614597,1,19070.45
2614608,1,7984.94
4536882,1,6500
4536882,2,25760
2559737,1,51556.14
2559962,1,3706.61
2559962,2,1062.94
2559962,3,650.63
2559962,4,8284.87
2559962,5,906.88
2559962,6,274.57
2559962,7,3092.77
2559962,8,8976.91
2559962,9,11140.85
2559962,10,6184.02
2559962,11,20900.36
2559962,12,1441.4
2559962,13,515.06
2559962,14,2822.75
2559962,15,450.44
2559962,16,9611.36
2559962,17,2097.24
2559986,1,49385
2559929,1,19980
2560072,1,435974.92
2560327,1,145371.89
2560011,1,63773.27
2560171,1,34019.77
2560228,1,48942.27
2560170,1,51029.66
2560218,1,116211.54
2560326,1,83349
2560180,1,64625.11
2560426,1,91280
2560426,2,5286.4
2560197,1,186619.58
2560361,1,2503.3
2560361,2,6775.02
2560361,3,56251.21
2560361,4,16817.66
2560361,5,3667.86
2560361,6,20431.46
2560361,7,12358.95
2560361,8,19539.79
2560361,9,540.06
2560361,10,91377.37
2560361,11,55837.1
2560361,12,9589.73
2560361,13,10396.8
2560483,1,216655.35
2560441,1,78280
4536861,1,541
4536884,1,32.58
4536884,2,32.58
4536884,3,32.58
4536884,4,32.58
4536884,5,32.58
4536864,1,106
4536864,2,915
4536864,3,619.2
4536864,4,3763.52
4536864,5,684
4536864,6,442.25
4536864,7,23.75
4536864,8,478
4536864,9,162
4536864,10,982.3
4536864,11,123.5
4536864,12,335.7
4536864,13,1446
4536864,14,5703.18
4536864,15,551
4536864,16,475
4536864,17,490.5
4536864,18,3733
4536864,19,5755.28
4536864,20,1029.76
4536864,21,2600.06
4536864,22,2309
4536864,23,210
4536864,24,289.5
4536899,1,199
4536903,1,7434.54
4536903,2,3
4536903,3,6619.94
4536903,4,1386.63
4536903,5,218.1
2614654,1,5144
2614657,1,19500
4536909,1,7888.03
4536909,2,3868.8
4536909,3,1898.32
4536909,4,525.32
4536909,5,1157.42
4536909,6,2741.86
4536909,7,57.9
4536909,8,1445.59
2560231,1,39979.98
2560035,1,577233.64
105503719,1,59506
105503721,1,49846
2560256,1,88750
2560139,1,88750
2560196,1,122451.24
105503739,1,40200
2560155,1,45786.29
2560155,2,34212.92
2560309,1,7868.45
2560309,1,30077.68
2560309,2,19688.29
2560309,3,16929.24
2560482,1,288873.8
2560464,1,155470
2560577,1,16417.52
2560577,2,203.92
2560577,1,7995.36
2560577,2,2451.45
2560577,3,850.48
2560577,4,1073.56
2560577,5,4359.53
2560577,6,23873
2560577,7,682.2
2560577,8,1013.56
2560577,1,1778.19
2560577,2,364.7
2560577,3,212.36
2560577,4,1268.71
2560577,5,475.46
2560577,6,82.11
2560577,7,242.58
2560577,8,201.44
2560577,9,502.29
2560577,10,54239.78
2560577,11,4577.18
2560577,12,6598.6
2560577,13,688.51
2560577,14,458.43
2560577,15,1390.04
2560577,16,659.24
2560577,17,104.17
2560577,18,61.56
2560577,19,2481.23
2560577,20,11447.72
2560577,21,264.02
2560577,22,3540.55
2560577,23,302.81
2560577,24,4249.37
2560577,25,2870.96
2560577,26,758.07
2560577,27,1258.95
2560577,28,4608.15
2560577,29,385.31
2560577,30,150.98
2560577,31,1565.85
2560577,32,3361.6
2560577,33,53.32
2560577,34,1003.11
2560577,35,1383.55
105503832,1,217180
4536891,1,46729.14
4536885,1,986.13
4536898,1,2776.21
4536898,2,12.99
4536898,3,411.95
4536898,4,1228.48
4536900,1,6272.8
2614641,1,2200
2614641,2,80
2560153,1,18054.75
2560504,1,69616
2560504,2,2910
4536914,1,29610.54
4536914,2,22788.26
2559615,1,19279.3
2614514,1,13060
2614514,2,4320
2614514,1,4351.18
105503693,1,45247
105503720,1,69333
105503743,1,44050
2560332,1,31630.37
2560332,2,13968.95
2560332,3,17033.24
2560332,4,15478.97
2614530,1,8344.24
2614530,2,799.2
2614530,3,515.04
105503746,1,61295
105503747,1,72295
105503748,1,44995
105503749,1,47795
105503750,1,61395
105503751,1,44495
105503752,1,47695
105503753,1,48995
105503754,1,56495
105503755,1,39000
2560329,1,138432
2560495,1,4047.63
2560495,2,10308.9
2560495,3,3262
2560495,4,2660
2560397,1,32026.16
2560398,1,28788.25
2560469,1,29917.54
2560470,1,38048.73
2560471,1,31344.47
2560063,1,64469
2560064,1,64469
4536886,1,9030.62
4536886,2,6918.57
4536886,3,4350.55
4536858,1,68000
2560062,1,64469
2614643,1,9423
2614627,1,17195
2560080,1,37800
2559997,1,65577.6
2560006,1,31620
2560117,1,63773.27
2560081,1,123041.26
2560081,2,7316
2560081,3,3316.82
2560081,4,19905.3
2614568,1,1667.2
2560187,1,50688.48
105503787,1,95407
2560135,1,42258.36
2560135,2,8043.5
2560135,3,10075.65
2560135,4,8003.15
105503788,1,34995
2560386,1,14508.27
2560386,2,20537.14
2560386,3,60664.88
2560386,4,55552.53
2560386,5,2337.36
2560386,6,19376.41
2560386,7,1846.99
2560386,8,2395.44
2560007-A,1,35343
2560521,1,28265.89
4536888,1,796.69
4536902,1,11438.78
4536902,2,15843.78
4536902,3,1919.87
4536902,4,11503.95
4536902,5,384.74
4536902,6,961.47
4536902,7,21.88
4536902,8,2609.8
4536902,9,330.81
4536902,10,33.66
4536902,11,1361.5
4536902,12,9.64
4536902,13,59.51
4536902,14,572.9
4536902,15,397.74
4536902,16,949.99
2560749,1,2527.54
2560749,2,1404
2560749,3,1756.25
2560749,4,3442.61
2560749,5,473.5
2560749,6,435
2560749,7,406.25
2560749,8,849
2560749,9,116.1
2560749,10,1078.35
4536904,1,19019.15
4536904,2,8853.94
4536904,3,27679.09
4536887,1,2972.21
4536887,2,2453.79
2560058,1,53523.89
2614662,1,34347.67
2614667,1,34347.67
2614672,1,2623.1
4536908,1,2245.36
4536927,1,29434.5
2560280,1,332112.27
4536943,1,4296.9
2559978,1,93000
2559978,2,45500
2560217,1,47717.38
2560217,2,39949.88
2560312,1,139190.44
2560354,1,166403.93
2614615,1,14649.4
2560367-1,1,2642.67
2560367-2,1,68953.52
4536839,1,35567.13
4536896,1,1093.6
4536936,1,8115.9
4536905,1,36575.3
4536905,2,26561.83
4536905,3,34855.15
4536906,1,514.58
4536906,2,1012
4536906,3,18.46
4536912,1,1056.25
4536897,1,1298
4536910,1,1153.5
4536922,1,50824.57
2614668,1,22826.5
4536926,1,1125.84
4536926,2,52.44
4536926,3,53.6
4536933,1,2568
2614673,1,6295.43
2560600,1,4309.5
2560600,2,4562.5
2560600,3,44190
2560600,4,11812.5
2560600,5,4912.5
2560600,6,1660.8
2560600,7,7651.2
2560600,8,3040
2560600,9,4700
2560221,1,569030
2560241,1,569030
2560272,1,465570
2560291,1,465570
2560096,1,116211.54
2560149,1,34532.86
2614533,1,57735.9
2614533,2,19231.46
2560178,1,22844.43
2560324,1,294483
2560381,1,60110
2614652,1,6569.83
2614652,2,380.25
4536913,1,1419.6
4536892,1,133.29
4536892,2,179.17
4536892,3,3721.06
4536892,4,430.45
4536946,1,2568
105503899,1,1154500
4536945-1,1,2568
2560124,1,64469
2560125,1,64469
2560599,1,9400
2560599,2,7770
2560599,3,42500
2560285,1,56308.79
2560001,1,16572.36
2560183,1,114486.03
2560126,1,64469
2560179,1,146950.13
105503789,1,40200
105503790,1,66500
105503801,1,56381
2560445,1,67228.72
2560447,1,260000
2560476,1,49800
2560777,1,91280
2560777,2,5286.4
4536916,1,10950
4536929,1,17055.67
4536929,2,6178.48
4536929,3,312.81
4536932,1,638.51
4536932,2,23530.37
4536932,3,3870.15
2559843,1,32097.4
2559844,1,32291.44
2559966,1,162800
2559966,2,78240
2559966,3,44712
2560048,1,39249
2560346,1,40732.9
2560347,1,37816.03
2560480,1,14557.5
2560282,1,46180.48
2560284,1,35577.45
2560284,2,11999.38
2560593,1,6178.07
2560593,2,46615.25
2560593,3,308.22
2560593,4,3063.64
2560593,5,93932.34
2560593,6,38070.74
2560593,7,8911.72
2560593,1,68192.04
2560593,1,38770.48
2560593,1,28210.11
2560593,1,52595.55
2560534,1,21539.86
2614621,1,4612.49
2560283,1,138043.24
105503866,1,141336
105503867,1,217440
2614671,1,34347.67
2614670,1,34347.67
4536931,1,417213
4536931,2,12176.64
4536931,3,15046.85
4536931,4,31833.22
4536931,5,21917.95
4536931,6,6523.2
4536931,7,2783.23
4536931,8,6088.32
4536931,9,1043.71
4536931,10,2609.28
2614674,1,19500
4536934,1,7641.21
4536934,2,2396.51
4536934,3,8.3
4536934,4,75.34
4536934,5,129.38
4536934,6,2732.13
4536934,7,2047.2
4536934,8,423.14
4536934,9,570.4
4536934,10,598.94
4536934,11,232.88
4536934,12,88.28
4536934,13,49.47
4536934,14,60.81
4536934,15,242.01
4536934,16,343.99
4536934,17,48.93
4536934,18,114.16
4536934,19,905.64
4536934,20,142.31
4536934,21,628.24
4536934,22,7610.4
4536934,23,1704.73
4536934,24,1090.57
4536934,25,2782.14
4536934,26,738.21
4536934,27,49.47
4536934,28,716.9
4536934,29,203.96
4536934,30,15.22
4536934,31,324.96
4536934,32,121.77
4536934,33,57.84
4536934,34,310.5
4536934,35,1925.43
4536934,36,397.26
4536934,37,143.08
4536934,38,5.78
4536934,39,1424.67
4536934,40,2297.58
4536934,41,104.26
4536934,42,4505.36
4536934,43,318.11
2559934,1,34425
2560129,1,1819
2560129,2,116975.5
2560129,3,43124.61
2560129,4,91042.5
2560129,5,7823.6
2560129,6,2806.12
2560109,1,59728.64
2560110,1,21513.19
2560110,2,34599.37
2560348,1,1980.92
2560348,2,4701.73
2560348,3,9835.89
2560348,4,5919.59
2560348,5,9538.63
2560348,6,6531.01
2560348,7,166.54
2560348,8,326.05
2560348,9,180.58
2560348,10,16377.83
2560348,11,2347.55
2560348,12,331.07
2560348,13,2118.82
2560348,14,687.86
2560348,15,613.98
2560348,16,512.05
2560348,17,0.01
2614569,1,68234.04
2614570,1,7876.8
105503773,1,55895
105503774,1,51695
105503775,1,68495
105503776,1,70995
105503791,1,24527.5
2560489,1,49716.8
105503815,1,97867
4536901,1,4055.26
4536942,1,16308
4536951,1,4162.85
4536951,2,78.71
4536951,1,4158.66
4536951,2,1311.54
4536951,3,45.34
4536930,1,2183.53
4536930,2,74.7
4536947,1,10298.92
4536954,1,2111.4
4536954,2,3947.4
4536954,3,255
4536954,4,435.2
4536964,1,27761.52
4536966,1,3587.34
4536968,1,10574.1
2559820,2,69235
2559820,1,27019
2560237,1,133665
2559959,1,53149.6
2560216,1,63773.27
4536939,1,15893.89
2560281,1,52590.55
2560294,1,64125
2560311,1,60988.29
2560311,2,8352.25
2560478,1,16175
2560479,1,16175
2560475,1,32350
2560477,1,33200
2614644,1,15355
105503829,1,34652.8
2560688,1,2615.48
2560688,2,486.02
2560688,3,8981.87
2560688,4,6173.85
2560688,5,1440.53
2560688,6,1986.29
2560688,7,64.85
2560688,1,2385.06
2560688,2,3114.4
2560688,3,2666.57
2560688,4,247.87
2560688,5,1708.08
2560688,6,2389.33
2560688,7,703.48
2560688,8,358.48
2560688,9,116.73
2560688,10,1497.49
2560688,11,2726.08
2560688,12,1940.25
2560688,13,3217.21
2560688,1,78288.24
2560688,2,2202.24
2560688,3,1258.81
2560688,4,524.9
2560688,5,388.43
2560688,6,857.34
2560631,1,28265.89
4536915,1,186426.41
4536915,2,5253.38
4536911,1,13695.8
4536935,1,10303.39
4536944,1,4656
4536948,1,8081.61
4536948,2,996.54
4536958,1,41027.24
4536958,2,8566.48
4536958,3,5744.69
4536958,4,6318.88
4536965,1,4.25
4536965,2,4.25
4536965,3,17.72
2614676,1,37278
2560224,1,22428
2560243,1,89812.2
2559926,1,53297.64
2560097,1,21420
2560101,1,74471.23
2560396,1,76570.2
2560079,1,49385
2560293,1,87158.66
2560244,1,20167.4
2560244,1,41118
2560295,1,41118
2614535,1,72298.1
2614535,2,18124.92
2614574,1,4857.64
2614574,2,858.38
2560296,1,113399.24
2560406,1,56699.62
2560459,1,28349.81
2560356,1,113399.24
2560380,1,96621.23
2560343,1,64469
2560344,1,64469
2560345,1,64469
2560355,1,28499.5
2560005-C,1,15810
2560005-D,1,15810
2560005-F,1,15810
2614623,1,24641.55
2560376,1,62627
2560376,2,430936
2560325,1,325880
2560325,2,10392
4536950,1,11852.07
2560195-A,1,26296.74
2559355,1,54676
4536940,1,4108.12
2560330,1,55566
2559958,1,64918
2560388,1,13662
2560304,1,40217.65
2560304,2,29640.44
2614600,1,31430
2614600,2,58740
2614600,3,14572
105503794,1,47358
2560422,1,2089.38
2560422,2,39641.79
2560422,3,2411.7
2560422,4,816
2560423,1,42033.88
105503799,1,114639
2560513,1,55566
2560450,1,437144.4
2560005-G,1,15810
105503822,1,61995
105503823,1,44995
105503824,1,44995
105503825,1,51295
105503826,1,45495
2560559,1,17805.92
2560559,2,26727.03
261462010,1,14330.92
261462010,2,3896.46
261462010,3,4023.52
261462010,4,547.58
261462010,5,11.24
261462010,6,0.6
261462010,7,991.98
261462010,8,181.84
261462010,9,9.84
261462010,10,1051.48
261462011,1,10653.37
261462012,1,18375.36
261462015,1,20423.52
261462014,1,1925.69
261462014,2,29983.93
261462014,3,1620.45
261462014,4,4684.98
261462014,5,1989.21
2560558,1,161967.1
2560590,1,12489.4
2560590,2,23346.84
2560591,1,63363.68
2560494,1,88811.28
2560557,1,129102.96
105503859,1,32000
2614620-3,1,8465.33
2560526,1,60403.2
2560268,1,92640
4536938,1,235500
4536981,1,22805.15
2614620-1,1,548.21
2614620-1,1,337.77
2614620-1,2,9.25
2614620-1,3,1145.68
2614620-1,4,34.07
2614620-1,5,263.65
2614620-1,1,200.24
2614620-1,2,205.54
2614620-1,1,1433.27
2614620-1,2,633.06
2614620-1,3,39.73
2614620-1,4,496.58
2614620-1,5,140.26
2614620-1,6,1637.21
2614620-1,7,216.04
2614620-1,8,480.17
2614620-1,9,463.85
2614620-1,1,548.65
2614620-1,2,21.74
2614620-1,3,19.31
2614620-1,4,959.08
2614620-1,1,653.49
2614620-1,2,412.64
2614620-1,3,367.52
2614620-1,4,41.11
2614620-1,5,663.43
2614620-1,6,1613.14
2614620-1,7,61.19
2614620-1,8,580.31
2614620-1,9,57.66
2614620-1,10,914.23
2614620-1,11,8.96
2614620-1,12,106.71
2614620-1,13,44.67
2614620-1,14,56.12
2614620-1,15,224.2
2614620-1,16,117.85
2614620-1,17,403.06
2614620-1,18,121.04
2614620-1,19,32.35
2614620-1,20,98.58
2614620-1,21,24.74
2614620-1,22,9.55
2614620-1,23,171.65
2614620-1,24,207.3
2614620-1,25,128.97
2614620-1,26,506.55
2614620-1,1,691.14
2614620-1,2,29.37
2614620-1,3,326.04
2614620-1,4,1114.84
2614620-1,5,134.18
2614620-1,6,135.2
2614620-1,7,235.8
2614620-1,8,111.1
2614620-1,9,1523.2
2614620-1,10,311
2614620-1,11,35
2614620-1,12,4197.8
2614620-1,13,562.8
2614620-1,14,154.5
2614620-1,15,50.4
2614620-1,1,399.16
2559842,1,33210.52
2560005-A,1,15810
105503772,1,1154500
2560122,1,10592.19
2560122,2,48626.71
2560148,1,24627.97
2560148,2,40349.97
2614466,1,75538
2560269-1,1,42457.46
2560269-1,2,4069.11
2560269-1,3,26435.37
2560269-2,1,2358.84
105503811,1,62889
2560005-B,1,15810
2560553,1,52777.99
2560492,1,59650.72
2560492,1,22836.86
2560492,1,25451.52
105503903,1,93109
105503903,1,92229
105503903,1,85176
105503903,1,171707
4536941,1,4521.55
4536941,2,2701.6
4536941,3,223.63
4536941,4,48.95
4536941,5,143.92
4536973,1,3925.54
4536973,2,1.73
4536973,3,22.27
4536973,4,245.59
4536973,5,475.07
4536973,6,3271.83
4536989,1,4016.88
2560073,1,40887
2560074,1,20443.5
2560301,1,163170
2560421,1,10080
2560393-A,1,19250.7
2560199,1,45877.84
2560314,2,28349.81
2560005-E,1,15810
2560340,1,53705.2
2560387,1,208714.05
2560428,1,138432
4536879,1,270150
2560113,1,135838.8
2560113,2,23292.36
2560113,3,5000
2560113,4,800
2560626,1,38172.24
2614639,1,1560.55
2614638,1,3538.8
2560512,1,49325.06
2560512,2,4541.35
2560666,1,26530.97
2560738,1,40125
2560738,2,58920
2560681,1,206661.28
4536937,1,11944.8
4536949,1,35074.5
4536971,1,12930
4536980,1,51868.8
4536980,2,12102.72
4536980,3,691.58
4536980,4,33628.27
4536980,5,43915.58
4536980,6,39938.98
4536980,7,4529.88
4536980,8,311.21
4536980,9,207.48
4536980,10,3976.61
4536980,11,1383.17
4536980,12,1383.17
4536980,13,778.03
4536980,14,1037.38
4536987,1,11545.8
4536987,2,6466.67
4536987,3,139.6
4536990,1,10849.66
2560160,1,36109.5
2560070-1,1,39563.27
2560070-1,2,126239.19
2560070-2,1,24725.06
105503733,1,63406
105503734,1,55425
2560270,1,5248.03
2560270,2,151087.06
105503767,1,42947
105503768,1,42947
2614625-2,1,9224.35
2614625-2,2,47724.8
2614625-1,1,11799
2614645-2,1,4322.4
2614645-4,1,2700.58
2614645-3,1,56043.44
2614645-3,2,10320.71
2614645-3,3,225.94
2614645-5,1,24014.29
2614645-5,2,3571.16
2614625-3,1,29002.02
2560617,1,19447.57
2560618,1,20561.29
2560618,2,20245.89
2560618,3,6.49
2560669,1,19447.57
2560403,1,16669.35
2560403,2,4714.92
2560408,1,33307.7
2560636,1,87082.34
4536953,1,378.55
4536953,2,385.23
4536953,3,330.67
4536953,4,3880.16
4536953,5,256.08
4536953,6,934.14
4536953,7,1319.37
4536953,8,2211.19
4536953,9,160.33
4536953,10,339.58
4536953,11,436.45
4536953,12,1774.74
4536953,13,89.08
4536953,14,4659.53
4536953,15,133.6
4536923,1,1183
2560632,1,151812.28
4536970,1,26398
4536983,1,7992
4536983,2,3240
4536983,3,2592
4536983,4,2840
4536982,1,17677.25
4536982,2,565.73
4536982,3,1378.74
2560638,1,33307.7
4536993,1,649.3
4536993,2,4818.66
4536993,3,460.03
4536993,4,2995.01
4536993,5,1024.8
4536993,6,13094.11
4536993,7,381.49
4536993,8,648.35
4536991,1,3519.88
4536991,2,441.65
4536991,3,49.81
4536991,4,747.15
4536991,5,1520.85
4536991,6,918.71
4536991,7,2966.44
4536991,8,325.43
4536991,9,398.48
4536991,10,1354.82
2559656-A,1,15810
2560047,1,102217.5
2560150,1,30564
2560150,2,4137.6
2560045,1,28708.84
2560045,2,25771.84
2560045,3,307
2560046,1,63501.2
2560444,1,160062
2560198,1,38729.42
2560359,1,262238
2560394,1,40334.8
2614562,1,78000
2560253,1,12639.59
2560253,2,1913.79
2560253,3,4138.31
2560253,4,6633.69
105503807,1,59470
105503808,1,78240
105503809,1,44509
105503810,1,75493
2560460,1,76570.2
2614659,1,5040
2614660,1,22652
105503843,1,60183
105503844,1,56499
105503846,1,43748
105503847,1,40870
105503848,1,47441
105503849,1,52341
105503850,1,65000
105503851,1,47436
105503852,1,45355
105503853,1,62826
2560463,1,155470
2560222,1,39456.52
2614625-4,1,15535.35
2560223,1,37582.2
2560707,1,65875.89
105503868,1,140322
2560570,1,60996.6
2560613,1,28499.5
4536952,1,5675
4536952,2,325
4536967,1,36021.74
2560723,1,21862.37
4536986,1,5028.71
4536986,2,18329.7
4536986,3,15106.54
4536986,4,29522.32
4536986,5,9204.7
4536986,6,20604.96
4536986,7,500.68
4536986,8,205.33
4536986,9,187.66
4536986,10,225.28
4536986,11,315.96
4536986,12,1451.13
4536988,1,1795.31
4536988,2,242.01
4536988,3,1579.03
4536988,4,956.98
4536988,5,5094.81
4536988,6,207.91
4536978,1,6317.94
4536992,1,1100
4536975,1,14600
2560342,1,138960
2560068,1,26495.62
2560168,1,50745
2560395,1,113997.99
2560105,1,110670
2614526,1,13600
2560267,1,18748.8
2560374,1,56699.62
2560424,1,57427.65
2560331,1,83121.64
2560358,1,27253.8
2560413,1,45230.74
105503812,1,42295
2560520,1,1769.33
2560520,2,114359.08
2560365,1,65588.01
2560487,1,26319.64
2560493,1,8844
2560493,2,64024.5
2560493,3,728.7
2560670,1,406080
2560555,1,49744.24
2560555,1,5772.52
2560566,1,44358.1
2560566,2,170660.63
2560566,3,562.5
2560506,1,24699.93
2560486,1,31189.49
2560568,1,39140
4537005,1,1361
2560393-B,1,19250.7
2560752,1,28265.89
2614653,1,32724.51
4536998,1,166.14
2560014,1,81868
2560014,2,27495.4
2560014,3,3091.6
2559838,1,56952.92
2560069,1,26745.94
2559940,1,43807.6
2560320,1,267330
2560507,1,46958.99
2560509,1,36479.45
2560509,2,16354.6
2560509,3,14995.81
2560509,4,308
2560509,5,1332
2560508,1,32367.27
2560508,2,16354.5
2560508,3,7040
2560508,4,5208.58
2560510,1,10846.7
2560510,2,1248
2560510,3,111213.28
2560510,4,10053
105503817,1,94247
2560548,1,48162.58
2560454,1,138197.3
2560455,1,133187.2
2614645-1,1,58896.63
2614645-1,2,207.58
2614645-1,3,1634.38
2560692,1,18619.04
2560692,2,56023.57
4536995,1,2863.96
4536995,2,336
4536995,3,15409.18
2560775,1,40662.26
2560775,1,2501.35
2560775,2,9660.36
2560775,3,3349.66
2560775,1,8583.94
2560775,2,3360.65
2560775,3,3132.14
2560775,4,4180.51
2560775,5,3670.07
2560775,6,21749.63
2560775,7,5821.3
2560775,8,91.07
2560775,9,7554.57
2560775,10,4317.64
2560775,11,20619.28
2560775,12,120.43
2560775,13,3647.11
2560775,14,1012.07
2560775,15,7717.41
2560775,16,1997.58
2560775,17,2469.66
2560775,18,725.36
2560775,19,235.96
2560775,20,3025.82
2560775,21,1907.15
2560775,22,5784.66
2560775,23,711.72
2560775,24,6246.71
2560775,25,3042.15
2560775,26,2282.63
2560775,27,7908.85
2560775,28,757.68
2560776,1,2968.26
2560776,1,2091.74
2560776,2,2207.63
2560776,3,651.98
2560776,4,126.7
2560776,5,1845.48
2560776,6,342.26
2560776,7,45.75
2560776,8,489.75
2560776,9,1488.92
2560776,10,159.07
2560776,11,2973.08
2560776,12,233.07
2560776,13,185.87
2560776,14,119.09
2560776,15,357.54
2560776,16,2585.16
2560776,17,373.82
2560776,18,7585.88
2560776,19,3594.08
2560776,20,787.51
2560776,21,655.25
2560776,22,1264.9
2560776,23,2359.67
2560776,24,272.97
2560776,25,3163.68
2560776,26,207.79
2560776,27,316.16
2560776,28,78.18
2560776,29,2150.23
2560776,30,242.65
2560776,31,6458.01
2560776,32,532.65
2560776,33,15.64
2560776,34,34.93
2560776,35,511.99
2560776,36,500.37
2560776,37,60.47
2560776,38,355.79
2560776,39,471.01
2560776,40,40.43
2560776,41,33.38
2560776,42,2506.25
2560776,43,39296.14
2560776,44,96.79
2560776,45,500.58
2560776,46,708.68
2560776,47,81.22
2560776,48,971.41
2560776,49,1481.38
2560776,50,244.63
2560776,51,267.75
2560776,52,833.88
2560776,53,1465.54
2560776,54,2432.26
2560776,55,3572.17
2560776,56,1009.23
2560776,57,105.6
2560776,58,225.57
2560776,59,938.56
2560776,60,186.33
2560776,61,1000.66
2560776,62,4955.16
2560776,63,1198.58
2560776,64,1118.75
2560776,65,3869.63
2560776,66,2296.75
2560776,67,1082.29
2560776,68,53.31
2560776,69,365.73
2560776,70,541.68
2560776,71,130.58
2560776,72,544.03
2560776,73,1794.42
2560776,74,9937.02
2560776,75,6446.27
2560776,76,1612.29
2560776,77,3217.09
2560776,78,5990.76
2560776,79,1457.52
2560776,80,2077.76
2560776,81,2417.98
2560776,82,319.45
2560776,83,3729.68
2560776,1,2023.85
2560776,2,2612.49
2560776,3,112.35
2560776,4,146.48
2560776,5,108.44
2560776,6,689.29
2560776,7,2300.57
2560776,8,398.06
2560776,9,341.02
2560776,10,938.65
2560776,11,625.87
2560776,12,191.3
2560776,13,2678.54
2560776,14,162.78
2614665,1,5183
4536977,1,15349.07
4537012,1,16821.88
4536972,1,9193.5
4536972,2,2376
2560118,1,17920
2560151,1,128738
2560364,1,113367.29
2614622,1,6588.95
2614622,2,1236.37
2614622,3,2978.55
2560529,1,16215.55
2560529,2,22159.41
2560529,3,34522.76
2560529,4,5752.92
105503830,1,53695
105503831,1,64995
105503833,1,44995
105503834,1,40795
105503835,1,45895
105503836,1,60804.97
105503837,1,69695
4537008,1,9371.81
4537008,2,13071.35
4537008,3,2819.74
2560194,1,74784
2560262,1,18748.8
2560409,1,50641.88
2560409,2,50578.12
2560410,1,20686.21
2560410,2,33584.41
2560481,1,85049.43
2560501,1,18391.68
2560601,1,89750
2614531,1,23030
2614531,2,48930
105503841,1,67186
105503842,1,64363
105503845,1,67654
2560467,1,210
2560467,2,23
2560467,3,6052.8
2560467,4,29460
2560467,5,2437.5
2560467,6,23699
2560580,1,228583.95
2560583,1,18391.68
105503869,1,68162
2614649,1,3730.89
2614649,2,939.38
2560624,1,35479.96
2560625,1,38097.96
2560703,1,26653.63
105503921,1,2500000
2560235,1,25225.99
2560258,1,153438
2560114,1,39249
2560339,1,113399.24
2560177,1,14524.92
2560371,2,10045.5
2560371,1,74442.75
2560372,2,111
2560372,1,56782.88
2614624,1,410
2614624,2,1973.58
2614624,3,11265.26
2614624,4,281.1
2614624,5,22.5
2560405,1,122004
2560434,1,64469
2560497,1,18391.68
2560499,1,18391.68
2560458,1,64469
2560733,1,16583
105503922,1,1018500
2614719,1,12096
105503696,1,58168
2560193,1,20443.5
2560111,1,96916.46
2560111,2,3414.53
2560111,3,6
105503796,1,53710
105503797,1,47750
2560524,1,49800
2560563,1,25426.71
2560563,2,2603.08
2560563,3,2757.64
2560563,4,14509.64
2560563,5,7547.98
2560563,6,87.61
2560563,7,50.06
2560563,8,75.08
2560567,1,1784.98
2560567,2,118458.81
2560567,3,122677.46
2614573,1,78000
2614606,1,11074.2
2560615,1,46421.82
2560712,1,28499.5
105503856,1,42820
105503857,1,39977
105503871,1,76190
105503872,1,41577
105503873,1,84072
105503875,1,50161
105503876,1,51390
105503878,1,57699
105503881,1,72719
4536957,1,5850
4536979,1,27760.03
105503920,1,1105700
4536994,1,8800
4537014,1,280203.95
4537014,2,3247.8
4537014,3,31178.88
4537014,4,333.44
4537021,1,51686.1
4537021,2,1614.64
4537021,3,5011.94
4537021,4,386.72
4537021,5,1478.4
4537021,6,730.18
4537021,7,270.32
4537021,8,248.77
4537021,9,1673.21
4537021,10,748
4537021,11,204
4537021,12,539.76
4537021,13,2599.09
4537022,1,64263.68
4537022,2,76037.08
4537022,3,61310.89
4537022,4,57680.93
4537022,5,6465.72
4537022,6,92.56
4537022,7,118.74
4537022,8,1498.97
2560251,1,163759.7
2614510,1,13050
105503766,1,70436
2560212,1,67083
2560212,2,1287
2560212,3,42109.02
2560212,4,4175.72
2560212,5,32267.08
2560212,6,10053
2560333,1,37370.63
2560333,2,10941.9
2560213,1,17911.65
2560213,2,6982.63
2560213,3,72174.61
2560214,1,62848.16
105503802,1,49777
105503803,1,45359
2614711,1,720
2614711,2,516
2614711,3,552
2560366-1,1,15727.27
2560366-2,1,39836.08
2560523,1,33200
2560532,1,18719.48
2560532,2,949.79
2560532,3,7224.46
2560532,4,2689.12
2560532,5,1748.02
2560532,6,439.29
2560532,7,6858.91
2560532,8,340.21
2560532,9,355.05
2560532,10,4083.17
2560532,11,439.05
2560532,12,1771.72
2560532,13,2800.3
2560532,14,1134.51
2560532,15,2465.9
2560532,16,664.45
2560532,17,490.77
2560532,18,1675.01
2560532,19,1803.81
2560532,20,994.38
2560532,21,878.6
2560578,1,46312.42
105503854,1,44698
2560456,1,5971.04
2560456,1,14076.22
2560456,2,29859.13
2614683,1,9950
2614664,1,49623
2560491,1,655
2560491,1,51487.84
2560491,1,4491.76
2560491,1,52646
2560783,1,34595.49
4537013,1,14181.63
4537013,2,8274.58
4537013,3,4201.78
2560315,1,68477.21
4537017,1,51302.59
2560146,1,27795.17
2560146,2,4018.11
4537009,1,14361
2614617,1,89431.24
2614617,2,15052.8
2614712,1,15678
2560433,1,138960
2560446,1,45323.85
2560353,1,9891.77
2560353,2,55310.82
2560353,3,40132.72
2560594,1,56840.55
2560594,2,4137.77
2560594,3,6100.32
2560543,1,51242.22
2560543,1,4017.83
2560543,2,358.35
2560543,1,20102.18
2560543,1,17374.4
2560554,1,61305.16
2560556,1,56059.08
2560585,1,54177.76
2560630,1,87419.53
2560352,1,70011.84
4537003,1,17193.6
4537003,2,432
2560812,1,1509.49
2560833,1,10524.25
2560833,2,37350.37
2560833,1,25647.53
2560833,2,6074.13
2560833,1,13132.29
2560833,2,195.63
2560833,3,1565.46
2560833,4,935.25
2560833,5,8572.91
2560833,6,6233.89
2560834,1,617.29
2560834,2,765.88
2560834,3,3504.33
2560834,4,300.92
2560834,5,910.21
2560834,6,31165.89
2560834,7,1225.45
2560834,8,648.46
2560834,9,568.81
2560834,10,1263.8
2560834,11,918.26
2560834,12,16627.43
2560834,13,1728.39
2560834,14,522.29
2560834,15,5752.11
2560834,16,1417.3
2560834,17,4929.81
2560834,18,398.55
2560834,19,263
2560834,20,1703.86
2560834,21,519.92
2560834,22,1258.76
2560834,1,2405.44
2560834,2,30378.61
2560834,1,4476.15
2560834,2,4371.14
2560834,3,264.72
2560834,4,10586.33
2560834,5,7746.77
2560834,6,1069.9
2560834,7,641.31
2560856,1,28265.89
2560862,1,65875.89
2560831,1,28265.89
4537023,1,5123.78
4537023,2,3726.78
4537023,3,133.87
4537023,4,280.7
4537023,5,896.07
4537023,6,397.29
4537023,7,458.83
4537023,8,397.29
105503924,1,216000
2560729,1,10851.2
2560729,2,3913.2
2560729,3,632.5
2560145,1,33511.84
2560145,2,1234.56
4537030,1,19824.05
2560661,1,50630.08
4537032,1,3740.41
4537032,2,1964.32
4537032,3,251.74
2560033,1,64125
2560627,1,50741.66
2560627,2,1050.16
2560627,3,1582.67
2560078,1,41549.48
2560176,1,19070.15
2560245,1,83121.64
2560303,1,52903.67
2560390,1,470475
2560549,1,83121.64
2560552,1,83121.64
2614616,1,43195.91
2614616,2,19483.54
2560616,1,64424.75
2560656,1,40260.82
2560656,2,11743.04
2560680,1,63748.69
2560302,1,3136.28
2560302,2,61485.37
2560694,1,437144.4
2560641,1,48359.82
2614631,1,42390.11
2614631,2,1541.25
2614631,3,643.44
2614631,4,308.14
2614631,5,1925.88
2614631,6,163.96
2614631,7,122.73
2614631,8,595.52
2614631,9,798.11
2614631,10,462.87
2614631,11,314.26
2614631,12,469.86
2614631,13,1003.43
2614631,14,264.18
2614631,15,227.28
2614631,16,81.13
2614631,17,1196.3
2614631,18,289.65
2614631,19,59.22
2614631,20,51.4
2614631,21,87.22
2614631,22,90.33
2614631,23,25.24
2614631,24,27.54
2614631,25,78.49
2614631,26,48.19
2614631,27,17.43
2614631,28,57.38
2614631,29,276.32
2614631,30,12.39
2614631,31,83.54
2614631,32,8.72
2614631,33,42.69
2614631,34,31.21
2614631,35,160.68
2614631,36,36.71
2614631,37,54.17
2614631,38,8.25
2614631,39,218.54
2560717,1,183500
2560811,1,518.98
2560811,2,47947.86
2560811,3,6664.94
2560811,4,7.51
4537020,1,2086.87
4537020,2,3579.92
4537020,3,7.61
4537020,4,2349.88
4537020,5,511.45
4537020,6,269.74
4537024,1,17301.86
4537024,2,434.72
105503930,1,87704.76
2614705,1,36049.09
2614705,2,8187.09
2614705,3,2610.4
2614705,4,2850.37
4537026,1,162.5
4537026,2,93
4537025,1,35279.7
105503929,1,141115.6
4537004,1,11944.8
2560389,1,35343
2614630,1,71340.33
2614630,2,12819.75
2560573,1,47559.58
2560573,2,3048
2560573,3,13177.89
2560573,4,13017
2560573,5,6358.45
2560573,6,5957.1
2560502,1,18391.68
2560592,1,47738.88
2560685,1,61248.36
2560685,2,32.93
2560635,1,33307.7
2560472,1,18391.68
2560581,1,18391.68
2560700,1,101205.62
2560713,1,60996.6
2560701,1,47822.17
2560748,1,54124.84
2614681,1,31688.3
4537002,1,72518.8
4537002,2,3527.8
4537002,3,2643.64
4537051,1,6443.85
2560620,1,40000
2614636,1,1975
2614633,1,4895.84
2560698,1,19714.2
2560727,1,40025.16
2560728,1,42066.39
4537000,1,71933.4
2614680,1,78167.78
2561019,1,12587.76
2561019,2,4795.27
2561019,3,20403.93
105503931,1,148689
105503932,1,152213.48
2614679,1,64619.88
2614679,2,40841.5
2614679,3,3626.93
4537048,1,1486.06
4537048,2,530.64
4537048,3,1
2560530,1,92640
4537029,1,2586.96
2614728,1,139.7
2614728,2,20.96
2614728,3,41.91
2614728,4,13.97
2614728,5,230.51
2614728,6,139.7
2614728,7,69.85
2614728,8,69.85
2614728,9,55.88
2614728,10,139.7
2614728,11,83.82
2614728,12,3.49
2614728,13,20.96
2614728,14,69.85
2614728,15,209.56
2614728,16,139.7
2614728,17,34.93
2614728,18,20.96
2614728,19,111.76
2614728,20,34.93
2614728,21,83.82
2614728,22,125.73
2614728,23,6.99
2614728,24,13.97
2614728,25,125.73
2614728,26,209.56
2614728,27,13.97
2614728,28,6.99
2614728,29,20.96
4537038,1,15120
4537040,1,673
2560404,1,110282.4
2560360,1,47700
2560411,1,50641.88
2560411,2,50578.12
2560457,1,64469
2560517,1,64469
2560518,1,64469
2560519,1,64469
2560550,1,83121.64
2560439,1,110670
2560640,1,121000
2560642,1,24752
2560977,1,10487.25
2560977,2,26418
2560977,3,14100
2560977,4,9870
2560977,5,11812.5
2560977,6,240
2560764,1,17724.62
105503904,1,53590
2560935,1,105755.83
2560935,2,13298.3
2560935,3,1445.13
2560761,1,9411
2560761,2,8569.6
2560761,3,28033.92
2560761,4,1537.4
2560762,1,41242.32
2560762,2,6169.92
2560763,1,44744
2560916,1,11945.44
2560916,2,76711.86
4537033,1,1020
4537033,2,765
4537033,3,2616.3
4537033,4,367.2
4537033,5,68
105503891,1,69295
105503894,1,55195
105503895,1,47895
105503896,1,47895
105503897,1,46395
2560429,1,31620
2560511,1,53014.5
2560350,1,64978.6
2560351,1,64539.66
105503883,1,54995
105503884,1,66495
105503885,1,70395
105503886,1,68295
105503887,1,70495
2560679,1,61842.34
105503860,1,66500
105503861,1,34399
4537018,1,18710
105503902,1,44900
4537045,1,6061.4
4537045,2,140
2560832,1,33085
2560385,1,24840
4537052,1,3433.35
4537052,2,7.71
4537052,3,762.38
4537052,4,6.39
4537052,5,61.35
4537035,1,15086.98
4537035,2,471.4
4537058,1,4953.33
4537058,2,2
4537058,3,63.2
2560440,1,56699.62
2560138,1,22428
2560049,1,149687
2560412,1,80031
2560596,1,377369
2560437,1,50684
2560437,2,6240
2560655,1,65560.17
2614632,1,30300
2614632,2,46500
2560672,1,85049.43
2560836,1,135080.61
2560575,1,295029
2560785,1,84.72
2560785,2,50525.73
2560785,3,2885.2
2560785,4,3892.1
2560785,5,3633.02
2560562,1,23005.2
2560677,1,2224.35
2560677,2,25868.23
2560677,1,50140.9
2560931,1,634.6
2560931,2,768
2560931,3,2266.5
2560931,4,3764.6
2560931,5,892.4
2560931,6,1741.8
2560931,7,793.64
2560931,8,1709.12
2560931,9,9066
2560931,10,2019.6
2560931,11,2400
2560931,12,3082
2560931,13,622.4
2560931,14,1410
2560931,15,1813.2
2560931,16,4534.2
2560931,17,1656
2560931,18,5750
2560931,19,1040
2560931,20,12000
2560931,21,35211
2560931,22,798
2560931,23,870.2
2560931,24,6850
2560807,1,21362.69
2560710,1,21763.82
2614655-5,1,9.16
2614655-5,2,32642.71
2614655-7,1,44148.2
2614655-3,1,8733.9
2614655-6,1,32003.39
2614655-6,2,3303.84
2614655-2,1,187027.84
2614655-2,2,50292.65
2614655-2,3,17326.88
2614655-2,4,16980.27
2614655-2,5,2584.21
2614655-2,6,4421.34
2614655-2,7,823.78
2614655-2,8,1765.93
2614655-2,9,2331.07
2614655-2,10,1614.72
2614655-2,11,24.8
2614655-2,12,21.56
2614655-2,13,1019.19
2614655-2,14,935.79
2614655-2,1,12311.13
2614655-1,1,5625
2614655-4,1,59503.31
2614701,1,27385.78
2560766,1,90851.12
2614706,1,22947.05
2560709,1,90975
2560709,2,25682
2560716,1,247035.77
2560716,2,3388.58
2560716,3,3064.05
2560716,4,82563
105503925,1,226000
105503925,1,226000
105503925,1,226000
105503925,1,226000
105503925,1,226000
105503925,1,226000
2560744,1,49800
2560737,1,177041.62
2560849,1,33035.5
2560932,1,209427.66
2560932,2,69023.93
2560932,3,48198.12
2560932,4,15703.2
2560835,1,192194.84
4537043,1,125706.24
4537043,2,12221.44
4537037,1,574.73
2614729,1,3563
4537044,1,8250
4537044,2,5220
4537059,1,941.7
4537067,1,12006.71
4537067,2,686.25
4537067,3,276.59
105503804,1,54461
105503805,1,26000
2560369,1,10072.5
2560449,1,113301.95
2560485,1,30181.6
2560484,1,53014.5
2614635,1,31500
2560551,1,83121.64
2560747,1,298622
2560719,1,61263.09
2560719,2,7903.17
2560784,1,43149.29
2560784,1,4567.49
2560784,1,30674.17
2560784,1,8483.88
2560784,1,10489.92
2560784,1,20325.31
2560784,1,87.42
2560813,1,22997.7
4537019,1,10400
4537019,2,63350
4537053,1,163.48
4537053,2,437.08
4537053,3,2015.13
4537053,4,499.53
4537053,5,204.36
4537053,6,141.91
4537053,7,1589.4
4537053,8,368.97
4537053,9,406.43
4537053,10,136.23
4537053,11,769.72
4537053,12,826.49
4537055,1,18562.57
4537061,1,13164.35
4537061,2,457.6
4537061,3,16060.18
4537061,4,1052.8
4537061,5,14089.16
4537061,6,605.7
4537061,7,45.1
4537061,8,602.24
4537061,9,1777.25
4537061,10,402.42
4537061,11,108.66
4537061,12,2196.76
4537061,13,850.31
4537056,1,391.77
4537056,2,328.3
4537056,3,15789.11
4537056,4,6466.67
4537056,5,534.69
4537056,6,1738.5
4537056,7,192.95
4537056,8,970.08
4537056,9,4329.9
4537056,10,678.29
4537056,11,34.83
4537056,12,249.78
4537056,13,1618.58
4537056,14,271.16
4537056,15,1119.48
4537056,16,3112.65
4537056,17,88.45
4537056,18,571.35
4537056,19,4660.95
4537056,20,7015.11
4537056,21,86.31
4537057,1,200.13
4537057,2,47343.43
4537057,3,154.3
4537057,4,388.18
4537057,5,2105.91
4537057,6,211.28
4537057,7,2865.93
4537057,8,13092.22
4537057,9,200.89
4537057,10,140.55
4537057,11,35.44
4537057,12,69.36
4537057,13,89.75
4537057,14,151.85
4537057,15,115.95
4537057,16,38.04
4537057,17,555.31
4537057,18,26.73
4537057,19,45.83
4537057,20,16.5
4537057,21,7.64
4537057,22,1020.49
4537057,23,689.75
4537057,24,314.7
4537057,25,45.83
4537057,26,168.04
4537057,27,469.76
4537057,28,1347.41
4537057,29,384.98
4537057,30,35.67
4537057,31,589.68
2560740,1,101601.16
2560730,1,4260
2560604,1,81320
105503870,1,1929.42
105503870,1,35890.4
105503870,2,3712.8
105503870,3,61.88
2560741,1,48424.05
2560741,2,5880
2560751,1,85568.85
2560751,2,13050.81
2560751,3,3550.79
2560751,4,1383.82
2560732,1,437144.4
2560629,1,30000
2560629,2,61440
2560629,3,47500
2560629,4,30080
2614682,1,9654.32
4537047,1,5785.5
2560792,1,32012.4
2560885,1,135080.61
4537036,1,7226.69
4537036,2,1513.52
4537036,3,867.43
4537036,4,182.22
4537036,5,350.93
4537036,6,153.84
4537036,7,859.77
4537036,8,1955.65
4537036,9,18463.14
4537036,10,4740.7
4537036,11,1532.98
4537036,12,915.69
4537036,13,817.07
4537036,14,51.6
4537036,15,6283.48
4537036,16,6401.03
4537036,17,18432.79
4537036,18,13274.99
4537036,19,5804.68
4537036,20,1853.2
4537036,21,518.85
4537036,22,2217.46
4537036,23,103.95
4537036,24,1459.22
4537036,25,823.88
4537036,26,5595.59
4537036,27,16228.03
4537036,28,4426.25
4537036,29,1571.71
4537070,1,36278.67
4537070,2,22727.65
2560370,1,28203
2560498,1,20411.86
2560488,1,63156.4
2560488,2,2080
2560614,1,66313.57
2560654,1,43405.37
2560654,2,18871.89
2560708,1,137066.58
2560711,1,8857.49
2614669,1,7161.87
2560659,1,18203.09
2560659,1,33620.07
2560658,1,52551.38
2560660,1,35476.37
2560660,1,14261.36
2560660,1,3958.21
2560660,2,4876.72
2560660,3,14229.8
2560660,4,22871.18
4537031,1,7200
4537031,2,12400
4537041,1,3715.18
4537041,2,4572.11
4537041,3,15990.31
4537039,1,212
4537039,2,528
4537039,3,151.5
4537039,4,434.56
4537039,5,1615.28
4537039,6,419.76
4537039,7,182.4
4537039,8,424.8
4537039,9,152.2
4537039,10,247
4537039,11,612
4537039,12,267
4537039,13,482
4537039,14,3817.71
4537039,15,132.6
4537039,16,826.5
4537039,17,407
4537039,18,884
4537039,19,353.5
4537039,20,2325
4537039,21,1542.3
4537039,22,1120.5
4537039,23,2499.18
4537039,24,1356.16
4537039,25,1013.6
4537039,26,258.4
4537039,27,2610.71
4537054,1,27740.91
4537065,1,268.93
4537065,2,216.38
4537065,3,296.45
4537065,4,30323.44
4537065,5,1257.35
4537065,6,208.66
4537065,7,1048.69
4537065,8,192.43
4537065,9,7.34
4537065,10,115.61
4537065,11,213.76
4537065,12,73.42
4537065,13,306.8
4537065,14,43.66
4537065,15,2206.34
4537065,16,615.38
4537065,17,46.06
4537065,18,377.13
4537065,19,1545.6
4537065,20,4666.17
4537065,21,1432.77
4537065,22,2168.17
4537065,23,20.48
4537066,1,30.91
4537066,2,634.47
4537066,3,2660.44
4537066,4,329.21
4537066,5,1323.03
4537066,6,262.75
4537066,7,163.83
4537066,8,1877.9
4537066,9,13932.04
4537066,10,462.21
4537066,11,3336.95
4537066,12,59.66
4537066,13,413.45
4537066,14,311.44
4537066,15,1584.24
4537066,16,692.43
4537066,17,326.89
4537066,18,90.42
4537066,19,2.78
4537066,20,273.57
4537066,21,824.58
4537066,22,377.28
4537066,23,373.26
4537066,24,643.74
4537066,25,152.24
4537066,26,32.77
4537066,27,10.05
4537066,28,2187.02
4537066,29,565.07
4537066,30,600.08
4537068,1,57978.77
2614737,1,3965.13
2614741,1,23158.06
2614742,1,10638
4537083,1,17547
2560448,1,6843.71
2560448,2,24654.71
2560597,1,50315.09
2560597,2,2972.79
2560597,3,5683.47
2560598,1,71756.69
2614598,1,929.61
2614598,2,30939.01
2614598,3,1135.23
2560582,1,18391.68
2560742,1,81761.4
2560743,1,109015.2
2560684,1,67200
2614642-1,1,23171.29
2614642-1,2,17532.52
2614642-2,1,43181.59
2614642-2,2,1580.36
2560678,1,136492.06
2560657,1,138071.34
2614658,1,3849.6
2614658,2,35230.86
2614658,3,3303.4
2614658,4,1255.82
2560838,1,135080.61
2560864,1,30958.74
2560946,1,28265.89
2560958,1,63425.6
2560689,1,28850
2560702,1,46320
4537063,1,7047.05
2614743,1,10638
4537080,1,1959.11
2560453,1,61842.34
2560687,1,16157.27
2560560,1,35760.3
2560802,1,179382.8
2560802,1,179382.8
2560803,1,141685.5
2560803,2,23769.68
2560803,3,11400.6
2560803,4,72202.5
2560803,5,2574.5
2560726,1,29325.13
2560767,1,22492.69
2560767,2,155813.88
2560768,1,1793.14
2560768,2,4752.96
2560768,3,14645.01
2560768,4,1859.23
2560768,5,1566.7
2560768,6,29162.44
2560768,7,14.3
2560768,8,22.03
2560768,9,28.32
2560768,10,14.3
2560768,11,28.08
2560768,12,14.03
2560841,1,11455.34
2560841,2,8716.49
2560841,3,2349.16
2560841,4,5246.14
2560841,5,34966.67
2560671,1,15287.8
2560671,2,8792.4
2560671,3,216865.01
2560671,4,58500.19
2560671,5,331.78
2560588,1,54177.76
2560621,1,76606.95
2560621,2,132.25
2560622,1,61735.18
2560623,1,5818.25
2560623,2,70745.28
2560994,1,50122.5
2560682,1,113997.99
2560861,1,288873.8
105503953,1,181200
105503954,1,181200
2560794,1,6637.08
2560794,1,45455.08
2560794,1,56219.68
2560794,1,148
2560795,1,28532.19
2560795,2,17409.59
2560795,1,2006
2560795,1,32091.96
2560795,2,22103.29
2560911,1,79462.84
2560911,2,187.61
2560911,3,3192.07
2560911,4,598.62
2560911,5,148.12
2560923,1,45376.69
2560923,2,11881.64
2560923,3,9245.65
2560923,4,17961.3
2560992,1,69156
2560992,2,70439.44
2560992,3,3581.71
2560992,4,51168.63
2560992,5,2322.46
2560992,6,257.27
2560996,1,43949.16
2560996,2,42991.45
2560996,3,3784.32
2560996,4,1327.12
2561013,1,53919.42
2561013,2,563.2
2561013,3,3343.06
2561013,4,187.61
2561013,5,32819.22
2561013,6,8561.19
4537069,1,832.39
4537069,2,2633.06
105503952,1,118912.5
2560942,1,67754.29
2560942,2,3853.2
2560942,3,2823
2560399-1,1,29469.07
2560399-1,2,106040.18
2560399-2,1,55472.45
2560565,1,39462.94
105503906,1,65178
105503907,1,82546
2560722,1,222510.9
2560791,1,38501.4
2560936,1,46799.25
2560779,1,26425.57
4537078,1,10301.55
4537091,1,5042.36
4537091,2,453.91
4537091,3,146.99
4537091,4,205.79
4537091,5,299.86
4537091,6,1157.11
4537091,7,211.67
4537091,8,486.84
4537088,1,6508.89
4537088,2,804.62
4537088,3,15.86
4537088,1,8294.92
4537088,2,1125
2560468,1,2040
2560505,1,36300.14
2560503-1,1,26897.06
2560503-1,1,11175.42
2560503-1,2,19981.33
2560503-2,1,8436.08
2560503-2,1,16650.41
2561053,1,19539.66
4537097,1,3186.3
2560415,1,56085.6
2561072,1,3344.95
2561072,2,6459.84
2561072,3,565.76
2561072,4,3234.91
2561072,5,63129.81
2561072,6,9558.74
2561072,7,7751.15
2561072,1,894.67
2561072,2,1750.91
2561072,3,1346.04
2561072,4,2724.38
2561072,5,8189.22
2561072,6,9993.31
2561073,1,6491.53
2561073,2,1398.12
2561073,3,2516.15
2561073,4,14.94
2561073,1,2785.21
2561073,2,274.04
2561073,3,2693.06
2561073,4,1046.24
2561073,5,970.58
2561073,6,22561.85
2561073,7,846.15
2561073,8,536.15
2561073,9,29849.12
2561073,10,216.78
2561073,11,625.74
2561073,12,2704.9
2561073,13,1308.9
2561073,14,205.76
2561073,15,2736.08
2561073,16,1045.47
2561073,17,81.51
2561073,18,10257.66
2561073,19,6664.41
2561073,20,1033.54
2561073,21,1383.67
2561073,22,438.23
2561073,23,19968.99
2561073,1,27745.74
2560754,1,195520
2560954,1,4399.01
2560954,1,2730.12
2560954,2,905.95
2560954,3,1434.21
2560954,4,3061.51
2560954,5,8724.64
2560954,6,7994.47
2560954,1,1987.08
2560954,2,891.74
2560954,3,5620.02
2560954,1,837.22
2560954,2,483.37
2560954,3,599.67
2560954,4,378.65
2560954,5,20338.09
2560954,6,3516.77
2560954,7,4953.61
2560954,8,392.44
2560954,9,1304.45
2560954,10,18845.49
2560954,11,1349.96
2560954,12,4176.39
2560954,13,2696.32
2560954,14,6500.64
2560954,15,4027.97
2560954,16,1834.86
2560954,17,294.3
2560954,18,7625.23
2560954,19,21917.56
2560954,20,1022.38
2560954,21,689.29
2560954,22,523.2
2560954,23,4846.84
2560954,24,27341.38
2560954,25,5440.15
2560954,26,8138.93
2560954,27,1729.15
2560954,28,2498.66
2560954,29,3029.64
2560954,30,222.02
2560954,31,1145.31
2560954,32,990.59
2560954,33,383.03
2560954,34,1408.94
2560954,35,82.84
2560954,36,402.08
2560954,37,430.51
2560954,38,370.81
2560954,39,790.41
2560954,40,848.75
2560954,41,1172.62
2560954,42,3227.86
4537092,1,37481.4
4537076,1,9300.38
4536999,1,74745
2560796,1,4595
2560796,1,5363
2560796,1,5363
2560796,1,4595
2614713,1,6613
2614714,1,5701
4537081,1,3456.24
2614651,1,29226.5
2614651,2,2070
2560357,1,49385
105503865,1,80642
2560721,1,2206.08
2560721,2,55061.65
2560721,3,7388.19
2560721,4,3467.35
2560863,1,9416.9
2560863,2,4659.56
2560863,3,160.89
2560863,4,371.28
2560863,5,1658.38
2560863,6,773.5
2560863,7,2931.87
2560758,1,10087
2560758,2,15870.64
2560758,3,1353.3
2560758,4,2460
2560758,5,1428.6
2560758,6,583.2
2560758,7,1536.32
2560758,8,15908.64
2560758,9,5250
4537015,1,2640.46
4537015,2,493.67
4537015,3,106.09
4537015,4,171.61
4537015,5,907.93
4537015,6,202.92
4537015,7,5.85
4537015,8,31.07
4537015,9,12.99
4537015,10,8.66
4537015,11,12.22
4537015,12,19.49
4537015,13,18.4
4537015,14,21.65
4537015,15,77.3
4537015,16,266.32
2614702,1,2525.04
2614703,1,70585.04
2561074,1,1729.25
2561074,2,204.75
2561074,3,1507.89
2561074,4,1249.12
2561074,5,360.58
2561074,6,861.03
2561074,7,8835.22
2561074,8,3402.22
2561074,9,4596.13
2561074,1,2093.09
2561074,2,1334.68
2561074,3,3927.36
2561074,4,608.93
2561074,5,388.62
2561074,6,409.12
2561074,7,2529.9
2561074,8,2382.31
2561074,9,14506.22
2561074,10,1052.86
2561074,11,6705.25
2561074,12,4260.8
2561074,13,518.21
2561074,14,11579.81
2561074,15,5472.94
2561074,16,367.64
2561074,17,47611.98
2561074,18,1748.49
2561074,19,5790.71
2561074,20,2752.53
2561074,21,2357.61
2561074,22,2209.79
2561074,23,1542.2
2561074,24,3327.68
2561074,25,769.56
2561074,26,2959.15
2561074,27,317.62
2561074,28,2703.29
2561074,29,8416.45
2561045,1,1424.52
2561045,2,6671.91
2561045,3,794.67
2561045,4,7122.58
2561045,1,107094.79
2561045,2,5648.38
2561045,1,54444.05
2561045,1,2347.02
2561045,2,960.59
2561045,1,52455.39
2561045,1,37303.96
4537050,1,2867.67
4537050,2,3689.27
4537050,3,3884.66
4537050,4,1563.25
4537050,5,8829.33
4537050,6,664.56
4537050,7,649.74
4537050,8,1781.66
4537050,9,1092
4537050,10,164.84
4537050,11,2535
4537050,12,851.5
4537050,13,999.57
4537050,14,12573.6
2561051,1,28265.89
2614707,1,44289.72
4537060,1,10403.93
4537060,2,3175.12
4537060,3,462.74
4537060,4,1710.74
4537060,5,226.88
4537060,6,2.32
4537060,7,19.31
4537060,8,167.98
4537060,9,278.04
4537060,10,301.21
4537085,1,11652.74
2614647,1,88663.6
105503862,1,75995
105503863,1,57500
105503864,1,54328
2560612,1,28499.5
2560595,1,82875
2560986,1,371066.68
4537077,1,3450.79
4537077,2,4767.08
4537077,3,275.43
2560400,1,32578.5
2560401,1,34325.12
2560461,1,85498.49
2560587,1,41549.48
2560589,1,30617.79
2560608,1,28450
2560607,1,62962.3
2560545,1,31620
2560695,1,76570.2
2560602,1,39441.74
2560696,1,53014.5
2560691,1,10320
2560691,2,5120
2560691,3,9500
2560691,4,30400
2560691,5,90900
2560898,1,54356.8
2560890,1,40334.8
2560891,1,20167.4
2560933,1,40334.8
2560605,1,1800
4537090,1,2000
2560956,1,52872.08
2560981,1,65587.1
2560982,1,138432
2560945,1,25307.1
2560978,1,138432
4537093,1,14178.12
4537086,1,1113.79
2560959,1,90382.5
4537110,1,41934
2560896,1,179382.8
2560896,1,179382.8
105503898,1,39355
2560960,1,43933.81
2560966,1,44465.58
2560432,1,127820.07
2560528,1,144329.47
2560609,1,112421.29
2560673,1,20774.74
2560759,1,149877.69
105503900,1,79080
2560925,1,79232.82
105503912,1,71256
2560843,1,22553.98
2560843,2,21772.96
105503913,1,59088
105503914,1,57809
105503915,1,81098
105503916,1,82258
105503917,1,61953
105503918,1,43720
105503923,1,57914
105503926,1,40423
2560610,1,39771.44
2560810,1,84532.56
2614716,1,5688.77
105503962,1,59821
4537102,1,7726.75
4537103,1,6140
105503964,1,72485
105503965,1,74345
4537101,1,39624.67
4537107,1,143.04
4537089,1,4144.19
4537089,2,409.75
4537089,3,1821.12
4537089,4,455.28
4537089,5,409.75
2560869,1,357065.28
2560538,1,30617.79
2560462,1,67603.2
2560675-A,1,10072.5
2560665,1,33665.48
2560753,1,143515
2560675-D,1,10072.5
2560947,1,44744
2560947,1,99.07
2560963,1,43464.51
4537087,1,2297.52
2561007,1,21455
2561100,1,26418
2561100,2,23699
2561100,3,28200
2561029,1,24009.3
2561031,1,24009.3
2561084,1,90382.5
2561011,1,65875.89
2560842,1,39979.98
2560780,1,109015.2
2560634,1,28974.34
2560634,2,5532
2560819,1,26821.34
2560819,2,43332.6
2560819,3,3772.22
2560817,1,39597.3
2560817,2,3736.68
2560817,3,3324
2560817,4,6916.8
2560818,1,85246.03
2560818,2,24699.23
2560818,3,2320.08
2560818,4,307.04
2560818,5,455
2560818,6,6853.76
2560818,7,2616
2560541,1,18744.89
4537118,1,36380.92
2561077,1,64915.46
2561077,2,6354.86
2561077,3,2823
2561077,4,98.2
2561077,5,1283.9
2561077,6,16114.6
2561077,7,5074.61
4537109,1,1021.11
4537100,1,26375
4537115,1,1416.92
4537115,1,9362.64
4537115,2,53.1
4537108,1,11944.8
4537114,1,1054.71
4537114,2,6139.21
2560452,1,78240.25
2560452,2,57567.6
2560611,1,41549.48
2560564,1,110670
2560731,1,42493.28
2560731,2,6108.04
2560731,3,944
2614689,1,5874.52
105503901,1,36393
2560894,1,245976.55
2560895,1,57800.6
2560897,1,20903.99
2560897,2,122916.95
2560715,1,208714.05
2560725,1,53014.5
2560739,1,47231.56
2560739,1,10948.39
2560790,1,14940
2561133,1,75443.95
2561133,1,1023.07
2561133,2,2374.54
2561133,3,6054.92
2561133,4,1155.46
2561133,5,212.01
2561133,6,17248.53
2561133,7,405.85
2561133,8,45.27
2561133,9,68.38
2561133,10,951.68
2561133,11,198.56
2561133,12,121.88
2561133,13,916.41
2561133,14,96.92
2561133,15,7929.52
2561133,16,21.31
2561133,17,248.06
2561133,18,15748.69
2561133,19,2387.07
2561133,20,3470.39
2561133,21,1218.38
2561133,22,2458.3
2561133,23,136.19
2561133,24,29864.04
2561133,25,1182.18
2561133,26,1363.08
2561133,27,497.22
2561133,28,7812.33
2561133,29,1384.36
2561134,1,9152.29
2561134,2,435.94
2561134,5,976.85
2561134,4,133.37
2561134,6,4227.45
2561134,7,618
2561134,8,2340.02
2561134,3,751.94
2561134,1,3135.62
2561134,2,9856.62
2561134,3,7854.27
2561134,4,2086.62
2561134,5,2118.3
2561134,6,1053.43
2561134,7,276.44
2561134,8,1667.88
2561134,9,9533.49
2561134,10,1739.74
2561134,11,859.69
2561134,12,548.06
2561134,13,1059.51
2561134,14,1109.38
2561134,15,1224.92
2561134,16,300.09
2561134,17,3761.47
2561134,18,509.8
2561134,19,1571.33
2561134,20,172.61
2561134,21,2790.05
2561134,22,11892.79
2561134,23,22.64
2561134,24,41.22
2561134,25,1355.89
2561134,26,370.75
2561134,27,30.43
2561134,28,1159.48
2561134,29,101.55
2561134,30,76.29
2561134,31,713.01
2561134,32,7818.34
2561134,33,312.17
2561134,34,735.54
2561134,35,163.77
2561134,36,284.88
2561134,37,1967.92
2561134,38,4535.71
2561134,39,525.39
2561134,40,427.8
2561134,41,373.03
2561134,42,301.68
2561134,43,3641.47
2561134,44,382.94
2561134,45,1253.13
2561134,46,63.51
2561134,47,283.32
2561134,48,171.16
2561134,49,60.91
2561134,50,40.11
2561134,51,1003.25
2561134,52,1328.01
2561134,53,5143.69
2561134,54,289.63
2561134,55,11881.62
2561134,56,298.61
2561134,57,10317.88
2561134,58,1330.2
2561134,59,2821.9
2561134,60,2026.08
2561134,61,415.67
2561134,62,353.57
2561134,63,3407.89
2561134,1,2350.93
2561134,2,7647.72
2561134,3,1399.14
2561134,4,5240.5
2560973,1,60996.6
2560997,1,60996.6
2614734,1,12139
4537119,1,2780.12
4537119,2,2369.29
4537119,3,6780.94
4537119,4,9545.53
4537119,5,13907.98
4537119,6,336
4537119,7,2619.4
4537119,8,710.88
4537119,9,367.07
4537119,10,243.94
4537119,11,208.53
4537119,12,1356.91
4537119,13,1115.57
4537119,14,125.6
4537119,15,60
4537119,16,1531.4
4537119,17,1351.36
4537119,18,317.68
4537119,19,710.22
4537119,20,85.5
4537119,21,117.19
4537119,22,215.07
4537117,1,10620.07
4537117,2,1534.79
4537117,3,73.88
4537117,4,2509.1
4537117,5,1804.29
4537117,6,5172.64
4537117,7,632.2
4537117,8,48.96
4537117,9,457.74
2561151,1,117973.44
4537105,1,318627.75
4537105,2,24270.37
4537105,3,15967.35
4537105,4,18125.1
4537105,5,172.62
4537105,6,8700.05
2614739,1,2267.78
2614739,2,1085.98
4536997,1,10320
105503991,1,170508.3
105503991,1,225408.1
2614611,1,33000
2560662,1,26620.42
2560662,2,7374.15
2560662,3,55206.24
2560714,1,1991.28
2560714,2,70867.03
2560770,1,26349.95
2560720,1,61838.11
2560828,1,39160.12
2560718,1,61880.16
105503919,1,79515
105503927,1,64458
105503928,1,59470
2560948,1,12000
2560870,1,54507.6
2560865,1,52271.73
4537094,1,1806.75
4537094,2,1896
4537094,3,476
4537094,4,1085.76
4537094,5,2869
2560998,1,60753.28
2560998,3,6949
2560998,2,25373.04
2560853,1,73252.84
2560854,1,76249.36
2560854,2,3784.32
2560854,3,570.01
2560854,4,12167.33
2560854,5,664.2
2560969,1,100860.08
105503938,1,60943
105503939,1,62522
105503940,1,79042
105503941,1,66826
105503945,1,68210
105503946,1,60903
105503947,1,74125
4537075,1,11936.27
2561120,1,28265.89
2614724,1,14450.1
4537121,1,7927.53
4537121,2,999.84
4537121,3,223.13
4537123,1,3303.1
2561315,1,113383.18
2561315,2,20770.1
4537135,1,11955.25
2560606,1,1989
2560579,1,525
2560699,1,21877.2
2560674,1,110670
2560858,1,140098.8
2560814,1,64469
2560815,1,64469
2614688,1,2551.56
2560778,1,91377.72
2560798,1,64469
2614700,1,7818.55
2560889,1,49800
4537084,1,11445.89
4537126,1,954.65
2560571,1,22000.8
2560414,1,294894
2560279,1,9011.25
2560950,1,68083.9
2560950,2,5555.11
2560860,1,222510.9
2561048,1,135080.61
2560907,1,90780.48
2614745,1,3526.66
2614745,2,1555.11
2561274,1,1189.05
2561274,2,2572.69
2561274,3,2277.4
2561274,4,508.2
2561274,5,92.88
2561274,6,844.64
2561274,7,898.02
2561274,8,420
4537125,1,7530.76
4537125,2,1013.6
4537125,3,792.35
4537125,4,3950.14
4537125,5,2432.64
4537125,6,272.22
4537125,7,115.84
4537125,8,150.59
4537125,9,180.71
4537128,1,12802.52
4537128,2,888.58
4537128,3,20.91
4537128,4,121.38
4537128,5,226.49
4537128,6,774.36
4537113,1,2383.96
2614765,1,6295.43
4537140,1,37660
2560425,1,40334.8
2560500,1,40108.2
2560619,1,17025.9
2560827,1,30217.5
2560675-B,1,10072.5
2560535,1,35421.7
2560522,1,35421.7
2614690,1,2978.55
2614690,2,9537.7
2614690,3,4195.92
2560826,1,20411.86
2560919,1,53944.93
2560919,2,28239.4
2560919,3,1086.72
2560919,4,198.4
2560919,5,388.14
2560919,6,2620.01
2560760,1,55040
2560760,2,30768
2560887,1,202635
2560781,1,50486.2
2560979,1,4877.33
2560979,2,5582.67
2560979,1,4877.33
2560979,2,5582.67
2560979,1,4877.33
2560979,2,5582.67
2561306,1,440000
2561096,1,3784.32
2561096,1,54598.91
2561096,2,4548.67
2561096,3,7801.64
2561097,1,53794.64
2561097,2,36043.43
2560892,1,44285.58
2614722,1,3770.16
4537129,1,61132
4537132,1,344.6
4537132,2,110.4
4537136,1,2470.29
4537136,2,1212.97
4537136,3,685.05
4537141,1,434719.97
4537141,2,35793.45
4537154,1,2341.91
4537154,2,11596.4
4537154,3,214.76
2560349-1,1,11227.18
2560349-1,2,46416.53
2560349-2,1,87106.87
2560349-2,2,1932.11
2560576,1,75330.64
2560576,2,12199.55
2560820,1,12960.08
2560820,2,47809
2560820,3,4900.29
2560787,1,33200
2560745,1,85049.43
2614715-1,1,42000.52
2614715-4,1,21218.67
2614715-4,2,22925.87
2614715-2,1,1380.7
2614715-2,2,211.36
2614715-2,3,25.4
2614715-2,4,3.52
2614715-2,5,6.96
2614715-2,6,2.4
2614715-2,7,2.64
2614715-2,8,1.12
2614715-3,1,65750.49
2614685-1,1,128.73
2614685-1,2,470.33
2614685-1,3,1228.56
2614685-1,4,74.39
2614685-1,5,25.5
2614685-1,6,549.7
2614685-1,7,687.43
2614685-1,8,114.64
2614685-1,9,99.58
2614685-1,10,182.73
2614685-1,11,120.72
2614685-1,12,179.91
2614685-1,13,402.68
2614685-1,14,97.27
2614685-1,1,863.05
2614685-1,2,817.4
2614685-1,3,629.46
2614685-1,1,588.51
2614685-1,2,2266.86
2614685-1,3,424.63
2614685-1,4,1337.75
2614685-1,5,1088.23
2614685-1,6,1118.15
2614685-1,7,88.27
2614685-1,8,47.88
2614685-1,9,395
2614685-1,10,704.27
2614685-1,11,927.59
2614685-1,12,184.45
2614685-1,13,248.55
2614685-1,14,689.89
2614685-1,15,377.45
2614685-1,1,425.08
2614685-1,2,2393.28
2614685-1,3,66.57
2614685-1,4,1906.39
2614685-1,5,407.64
2614685-1,6,36.21
2614685-1,1,3211.36
2614685-1,2,108.3
2614685-1,3,1719.46
2614685-1,1,2167.39
2614685-1,2,1179.56
2614685-1,3,627.96
2614685-1,4,12.87
2614685-1,5,1783.1
2614685-1,6,38.77
2614685-1,7,71.83
2614685-1,8,557.09
2614685-1,9,572.83
2614685-1,10,42.87
2614685-1,11,370.54
2614685-1,12,120.14
2614685-1,13,50.12
2614685-1,14,127.53
2614685-1,15,61.51
2614685-1,16,181.8
2614685-1,17,2018.87
2614685-1,18,108.49
2614685-1,19,182.6
2614685-1,20,1915.92
2614685-1,21,656.34
2614685-1,22,244.07
2614685-1,23,179.01
2614685-1,24,1785.22
2614685-1,25,195.91
2614685-1,26,109.92
2614685-1,27,71.37
2614685-1,28,129.43
2614685-1,29,36.55
2614685-1,30,95.23
2614685-1,31,30.11
2614685-1,32,134.77
2614685-1,33,113.68
2614685-1,34,119.03
2614685-1,35,111.61
2614685-1,36,210.93
2614685-1,37,238.3
2614685-1,1,2545.64
2614685-1,2,400
2614685-1,3,401.1
2614685-1,4,50.5
2614685-1,5,137.4
2614685-1,6,154.7
2614685-1,7,57.28
2614685-1,8,278.1
2614685-1,9,1006.17
2614685-1,10,1971.76
2614685-1,11,312.48
2614685-1,12,108.8
2614685-1,13,2.78
2614685-1,14,10.9
2614685-1,15,421.6
2614685-1,1,282.98
2614685-1,2,840.67
2614685-1,3,71.74
2614685-1,4,808.44
2614685-1,5,3381.5
2614685-1,6,26.28
2614685-1,7,114.82
2614685-4,1,9654.61
2614685-4,2,130377.1
2614685-4,3,6053.23
2614685-4,4,10917.9
2614685-4,5,17945.08
2614685-4,6,548.14
2614685-4,7,339.48
2614685-4,8,309.12
2614685-4,9,11.04
2614685-4,10,75.07
2614685-4,11,1110.18
2614685-4,12,625.14
2614685-4,13,2235.6
2614685-5,1,214038
2560944,1,207077.84
2561312,1,44636.81
2561312,2,208.2
2561312,3,358.16
2561312,4,42237.31
2561312,5,10572.58
2561312,6,7047.05
2561312,7,3704.51
2561044,1,295381.01
105503942,1,78084
105503943,1,69429
105503944,1,70113
105503948,1,61665
2560970,1,422914.06
2560970,2,2063.58
2561024,1,84498.7
2561183,1,20055.5
2561183,2,8187.5
2561183,3,3885
2561183,4,39627
2560922,1,9444.26
2560922,2,12550.19
2560922,3,26417.91
2614732,1,34017
2560683,1,29316.25
105503874,1,65977
105503877,1,51348
105503879,1,50341
105503882,1,59466
2560821,1,602.87
2560821,2,137.88
2560821,3,119.53
2560821,4,661.83
2560821,5,4607.14
2560821,6,776.89
2560821,7,37478.99
2560821,8,846.31
2560821,9,2515.15
2560821,10,311.99
2560821,11,120.67
2560821,12,803.52
2560821,13,2288.26
2560821,14,168.79
2560821,15,28977.89
2560821,16,2728.55
2560821,17,1321.76
2560821,18,57.05
2560821,19,446.16
2560821,20,675.14
2560821,21,0.48
2560734,1,85049.43
2614686,1,23709.43
2560920,1,85049.43
2560972,1,56998.99
2561025,1,59958.36
2561026,1,8327.55
2560825,1,85049.43
2561015,1,73280
2561033,1,216655.35
2561035,1,135080.61
2614769,1,19500
4537151,1,793.08
4537151,2,942.75
4537151,3,193.06
4537151,4,10835.74
4537151,5,228.67
4537151,6,199.14
4537151,7,1647.52
4537151,8,339.81
4537151,9,125.38
4537151,10,59.9
4537151,11,281.3
4537151,12,8484.06
4537151,13,3014.88
2560546,1,20411.86
2560686,1,44418.16
2560686,2,28116
2560773,1,39979.98
2560846,1,2248.58
2560846,2,39258.84
2560846,3,14314.74
2560822,1,10080
2560771,1,39979.98
2560943,1,28117.34
2560938,1,160229.52
2561000,1,53850
2560829,1,29443.84
2560930,1,150628.46
2561047,1,27891.73
2561076,1,101906.03
2614747,1,16379
2561117,1,125280
2561118,1,73500
2560993,1,37534.19
2560993,2,2240.43
2560993,3,318.7
2560993,4,20617.76
2560993,5,38366.08
2560993,6,107571.28
2560993,7,3602.18
2560993,8,89199.6
2560993,9,8508.05
2560993,10,290.24
2560993,11,147.97
2560993,12,1847.87
2560993,13,107.36
2560993,14,281.84
2560993,15,113.71
2560993,16,258.6
2560993,17,110.77
2560993,18,104.96
2560993,19,5493.41
2560993,20,3660.45
2560993,21,9635.55
105504002,1,28500
4537124,1,17266.92
2614763,1,9920.6
4537122,1,13199.74
4537145,1,30902.17
4537145,2,1397.54
4537145,3,696.78
4537145,4,108.1
4537145,5,2214.42
4537145,6,209.19
4537145,7,1976.59
4537145,8,1592.41
4537145,9,342.03
4537145,10,60.93
4537145,11,37.7
4537145,12,1073.56
4537145,13,4668.26
4537145,14,3210.27
4537145,15,1176.41
4537145,16,1204.17
4537145,17,3250.05
4537145,18,559.97
4537145,19,3176.07
4537145,20,252.94
4537145,21,149.54
4537145,22,516.22
4537145,23,303.85
4537145,24,934.45
4537145,25,85.9
4537145,26,1436.51
4537145,27,58.62
4537145,28,892.45
4537145,29,271.23
4537145,30,946.54
4537145,31,38.98
4537145,32,1811.94
4537145,33,2881.45
4537145,34,95.45
4537145,35,328.5
4537145,36,237.83
4537145,37,287.14
4537145,38,2166.7
4537145,39,31.42
4537145,40,165.68
4537145,41,226.69
4537145,42,319.75
4537145,43,1316.4
2561356,1,75893.52
2561356,2,21288.87
2561356,3,402.64
4537130,1,8340
4537147,1,12137.84
4537146,1,1761.84
4537146,2,1751.16
4537146,3,402.2
4537146,4,3581.81
4537146,5,104.41
4537146,6,208.81
4537146,7,355.93
4537146,8,213.56
4537149,1,3152.25
4537139,1,200
2614602,1,13050
2560675-C,1,10072.5
2560985,1,179382.8
2560985,1,179382.8
2560985,1,179382.8
2560985,1,179382.8
2560985,1,179382.8
2560899,1,51565.63
2560964,1,62538.89
2560951,1,1806
2560951,1,10500
2560951,1,10650
2560855,1,53014.5
4537163,1,202.41
4537163,2,105255.11
2560965,1,52329.32
2614675-3,1,23275.3
2614675-4,1,45011.84
2614675-4,2,17342.42
105503933,1,64321
105503934,1,56241
105503935,1,67569
105503995,1,46939.86
2561239,1,20678.03
2560999,1,1597.5
2560999,2,3468.55
2560999,3,32674.47
2560999,4,5210.06
2560999,5,9894.91
2561080,1,148539.21
2561080,2,21109.59
2561098,1,248389.42
2561249,1,392.87
2561249,2,236.39
2561249,3,583.59
2561249,4,8382.66
2561249,1,2553.4
2561249,2,1499.1
2561249,3,623.45
2561249,4,1734.62
2561249,5,1743.61
2561249,6,1731.49
2561249,7,1432.4
2561249,8,873.32
2561249,9,282.29
2561249,10,3831.09
2561249,11,1347.61
2561249,12,17961.5
2561249,13,66.77
2561249,14,1629.92
2561249,15,231.51
2561249,16,3517.45
2561249,17,2371.79
2561249,18,14182.33
2561249,19,6939.41
2561249,20,3580.29
2561249,21,10433.38
2561249,1,27079.23
2561249,2,4142.76
2561249,3,6406.12
2561249,4,914.19
2561249,5,1290.28
2561249,6,1129.18
2561249,7,739.2
2561249,8,1689.37
2561259,1,369.17
2561259,2,89.6
2561259,3,88.3
2561259,4,3599.34
2561259,5,12388.19
2561259,6,2596.21
2561259,7,669.21
2561259,8,547.47
2561259,9,1521.05
2561259,10,1320.54
2561259,11,1532.73
2561259,12,2039.36
2561259,13,705.12
2561259,14,820.41
2561259,15,732.08
2561259,16,2010.79
2561259,17,518.05
2561259,18,1514.36
2561259,19,10013.93
2561259,20,2890.17
2561259,21,315.4
2561259,22,476.93
2561259,23,852.17
2561259,24,225.92
2561259,25,695.26
2561259,26,614.11
2561259,27,276.27
2561259,28,84.69
2561259,29,1823.19
2561259,30,1548.15
2561259,31,501.57
2561259,32,666.48
2561259,33,2340.19
2561259,34,2374.92
2561259,35,4664.41
2561259,36,4437.58
2561259,37,1499.43
2561259,38,3439.6
2561259,39,608.17
2561259,40,2087.29
2561259,41,2141.29
2561259,42,485.52
2561259,43,1268.12
2561259,44,45.96
2561259,45,359.85
2561259,46,2166.76
2561259,47,185.07
2561259,48,113.22
2561259,49,2770.86
2561259,50,888.94
2561259,51,942.42
2561259,52,1215.19
2561259,53,27.19
2561259,54,249.97
2561259,55,575.4
2561259,56,255.63
2561259,57,299.96
2561259,58,2601.58
2561259,59,1975.91
2561259,60,1041.94
2561259,61,410.86
2561259,62,345.58
2561259,63,2477.02
2561259,64,682.55
2561259,65,490.88
2561259,66,5390.8
2561259,67,10211.65
2561259,68,6593.58
2561259,69,980.81
2561259,70,1212.9
2561259,71,5782.46
2561259,72,2746.16
2561259,73,170.2
2561259,74,250.67
2561259,75,1354.03
2561259,76,327.32
2561259,77,85.35
2561259,78,322.71
2561259,79,913.47
2561259,1,532.8
2614746,1,188136.74
2561202,1,28265.89
2614675-2,1,39010
2614675-1,1,42716.84
2614675-5,1,32498.55
2560569,1,38501.4
2560544,1,110670
2614684,1,56408.32
2614684,2,28876.8
2560957,1,39979.98
2560750,1,10692.41
105503950,1,72793
2561122,1,70893.54
105503955,1,44094
105503960,1,54098
105503963,1,56275
105503966,1,62843
105503967,1,55025
105503968,1,60188
105503969,1,73107
105503970,1,69913
105503971,1,76249
105503972,1,65626
105503973,1,53343
105503974,1,73882
2561012,1,149328.99
2561012,2,15937.65
2561012,3,60054.97
2561012,4,2059.65
2561012,5,1158.18
2561012,6,1030.07
2561012,7,5115.26
4537127,1,12464
4537161,1,23862.38
4537172,1,1953.7
4537172,2,762.45
4536883,1,15487.4
2560886,1,85049.43
2560886,2,28349.81
2614663,1,28907
2614663,2,4900
4537165,1,14000
4537165,2,10
2560929,1,61643.28
2560844,1,61643.28
2560845,1,61643.28
2614693,1,35413.78
2614693,2,115432.9
2614693,3,16237.31
2561087,1,116304.52
2561144,1,10812.9
2561144,2,24425.77
2561144,3,25609.5
2561144,4,1138.2
2561144,5,1138.2
2561144,6,4706.46
2561144,7,2504.04
2561144,8,939.02
2561159,1,109325.94
4537148,1,340.7
4537148,2,81.71
4537148,3,161.61
4537170,1,1919.25
4537171,1,31162.12
4537171,2,823.48
4537171,3,108.17
4537171,4,653.73
4537171,5,112.59
4537171,6,50.53
4537171,7,961.65
4537171,8,956.91
4537171,9,11857.16
4537171,10,5419.81
4537171,11,150.25
4537171,12,164.22
4537171,13,17.37
4537171,14,173.7
4537171,15,408.98
4537171,16,548.72
4537171,17,398.71
4537171,18,6740.22
4537171,19,382.92
4537171,20,336.34
4537171,21,948.23
4537171,22,116.06
2560318,1,25390
2560603,1,36771.32
2560663,1,37895.44
2560664,1,39974.77
2560746,1,18000
2560788,1,85049.43
2614677,1,7003.65
2560839,1,78120
4537157,1,595.26
4537157,2,1371.26
4537157,3,1332
4537164,1,351071
2560816,1,152000
105503936,1,66137
105503937,2,64458
2614736,1,23968.85
2614727,1,36574.9
2561006,1,38605.7
2561290,1,93023.66
2561290,2,83380.75
2561290,3,4861.58
2561290,4,29632.73
2561290,5,55215.23
2561290,6,10763.13
2561290,7,35126.02
2560995,1,222547.14
2614761,1,3740.58
2614761,1,3886.95
2561034,1,128306.82
4537098,1,105
4537098,2,393
4537098,3,28.8
4537098,4,382
4537098,5,86.4
4537098,6,99.6
4537098,7,207.6
4537098,8,36
4537098,9,319.2
4537098,10,273.6
4537098,11,136.8
4537098,12,45
4537098,13,9
4537098,14,9
4537098,15,91.2
4537098,16,30
4537098,17,20
4537168,1,11285.81
4537168,2,10672.86
4537168,3,271.92
4537152,1,8746.76
2614755,1,38890.38
4537131,1,2568.99
4537131,2,539.8
4537131,3,624.87
4537131,4,3181.88
4537131,5,3674.44
4537131,6,1384.34
4537131,7,2846.71
4537131,8,3045.93
4537131,9,682.52
4537131,10,77.59
4537131,11,1740.49
4537131,12,2306.72
4537131,13,2952.56
4537131,14,375.11
4537131,15,19785.64
4537131,16,502.52
4537131,17,1318.48
4537131,18,2302.07
4537131,19,328.96
4537131,20,3736.51
2560527,1,52800
2560527,2,780
2560806,1,148148.48
2560840,1,130709.32
2560799,1,30617.79
2560941,1,23387.6
2560888,1,39462.94
2561018,1,129083.87
2561010,1,43200
2560800,1,28168.03
2560801,1,29605.82
2560873,1,32145.02
2560874,1,34233.7
2560875,1,31775.1
2560952,1,34094.15
2561032,1,46226.04
2561032,2,5864.6
2561228,1,31881.15
2561023,1,28695.87
2561331,1,57909.2
2561331,2,58756.48
2561331,3,22198.43
2561295,1,127557.81
2561209,1,23571.92
2561215,1,24938.52
2561215,1,24938.52
2561269,1,53108.17
2561269,2,4041.19
2561269,1,42923.28
2561269,2,8857.82
4537175,1,794.85
4537173,1,138316.64
4537173,2,15295.5
4537173,3,2549.25
4537173,4,2039.4
4537173,5,5098.5
4537173,6,10621.88
4537181,1,2319.93
4537181,2,36471.38
4537181,3,4531.95
4537181,4,1348.79
4537174,1,8124
4537187,1,8779.73
4537187,2,924.16
4537187,3,2868.77
4537187,4,1220.66
4537187,5,3120.46
4537187,6,2821.26
4537187,7,1631.01
4537187,8,1383.95
4537187,9,414.15
4537187,10,898.85
4537187,11,339.79
2560427,1,113399.24
2560915,1,64469
2560913,1,64469
2560914,1,64469
2560976,1,137066.58
2561059,1,66431.36
2561108,1,38501.4
2561104,1,35581.34
2561121,1,116217.32
2561171,1,1742.58
2561171,2,429.6
2561171,3,3686.55
2561171,4,93855.74
2561171,5,32032.52
2560893,1,55156.99
2561060,1,76707.94
2561109,1,58022.1
2561124,1,58109.3
2561132,1,44547.5
2561046-1,1,5055.33
2561046-1,2,2371.06
2561046-1,3,20911.47
2561046-1,4,12089.96
2561046-2,1,6842.28
2561046-2,1,1708.05
2561046-2,2,8082.41
2561075,1,14264.83
2561075,2,118869.78
2561075,3,4561.26
2561086,1,58167.01
2561090,1,135080.61
2561333,1,116072.41
4537176,1,8353.64
4537176,2,96.99
4537176,3,293.27
4537176,4,1437.5
4537176,5,242.47
4537176,6,734.34
4537176,7,173.19
4537176,8,5378.19
4537176,9,103.92
4537176,10,478.01
4537176,11,848.65
4537176,12,1591.05
4537183,1,51972
4537184,1,1154.53
105503909,1,75232
2560690,1,158177.72
105503858,1,30100
2560980,1,19200
2560980,2,47500
2560980,3,44187.5
2560980,4,45600
2560823,1,40290
2560736,1,293436
2560824,1,32487
105503905,1,50419
2560786,1,36324.2
2560940,1,26064.8
2560940,2,2064
105503910,1,75516
2560804,1,49385
2560805,1,59142.6
4537158,1,3963.96
4537158,2,371
2561129,1,35029.26
2561130,1,17514.63
2560937,1,1730.09
2560937,2,4029.13
2560937,3,15403.3
2560937,4,8576.96
2560937,5,11431.47
2560937,6,1.78
2560937,7,3350.74
2560937,8,2937.6
2560937,9,155.48
2560937,10,54.52
2560937,11,1073.23
2560937,12,245.54
2560937,13,1037.09
2560937,14,328.13
2561107,1,29443.84
2561008,1,46878.16
2561009,1,46854.72
2561016,1,46636.47
2561091,1,38501.4
2560769,1,40290
2614740,1,1028
2561296,1,4336.69
2561296,2,2223.24
2561296,3,873.59
2561296,1,369.08
2561296,2,67571.75
2561296,3,8430.77
2561296,1,708.35
2561296,2,20906.89
2561296,3,3845.47
2561296,4,2220.66
2561296,5,4930.25
2561296,6,26679.28
2561297,1,1895.29
2561297,2,5276.34
2561297,3,2634.87
2561297,4,2796.03
2561297,1,2475.84
2561297,2,2412.3
2561297,3,5397.32
2561297,4,130.76
2561297,1,3920.04
2561297,2,213.35
2561297,3,2214.48
2561297,4,285.3
2561297,5,2089.63
2561297,6,592.46
2561297,7,8486.22
2561297,8,2100.76
2561297,9,32321.23
2561297,10,12936.77
2561297,11,3404.42
2561297,12,22970.2
2561297,13,3526.96
2561297,14,323.75
2561297,15,369.68
2561297,16,601.86
2561297,17,197.67
2561297,18,403.12
2561297,19,2737.96
2561297,20,605.5
2561297,21,923.41
2561297,22,3780.14
2561297,23,277.65
2561297,24,2364.83
2561297,25,11494.34
2561297,26,17044.46
2561297,27,6289.55
2561297,28,4343.7
2561297,29,4525.03
2561297,30,2890.12
2561297,31,1916.49
2561275,1,20459.68
2561276,1,10675.38
2561276,2,31142.17
2561276,3,7794.16
2561277,1,20459.68
4537178,1,7208.5
4537177,1,3315.44
4537177,2,373.28
4537177,3,437.63
4537182,1,4350
2614794,1,19259.46
2614794,2,23778.52
2561416,1,37010.65
4537189,1,3040
4537193,1,2109.6
2560540,1,31162.11
105503880,1,80873
2560633,1,20167.4
2614704-1,1,48271.05
2614704-1,2,261.3
2614710,1,13490
2560949,1,79520
2560949,2,2160
2560953,1,53014.5
2614704-2,1,36124.52
2614704-2,2,4040.83
2561020,1,186880.32
2561020,1,218572.2
2561068,1,218572.2
2561068,1,282684.6
2561069,1,99450
2561235,1,53806.36
2561235,2,18.8
2561235,3,908.35
2561235,4,236.83
2561235,5,4801.56
2560924,1,132480
2561089,1,81681.11
2561089,2,58422.3
2561089,1,81681.11
2561089,2,58422.3
2561089,1,81681.11
2561089,2,58422.3
2561089,1,81681.11
2561089,2,58422.3
2561089,1,81681.11
2561089,2,58422.3
2561089,1,81681.11
2561089,2,58422.3
2561089,1,81681.11
2561089,2,58422.3
2561089,1,81681.11
2561089,2,58422.3
2561156,1,74641.79
2561156,1,4719.22
2561156,1,8855.96
2561149,1,81488.34
4537144,1,8164.9
4537144,2,5684.46
4537160,1,6549.39
2614767,1,8135
4537162,1,2298
4537162,2,5165.34
4537200,1,31776.12
2560561,1,40334.8
2560537-A,1,10072.5
2560572,1,40108.2
2560586,1,113399.24
2560537-B,1,10072.5
2560537-C,1,10072.5
2560537-D,1,10072.5
2561027-A,1,16575
2560542,1,10072.5
2560852,1,77963.48
2560852,2,423.45
2560852,3,1546.2
2560852,4,436.8
2560859,1,69285.18
2560859,2,1932.75
2614699,1,6923.8
2561049,1,64469
2561050,1,64469
2560724-A,1,9877
2560724-B,1,9877
2560724-C,1,9877
2560724-D,1,9877
2560724-E,1,9877
105504003,1,74962.8
105504003,1,46567.8
105504003,1,67012.2
105504003,1,65876.4
2561214,1,3650
2561292,1,409053.63
2561292,1,269380.33
2561028-C,1,16575
2561028-E,1,16575
2561300,1,43724.74
2614779,1,15507.13
2614791,1,10195
4537186,1,744.14
4537186,2,6097.08
4537186,3,512
4537186,4,481.1
2561446,1,65875.89
4537188,1,1546
2614800,1,19862
4537198,1,3547.3
2560704,1,40615.14
2560704,2,119211.23
2561040,1,27115.6
2560987,1,43140
2560987,2,5800
2561158,1,85498.49
105503994,1,62900
2561037,1,61493.98
105503990,1,57001
2560536,1,50985.1
2561204,1,13134.97
2561204,2,92242.95
2561204,3,48056.08
2561207,1,184627.88
2561213,1,11723.73
2561213,2,3440.05
2561213,3,4069.07
2561213,4,92389.06
2561203,1,24009.3
2561294,1,90382.5
4537191,1,186910
2560706,1,132480
2560765,1,37818.76
2614656,1,18198.56
105503996,1,57905
2560847,1,137165.32
2560867,1,695520
2561078,1,318696
2561079,1,284550
2561058-1,1,9815.59
2561058-1,1,8382.66
2561058-2,1,23594.72
2561106,1,60996.6
2561027-F,1,16575
2561028-F,1,16575
2560990-C,1,17671.5
4537202,1,53
4537202,2,45
2614806,1,327.6
2614806,2,112.24
2614806,3,627.2
2614806,4,280
2614806,5,321.44
2614806,6,958.86
2614806,7,334.4
4537203,1,250
2560971,1,110670
2561005,1,48222.72
2561001,1,9717.82
2561001,2,1394.04
2561001,3,307.04
2561052,1,47261.5
2561021,1,49772.13
2561135,1,37274
2561114,1,102152
2561114,2,7246.4
2561114,3,7534.87
2561198,1,45958.12
2561305,1,28056.49
2561281,1,14407.5
2561270,1,58543.84
2561270,1,56359.6
2561286,1,55790.21
2561286,1,78
2561205,1,129780
2561283,1,28265.89
4537208,1,36734.89
4537208,2,1764.53
4537208,3,1927.41
4537208,4,11073.68
4537213,1,279.81
4537213,2,246.32
4537213,3,3366.5
4537213,4,1679.03
4537213,5,1591.91
4537213,6,168
4537213,7,5886.5
4537213,8,884.06
4537213,9,89.6
2560705,1,25076.93
2560705,2,11230.32
2560705,3,36163.75
2560974,1,262238
2560882,1,20411.86
2560955,1,39462.94
2560975,1,131119
2561131,1,87441.66
105503992,1,42354
105503993,1,43376
105503984,1,81640
105503985,1,81190
105503986,1,67861
105503987,1,49990
105503988,1,44616
105504007,1,82598
105504008,1,44508
105504009,1,44081
105504010,1,76665
105504011,1,83346
105504012,1,76645
2561322,1,106677.15
4537210,1,525
4537210,2,12.4
4537210,3,128.93
4537210,4,318.83
4537212,1,2509.98
4537212,2,625
4537212,3,3982.38
4537212,4,8855.55
2614796,1,16021
4537206,1,1112.43
4537206,2,719.22
4537206,3,14526.88
4537206,4,111.73
4537206,5,335.63
4537206,6,170.47
4537206,7,98.03
4537206,8,612.66
4537206,9,18.46
4537206,10,14.72
4537206,11,1964.83
4537206,12,139.27
2560851,1,110670
2560830,1,93330
2560921,1,49385
2614692,1,117000
2561042,1,70101.23
2561062,1,34585.14
105503997,1,58060
2561230,1,45299.06
2561022,1,7238.71
2561022,2,4621.1
2561022,3,2648.84
2561022,4,24090.04
2561022,5,1297.1
2561022,6,7234.49
2561022,7,2716.12
2561022,8,1650.8
2561022,9,8182.01
2561022,10,1045.07
2561022,11,5438.07
2561022,12,274.77
2561022,13,954.05
2561022,14,547.6
2561022,15,239.01
2561022,16,91.99
2561022,17,1965.94
2561022,18,996.23
2561022,19,237.01
2561022,20,103.44
2561022,21,3364.03
2561022,22,491.69
2560927-1,1,4432.26
2560927-1,1,22232.44
2560927-1,2,17997.85
2560927-1,3,12059.49
2560927-2,1,23217.53
2560927-2,2,4963.98
2560990-A,1,17671.5
2561028-A,1,16575
2561027-B,1,16575
2561027-C,1,16575
2561027-D,1,16575
2561027-E,1,16575
2560928,1,37941.47
2560928,2,17794.69
2560928,1,38424.17
2561293,1,60996.6
2561028-B,1,16575
2561028-D,1,16575
26147212A,1,2250.62
26147212A,2,469
26147212A,3,2171.7
26147212A,4,472.5
2561355,1,9705.49
2561355,2,2542.57
2561355,3,7754
2561355,4,1379.82
2561355,5,1334.14
2561355,6,350.88
2561355,7,2594.68
2561355,8,401.53
2561355,9,93.8
2561355,10,397.98
2561355,11,1055.46
2561355,12,83.92
2561355,13,355.88
2561355,1,38866.69
2561355,2,3202.1
2561355,3,12366.7
2561355,4,4288.07
2561355,1,18662.89
2561355,2,367.61
2561355,3,1119.68
2561355,4,2009.63
2561355,5,196.19
2561355,6,300.34
2561355,7,4738.42
2561355,8,3552.69
2561355,9,127.82
2561385,1,32055.97
2561385,2,596.68
4537192,1,14850
2560990-B,1,17671.5
4537204,1,4413.66
4537204,2,7809.68
4537204,3,460.94
4537207,1,4478.75
2614812,1,3041.56
4537214,1,293.02
26147211A,1,5129.6
2561041,1,22125
2561041,2,13431.44
2561041,3,9017.28
2561126,1,85993.59
2561147,1,258615
2561147,2,2664.9
2561164,1,406080
2614725-1,1,24166.89
2614725-4,1,33677.52
2614725-2,1,169950
2614725-3,1,6284.77
2614725-9,1,236.06
2614725-9,2,19890.37
2614725-5,1,39873.31
2614725-7,1,24166.89
2614725-8,1,63711.76
2614725-6,1,4183.58
2614725-6,2,7068.9
2614725-6,3,899.38
2614725-6,4,50208.75
2614725-6,5,235.8
2614725-6,6,166.55
2614725-6,7,20.39
2614725-6,8,842.95
2614725-6,9,2115.54
2614725-6,10,535.34
2614725-6,1,9277.32
2561116,1,20475.86
2561116,2,2.28
2561217,1,46887.06
2614782,1,5407.81
2614782,1,8957.04
2614781,1,58201.76
2561354,1,28109.23
2561354,2,1494.53
2561354,3,5822.13
2561354,4,2163.2
2561354,5,1414.5
2561354,6,1898.43
2561354,7,3175.84
2561354,8,9493.87
2561354,9,19241.34
2561354,10,260.01
2561354,11,2135.28
2561354,12,1292.25
2561354,13,967.45
2561354,14,514.03
2561354,15,884.33
2561354,16,265.3
2561354,17,2548.71
2561354,18,378.23
2561354,19,24.75
2561354,20,1329.67
2561354,21,1775.67
2561354,22,25.62
2561354,23,1828.14
2561354,24,2683.81
2561354,25,390.69
2561354,26,3676.57
2561354,27,1581.34
2561354,28,1306.41
2561354,29,316.22
2561354,30,3720.14
2561354,31,1001.85
2561354,32,1860.75
2561354,33,2113.46
2561354,34,131.25
2561354,35,64.4
2561354,36,2924.13
2561354,37,434.25
2561354,38,997.97
2561354,39,56.77
2561354,40,1156.96
2561354,41,1775.6
2561354,42,29.31
2561354,43,71.61
2561354,44,254.05
2561354,45,10.78
2561354,46,1427.46
2561354,47,4983.69
2561354,48,11.21
2561354,49,1583.13
2561354,50,3875.66
2561354,51,2814.05
2561354,52,6589.68
2561354,53,1251.6
2561354,54,1573.75
2561354,55,422.22
2561354,56,250.7
2561354,57,3962.02
2561354,58,223.8
2561354,59,189.23
2561354,60,789.85
2561354,61,3415.97
2561354,62,144.91
2561354,63,3347.13
2561272,1,31536.67
2561093,1,234800.47
2614752,1,4846.49
2561360,1,28265.89
4537209,1,445.88
4537209,2,114.33
4537209,3,1495.42
4537209,4,2158.52
4537209,5,1166.15
4537209,6,411.59
4537209,7,370.42
4537209,8,109.76
4537209,9,1937.88
4537209,10,338.42
4537209,11,971.79
4537209,12,217.22
4537209,13,3772.85
4537209,14,823.17
2561110-1,1,2269.57
2561110-1,2,1425.61
2561110-1,3,39081.88
2561110-2,1,7125.41
2561110-2,2,2907.49
2561110-2,3,7405.15
2561110-2,4,10009.06
2561110-2,5,6936.28
2614733,1,40400
2561061,1,61120.73
2614695,1,1050
2614695,2,46788.4
2614695,3,237.16
2614695,4,170
2614695,5,1186.56
105503961,1,34000
2561143,1,56393.77
2561143,2,13160.52
2561039,1,7827.74
2561039,2,58712.43
2561101,1,64469
2561102,1,64469
2561152,1,29443.84
2561289,1,29001.6
2561289,2,20001.22
2561289,3,6450.23
2561038,1,11278.34
2561038,1,18195.05
2561038,1,54253.76
2614774,1,1596.51
2614774,2,1108.82
2561036,1,40212.31
2561092,1,2556.72
2561092,2,33782.31
2561092,3,3093.45
2561092,4,41022.97
2614797,1,7787
4537219,1,3854.18
4537219,2,10.68
4537219,3,29.6
4537219,4,25.8
2560883-A,1,17671.5
2560883-C,1,17671.5
2614717,1,8035.38
2614717,2,72037.5
2561127,1,142201.34
2561157,1,39979.98
2561224,1,25618.52
2561224,1,25618.52
4537197,1,109800
4537218,1,29456
4537217,1,31033.16
4537217,2,8964.8
4537217,3,1350.57
4537217,4,1851.85
4537217,5,248.06
ETD 5-15,1,118
4537233,1,131145.9
2560884-A,1,10072.5
2560884-B,1,10072.5
2560884-C,1,10072.5
2560884-D,1,10072.5
4537235,1,19357.67
4537235,2,15854.03
2560837-A,1,10072.5
2560837-B,1,10072.5
2560837-C,1,10072.5
2561170,1,34735.2
2561105,1,39428.4
2561153,1,42063.44
2560782,1,158323.87
2560782,2,107808.41
2561229,1,25392
2561218,1,22161.61
2561218,2,21425.7
2561320,1,80646.68
2561349,1,5807.79
2561428,1,2470.36
2561428,2,31433.52
2561428,3,477.13
2561428,4,5917.71
2561428,5,4100.05
2561428,1,46708.33
2561428,1,6117.11
2561428,1,29677.64
2561428,1,13911.83
2561428,2,9339.08
2561428,1,126499.87
2561428,1,80385.48
2561301,1,144436.9
2561166,1,34771.52
2561222-1,1,17164.72
2561222-1,1,371153.98
2561222-2,1,13595.35
4537222,1,207.57
4537222,2,100.36
4537222,3,4350.94
4537222,4,556.52
4537222,5,3739.82
4537236,1,132000
2560918,1,62832
2561002,1,51312.69
2561002,2,245.3
2561002,3,2223.76
2561002,4,3840.48
2561002,5,55.56
2561003,1,4900.29
2561003,2,58976
2561003,3,12264.49
2561054,1,25045.6
2614678,1,16373.7
2614678,2,12711.81
2561094,1,109325.94
2561160,1,109325.94
2561200,1,58224.4
2561095,1,40520.17
2561095,2,892
2561095,3,2595
2561111,1,15744.62
2561112,1,42746.15
2561112,2,3976.4
2561112,3,64.26
2561112,4,1819.44
2561113,1,42856.2
2561113,2,1920
2561172,1,9263.03
2561172,2,1617.28
2561175,1,27974.39
2561175,2,3436.72
2561175,3,28686.41
2561176,1,31962.68
2561176,2,155.56
2561176,3,156.1
2561176,4,5054
2561176,5,1007
2561208,1,153846.73
2561223,1,47186.77
2561223,2,11135.72
2561223,1,25218.52
2561223,1,1060
2561223,1,31162.76
2561223,2,25196.12
2561241,1,29443.84
2561279,1,16583
4537230,1,22646.14
2614828,1,26000
4537247,1,2635.31
4537247,2,2881.19
4537247,3,80.24
105503949,1,69157
2561081,1,131119
2561082,1,131119
105503951,1,60581
105503956,1,51756
105503957,1,73178
105503958,1,55581
105503975,1,77388
105503976,1,57060
105503977,1,47168
105503978,1,73722
105503979,1,47358
105503980,1,87281
2561168,1,27367.85
2561338,1,20167.4
2561291,1,24009.3
4537225,1,29456
4537224,1,18245.39
4537232,1,11698.05
4537232,2,172997.45
4537232,3,32704.41
4537232,4,5013.45
4537232,5,5514.8
4537232,6,1504.04
4537232,7,38.99
4537221,1,10082.61
4537229,1,6882.11
4537248,1,17535.04
4537249,1,1143.07
4537249,2,14784.11
4537249,3,1960.82
4537250,1,306.1
105503908,1,65883
2560693,1,131119
2560697,1,131119
2560939,1,13027.38
2560939,2,65744.37
2560756,1,131119
2561004,1,93330
2614697,1,357.1
2561067,1,52501.4
2561288,1,60449.53
2561244,1,91477.32
2614798,1,25964
2614798,2,17942.55
105504019,1,113389
105504020,1,101485
105504021,1,69533
2561317,1,3060
2561317,1,7920
105504022,1,58468
105504024,1,62462
105504028,1,53205
105504030,1,66798
2561182,1,296884.46
2614735-1,1,23061.25
2614735-1,2,4923.6
2614735-3,1,21262.5
2614735-6,1,21136.59
2614735-6,2,4079.18
2614735-2,1,443770
2614735-5,1,32536.49
2561469,1,13121.1
2561469,463,1061.4
2561469,3,3007.94
2561469,46,10470.09
2561469,5,38225.01
2561469,6,239.54
2561469,7,624.16
2561469,1,1197.25
2561469,2,244.7
2561469,3,330.56
2561469,4,1481.2
2561469,5,1777.54
2561469,6,9517.27
2561469,7,8056.49
2561469,8,1887.36
2561469,9,500.71
2561469,10,641.13
2561469,11,19758.49
2561469,12,23971.24
2561469,13,8973.94
2561469,14,9837.43
2561469,15,2495.25
2561469,16,103.69
2561469,17,3588.05
2561469,18,1166.77
2561469,1,15615.79
2561469,2,245.78
2561470,1,3109.31
2561470,2,355.1
2561470,3,1326.21
2561470,4,2115.43
2561470,1,126.31
2561470,2,8124.17
2561470,3,4191.24
2561470,4,854.82
2561470,5,423
2561470,6,7771.3
2561470,7,4401.17
2561470,8,3365.35
2561470,9,4233.47
2561470,10,2257.01
2561470,11,740.83
2561470,12,682.94
2561470,13,3730.67
2561470,14,122.97
2561470,15,37.78
2561470,16,107.23
2561470,17,385.61
2561470,18,338.09
2561470,19,143.94
2561470,20,57.61
2561470,21,1814.88
2561470,22,112.19
2561470,23,255.32
2561470,24,340.23
2561470,25,2685.77
2561470,26,428.26
2561470,27,29178.43
2561470,28,4878
2561470,29,2875.81
2561470,30,5034.41
2561470,31,3331.52
2561470,32,78.55
2561470,33,48.93
2561470,34,73.88
2561470,35,23.03
2561470,36,336.82
2561470,37,34.12
2561470,38,241.39
2561470,39,238.06
2561470,40,65.84
2561470,41,494.17
2561470,42,8971.32
2561470,43,986.69
2561470,44,3339.93
2561470,45,2255.16
2561470,46,201.83
2561470,47,205.05
2561470,48,135.2
2561470,49,259.71
2561470,50,10798.27
2561470,51,413.78
2561470,1,15090.29
2561470,2,1766.39
2561470,3,191.75
2561329,1,98365.11
2561268,1,162121.64
2614811,1,17942.55
2614811,2,10832.8
4537234,1,61253.06
2614824,1,2010
4537242,1,1125.16
4537242,2,495.35
4537242,3,388.02
4537242,4,504.79
4537242,5,806.72
4537242,6,4035.98
4537242,7,2376.53
4537242,8,178.09
4537242,9,188.71
4537242,10,497.72
4537242,11,299.57
4537241,1,7399.8
4537241,2,356.29
4537241,3,102.25
4537241,4,621.35
4537241,5,111.14
4537241,6,43.26
4537241,7,28.94
4537241,8,4431.25
4537241,9,1923.2
4537241,10,18.88
4537241,11,1250.57
4537241,12,229.66
4537241,13,198.2
4537241,14,1838.88
4537241,15,1179.78
4537241,16,25031.56
4537241,17,1805.85
4537241,18,8.81
4537241,19,602.47
4537241,20,23301.44
4537241,21,72.28
4537241,22,2851.14
4537241,23,510.45
2614829,1,20500
4537251,1,620
2561030,1,110670
2561085,1,81761.4
2561145,1,202635
2561287,1,78280
2561343,1,4026.73
2561343,2,43683.11
2561343,3,82399.97
2561343,4,40267.35
2561326,1,1652.37
2561326,2,18748.59
2561326,3,28769.89
2561326,4,3453.4
2561326,5,4676.19
2561443,1,28265.89
4537226,1,16632.4
4537226,2,3499.1
4537226,3,342
4537215A,1,1682.5
2560850,1,37777.2
2561219,1,45998.81
2561319,1,87221.01
2560991-A,1,17671.5
2561174,1,19428.34
2561138,1,44114.46
2614731,1,9888.34
2614731,2,43426.96
2614731,3,27066
2614731,4,217.4
2561216,1,42377.98
2561341,1,29083.5
2561163,1,186880.32
2561163,2,218572.2
2561261,1,3207
2561261,2,6458.3
2561261,3,104149.58
2561261,1,14207.1
2561261,2,2600
2560991-B,1,17671.5
2560991-C,1,17671.5
2561302,1,78280
2614766,1,50176
2561444,1,144436.9
2561418,1,6640
2561447,1,228932.68
2614814,1,33051.9
4537156,1,10400
2561340,1,58167.01
4537246,1,12723.3
4537246,2,4409.37
2614726,1,9806
4537253,1,11343
4537258,1,130001.76
4537259,1,14062.87
4537259,2,1233.1
4537259,3,43.43
4537259,4,1276.77
4537259,5,550.25
4537259,6,75.43
4537259,7,362.07
4537259,8,622.5
4537259,9,2143.03
4537259,10,163.17
4537259,11,53.99
4537259,12,110.37
4537259,13,69.56
4537259,14,174.52
4537259,15,687.93
4537259,16,675.86
4537259,17,124.82
4537259,18,173.89
4537259,19,164.76
4537259,20,97.82
4537259,21,173.89
4537259,22,43.83
4537259,23,109.57
2560757,1,53132.55
2560789,1,70843.4
2561221,1,79086.95
2561267,1,20167.4
105504023,1,54995
2614789,1,64651.93
2614789,2,27009.55
2561379,1,22776.39
4537211,1,10682.17
2561414,1,90382.5
2561263,1,45211.42
2561263,2,8808.81
2561263,3,35478.41
2561263,4,1586.24
2561328,1,51287.76
2561328,2,68817.36
2561328,3,4061.63
2561328,4,708.6
2561391,1,30521.59
2561474,1,109325.94
2561233,1,113399.24
4537240,1,254.51
4537240,2,3651.54
4537240,3,9523.3
4537240,4,14.22
4537240,5,265.2
4537262,1,966.56
4537223,1,19189.59
2560883-B,1,17671.5
2561210,1,21759.76
2561237,1,39979.98
2560968,1,30458.58
2561099,1,52036.17
2561099,2,114647.05
2561137,1,63565.24
2561351,1,116334.01
105504015,1,40107
2614786,1,3875.34
2614709,1,13505.31
2561243,1,36987.3
2561318,1,36987.3
2561504,1,121296.84
2561311,1,62898.78
4537261,1,4651.7
2614831,1,6033.12
4537277,1,794.5
4537277,2,33.6
4537277,3,1.82
4537277,4,113.5
4537277,5,1089.6
4537277,6,20522.5
4537277,7,81.72
4537277,8,102.15
4537277,9,421.09
4537277,10,232.56
4537277,11,124.85
4537277,12,544.8
4537277,13,90.8
4537274,1,460
4537289,1,15887.89
4537289,2,38079.92
4537289,3,750.24
4537289,4,17148.02
2560917,1,54129.6
2560848,1,8707.5
2560988,1,30617.79
2560984,1,64125
2560983,1,42675
2561125,1,59958.36
2561154,1,42063.44
105504000,1,57270
105504001,1,52332
2560967,1,30918.22
2561057,1,56699.62
2561284,1,51012.59
2561284,2,257.04
2561284,3,70.97
2561284,4,450
2561284,5,1790.58
2561284,6,307.04
2561284,7,3710.4
2561285,1,811.98
2561285,2,48906.82
2561285,3,4140.44
2561285,4,4056.84
2561285,5,12264.48
2561285,6,1374.2
2561309,1,54338.49
2561227,1,74364.18
105504025,1,25300
105504027,1,42889
2561280,1,49800
2561423,1,40986.82
2561457,1,27484.72
2561169,1,32093.12
4537254,1,6297.25
4537267,1,34232.51
2561055,1,27594.64
2561146,1,31976
2561123,1,247346.22
2561313,1,36751.04
2561313,2,31522.42
2561313,3,244.31
2561136,1,131026.14
2561070-B,1,16575
2561070-D,1,16575
2561070-F,1,16575
2561282,1,14940
2561220,1,137586.2
2561381,1,47184.83
2561381,2,670.34
2561381,3,13914.95
2561381,4,12857.87
2561381,5,6600.78
2561381,6,3992.52
2561381,7,8218.01
2561381,8,693.39
2561381,9,751.16
2561382,1,50962.64
2561382,2,39544.96
2561382,1,69.85
2561430,1,65737.64
2561430,2,395.25
2561503,1,50843.52
2561463,1,42700.46
2561463,2,32404.5
2561463,3,5969.36
2561463,4,15387.12
2561463,5,4445.52
2561463,6,1350.6
2561465,1,53668.16
2561464,1,69596.64
2561464,2,27771.11
2561464,3,40026.24
2561464,4,33997.6
2561471,1,50843.52
4537271,1,3453.13
4537271,2,638.67
4537271,3,214.99
4537271,4,24.65
4537271,5,970.07
4537271,6,238.09
4537292,1,6271.57
4537292,2,2614.93
4537292,3,115.11
4537292,4,31.78
4537292,5,12.49
4537280,1,308776.84
4537280,2,14053
4537282,1,2322.21
4537272,1,6537.6
4537269,1,35913.67
4537295,1,16318.72
4537295,2,2266.28
4537295,3,623.89
4537295,4,773.98
4537295,5,25.74
4537275,1,1362
4537265,1,2007.5
4537300,1,611.56
4537300,2,2257.71
4537300,3,4986.66
4537300,4,1169.65
4537300,5,61518.59
4537300,6,13160.4
4537300,7,1199.43
4537300,8,1825.6
4537300,9,2199.07
4537300,10,708.86
4537300,11,5625.96
4537300,12,151
4537300,13,171.82
4537300,14,1040.68
4537300,15,95.62
4537300,16,104.72
4537300,17,77.46
4537300,18,353.01
4537300,19,207.23
4537300,20,1390.18
4537300,21,9229.12
4537300,22,131.31
4537300,23,47.6
4537300,24,11.2
4537300,25,380
4537298,1,7671.25
2560637,1,17710
2560637,2,16289
2614694,1,7129.43
2561103,1,45561.6
2561346,1,48136.1
2561278,1,33200
2561358,1,60408.52
4537264,1,213825.49
2614813,1,12495
4537273,1,2478.45
4537268,1,162487
4537294,1,5.8
4537294,2,8176.02
4537294,3,2486.9
4537294,4,359.41
4537294,5,2272.4
4537294,6,23.19
4537294,7,3454.98
4537294,8,294.48
4537294,9,381.44
4537294,10,735.05
4537294,11,100.87
2561070-A,1,16575
2561299,1,320700
2561299,2,2280
2561299,3,5568
2561299,4,2496
2614723,1,1153
2561070-C,1,16575
2561070-E,1,16575
105504017,1,54108
105504018,1,40390
2561240,1,10320
2561140,1,40641.36
2561225,1,218572.2
2561225,1,277393.05
2561139,1,4792.81
2561139,2,58259.55
2561368,1,37765.42
2561368,1,6203.49
2561368,1,34174.53
2561426,1,75632.03
2561327,1,196133.44
2561327,2,114149.53
2561327,3,5310.86
2561327,4,2002.92
2561327,5,1169.72
2561327,6,5365.9
2561384,1,201119.07
2561425,1,30822.42
2614775-1,1,104232.11
2614775-1,2,7911.16
2561332,1,38944.17
2561477,1,72836.06
2561477,1,4671.57
2561477,1,31404.56
2561477,1,21683.68
2561477,1,7627.62
2614775-3,1,46063
2614775-2,1,885.14
2614775-2,2,5613.93
2614775-2,3,29576.84
2614775-2,4,8007.56
2614775-4,1,16961.98
2614775-5,1,64730.32
2614785-3,1,117450
2561459,1,47253.78
2561459,1,33984.32
2561460,1,141156.96
2614773,1,27696.9
2614785-1,1,571.97
2614785-1,2,396.08
2614785-1,3,1211.81
2614785-1,4,16.7
2614785-1,5,777.04
2614785-1,6,97.35
2614785-1,7,194.47
2614785-1,8,592.1
2614785-1,9,187.84
2614785-1,10,127.66
2614785-1,1,1795.42
2614785-1,1,5341.01
2614785-1,1,2351.3
2614785-1,2,34.42
2614785-1,3,104.27
2614785-1,1,116.63
2614785-1,2,65.98
2614785-1,3,325.29
2614785-1,4,220.49
2614785-1,1,175.78
2614785-1,2,40.94
2614785-1,3,262.22
2614785-1,4,769.28
2614785-1,5,2171.99
2614785-1,6,743.15
2614785-1,7,873.31
2614785-1,8,409.69
2614785-1,9,859.74
2614785-1,10,405.74
2614785-1,11,20.04
2614785-1,12,184.62
2614785-1,13,340.04
2614785-1,14,163.55
2614785-1,15,607.92
2614785-1,16,2731.77
2614785-1,17,1223.37
2614785-1,18,91.79
2614785-1,19,289.54
2614785-1,20,168.92
2614785-1,21,16.04
2614785-1,22,1181.66
2614785-1,23,263.26
2614785-1,24,3075.97
2614785-1,25,318.22
2614785-1,26,120.89
2614785-1,27,304.86
2614785-1,28,12.87
2614785-1,29,112.7
2614785-1,30,445.69
2614785-1,31,186.74
2614785-1,32,732.84
2614785-1,33,1160.46
2614785-1,1,2360.02
2614785-1,2,16.43
2614785-1,3,3799.77
2614785-1,4,39.39
2614785-1,5,1935.72
2614785-1,6,80.22
2614785-1,7,93.58
2614785-1,8,16.99
2614785-1,9,573.05
2614785-1,10,13.59
2614785-1,11,28.51
2614785-1,12,75.39
2614785-1,13,566.5
2614785-1,14,123.39
2614785-1,15,20.56
2614785-1,16,127.81
2614785-1,1,1503.68
2614785-1,2,275.69
2614785-1,3,757.69
2614785-1,4,208
2614785-1,5,2455.32
2614785-1,6,24.16
2614785-1,7,169.44
2614785-1,8,160.8
2614785-1,9,819
2614785-1,10,17.5
2614785-1,11,174.48
2614785-1,12,247.2
2614785-1,13,44
2614785-1,14,10.98
2614785-1,15,42.72
2614785-1,16,183.18
2614785-1,17,81.59
2614785-1,18,18.49
2614785-1,19,320
2614785-1,1,369.14
2614785-1,2,368.1
2614785-1,3,36.18
2614785-1,4,53.2
2614785-1,1,1138.72
2614785-1,2,118.12
2614785-1,3,20.45
2614785-1,4,2017.49
2614785-1,5,1452.3
2614785-1,6,44.7
2614785-1,7,125.73
2614785-1,8,68.68
2561526,1,28265.89
4537304,1,1937.3
4537304,2,936.49
4537304,3,99.16
2561544,1,1470.56
2561544,2,45502.71
2561544,3,11199.05
2561544,4,5895.08
2561544,5,4516.83
2561544,6,2110.34
2561544,7,3015.34
2561544,8,4323.95
2561544,9,12959.65
2561544,10,1033.36
2561544,11,3116.26
2561544,12,208.59
2561544,13,2918.83
2561544,14,3648.94
2561544,15,412.17
2561544,16,4343.03
2561544,17,186.83
2561544,18,1770.19
2561544,19,1706.12
2561544,20,183.53
2561544,21,4735.87
2561544,22,1704.44
2561544,23,11789.73
2561544,24,217.58
2561544,25,2975.53
2561544,26,102.58
2561544,27,3029.83
2561544,28,4504.35
2561544,29,316.3
2561544,30,12149.15
2561544,31,454.49
2561544,1,4560.19
2561544,2,559.7
2561544,1,1096.02
2561544,2,20632.18
2561518,1,21621.84
2561366,1,65329.43
2614802,1,6555.51
2561578,1,17867.94
2561578,2,3371.71
2561578,3,3009.67
2561578,4,2282.79
2561578,5,13508.85
2561578,6,11700.72
2561578,7,11486.82
4537285,1,35468.75
4537285,2,2497
4537286,1,2481.02
4537305,1,12276.5
4537308,1,470.88
4537308,2,1690.88
4537308,3,214.04
4537308,4,64.21
4537312,1,43119.68
4537312,2,5011.21
4537312,3,304.67
105503911,1,45150
2561339,1,45577.5
2561162,1,22000.8
2561325,1,95153.34
2561325,2,150984.58
2561325,1,95153.34
2561325,2,150984.58
2561325,1,95153.34
2561325,2,150984.58
2561325,1,95153.34
2561325,2,150984.58
2561324,1,81681.11
2561324,2,58422.3
2561324,1,81681.11
2561324,2,58422.3
2561324,1,81681.11
2561324,2,58422.3
2561324,1,81681.11
2561324,2,58422.3
2561324,1,81681.11
2561324,2,58422.3
2561324,1,81681.11
2561324,2,58422.3
2561195,1,64469
2561196,1,64469
2561197,1,64469
2561310,1,41300
2561310,2,46080
2561310,3,34800
2561310,4,35350
2614780,1,227640
4537279,1,4061
4537279,2,3374.35
4537279,3,1692.05
4537279,4,973.05
4537279,5,1954.4
4537281,1,31834.26
4537281,2,2184.85
2561773,1,32474.32
4537319,1,5
105503999,1,76405
105504004,1,60658
105504005,1,76581
105504006,1,78375
2561212,1,284675
2614720,1,164055.18
2561363,1,19360.7
2614744,1,15368.15
2561400,1,6738.9
2561400,2,683.68
2561400,3,504
2561479,1,116334.01
2561337,1,72218.45
2561445,1,144436.9
4537252,1,13600
4537306,1,9357.22
4537293,1,43338.24
4537293,2,4776.24
4537293,3,1616.16
4537293,4,30625.69
4537315,1,8553.86
4537315,2,6468.68
4537315,3,3288.3
4537315,4,243.56
4537315,5,12555.79
4537315,6,86.11
4537315,7,284.41
4537315,8,146.47
4537315,9,43.45
4537315,10,51.35
4537315,11,8.22
4537315,12,8.69
4537315,13,269.87
4537315,14,29.55
4537315,15,3.16
4537315,16,7197.87
4537315,17,148.37
4537315,18,19.75
4537315,19,173.8
4537315,20,2763.49
4537315,21,263.87
4537315,22,372.1
4537315,23,224.37
4537315,24,725.24
4537315,25,67.78
4537315,26,325.49
4537315,27,11098.2
4537315,28,192.76
4537315,29,188.02
4537315,30,11.06
4537315,31,203.04
4537322,1,21103.92
2561231,1,130861.5
105504048,1,47891
2614815-2,1,163729.64
2614815-2,2,347.93
2614815-2,3,40335.99
2614815-2,4,455.47
2614815-1,1,35557.87
2614815-3,1,69632.89
2614815-3,2,10664.74
2614805-1,1,397087.97
2614805-1,2,35465.76
2614787-3,1,13437.69
2614787-3,2,543
2614787-3,3,7992.59
2614787-3,4,1935.01
2614787-3,5,7064.3
2614787-3,6,828.66
2614787-2,1,32498.55
2614787-4,1,5778.4
2614787-6,1,12096.45
2614787-5,1,32643.13
2614809,1,23598.22
2614810,1,3826.85
2561478,1,80321.13
2614805-2,1,44247.19
2614805-2,2,16888.42
2614805-2,3,512.49
2614805-2,4,446.75
2614805-2,5,69.85
2614805-2,6,1639.82
2614805-2,7,9048.83
2614805-2,8,774.75
2614805-2,9,382.14
2614805-2,10,362.86
2614805-2,11,60.16
2614805-2,12,1634.38
2614805-2,13,1969.78
2614805-2,1,82168.66
2614805-2,1,28682.46
2614805-2,2,796.3
2614805-2,3,481.29
2614805-2,4,2663.35
2614805-2,1,472.38
2614805-2,2,48828.55
2614805-2,3,601.61
2561538,1,32547.69
4537297,1,49420
4537301,1,2169.25
4537276,1,37589.65
2614826,1,26648.2
2614826,2,25707.74
2614822,1,10725.89
2614822,2,17765.46
2561014,1,76124.36
2561014,2,1546.2
2561014,3,1093.6
2561014,4,262.08
2561128,1,142758.57
2561461,1,41605.88
2561461,2,3234
2561461,3,2742.12
2561462,1,8796.9
2561462,2,8569.12
2561462,3,1674.33
2561522,1,35837.54
2561577,1,50625.07
2561388,1,25218.52
2561389,1,52205.64
2561389,1,205
2561389,1,41973.06
2561389,1,3599.8
2561567,1,48018.88
2561567,2,8507.52
2561568,1,11708.7
2561568,2,54687.36
2561568,3,1169.71
2561568,4,1058.64
2561569,1,2923.17
2561569,2,44408.18
2561569,3,3133.55
2561569,4,39676.66
2561588,1,54177.76
2561589,1,23548.94
2561589,2,11184.43
2561589,3,61457.76
2614850,1,5729.4
4537290,1,253.94
2614832,1,15623
2561304,1,45725.09
2561380,1,9282
2561502,1,116334.01
2561517,1,78280
2561488,1,116334.01
2561500,1,29083.5
2561501,1,29083.5
4537245,1,10900
2561571,1,35341.14
2561554,1,7834.57
2561554,2,7515.7
4537266,1,1391.63
4537266,2,1178.08
4537266,3,457.65
4537266,4,9.36
4537266,5,55.52
2561499,1,104689.2
4537313,1,10400
4537320,1,2133.36
4537320,2,726.64
4537314,1,310011.39
4537314,2,7148.61
4537314,3,11437.78
4537314,4,4595.54
4537314,5,1531.85
4537314,6,14297.22
4537314,7,5574.21
4537314,8,2553.08
4537328,1,2305.82
4537328,2,5639.46
4537328,3,105.88
4537328,4,8522.81
4537328,5,41.94
4537328,6,41.78
4537328,7,515.49
4537328,8,834
4537328,9,6357.5
4537328,10,1525.04
4537328,11,2798.28
4537328,12,219.22
4537328,13,7.55
4537328,14,86.42
4537328,15,433.68
4537328,16,359.81
4537328,17,1948.87
4537328,18,196.59
4537328,19,945.21
4537328,20,251
4537328,21,30.18
4537328,22,46.07
4537328,23,408.27
4537328,24,3177.16
4537328,25,332.01
4537328,26,64.34
4537328,27,141.38
4537328,28,13183.63
4537328,29,82.61
4537328,30,656.88
4537328,31,43.37
4537332,1,9997.33
4537333,1,1391.49
4537333,2,11203.92
4537333,3,1074.97
4537333,4,328.56
2561141,1,31237.69
2561141,2,42891.09
2561155,1,130861.5
2561232,1,202635
2561201,1,85049.43
2561336,1,85049.43
2561347,1,98358.69
2561347,2,401.4
2561347,3,22417.04
2561348,1,4303
2561348,2,5778
2561348,3,52763.81
2561348,4,5190
2561348,5,779
2561352,1,35070.98
2561399,1,40105.8
2561266,1,85049.43
2561398,1,81681.11
2561398,2,58422.3
2561398,1,81681.11
2561398,2,58422.3
105504031,1,65010
105504033,1,55878
105504035,1,61156
105504041,1,42551
105504042,1,50696
2561367,1,62982.08
2561638,1,1716.88
2561638,2,2736.95
2561638,3,96.78
2561638,4,984.31
2561638,5,1240.89
2561638,6,276
2561638,7,615.75
2561638,8,1227
2561638,9,4131.92
2561638,10,40516.98
2561638,11,1241.85
2561638,12,632.18
2561638,13,1669.38
2561638,14,1350.47
2561638,1,10433.31
2561638,2,15870.38
2561638,3,971.54
2561638,4,16171.16
2561638,5,65997.83
2561638,6,6676.9
2561638,7,4345.82
2561638,8,5623.38
2561638,9,5330.2
2561638,10,3448.24
2561639,1,10846.63
2561639,2,558.68
2561639,3,1701.86
2561639,4,261.1
2561639,1,910.89
2561639,2,1572.27
2561639,3,3311.03
2561639,4,3757.2
2561639,5,4064.42
2561639,6,3599.92
2561639,7,8547.28
2561639,8,551.28
2561639,9,229.48
2561639,10,1183.94
2561639,11,6656.15
2561639,12,11084.78
2561639,13,4575.95
2561639,14,589.82
2561639,15,4543.64
2561639,16,9831.89
2561639,17,1888.83
2561639,18,297.1
2561639,19,7803.19
2561639,20,168.2
2561639,21,382.54
2561639,22,65.93
2561639,23,6526.03
2561639,24,2415.41
2561639,25,464.51
2561639,26,326.42
2561639,27,2517.8
2561639,28,16016.03
2561639,29,2322.48
2561639,30,2794.99
2561639,31,78.72
2561639,32,4507.32
2561639,33,109.72
2561639,34,1240.73
2561639,35,804.59
2561639,36,82.23
2561639,37,31615.78
2561639,38,2550.48
2561639,39,2732.47
2561639,40,711.98
2561639,41,1172.38
2561639,42,373.06
2561639,1,1440.9
2561639,2,11600.78
2561639,3,1440.9
2561639,1,859.42
2561639,2,125.08
2561639,3,15.4
2561639,4,15870.38
2561684,1,68644.8
2561684,2,1861.4
2561685,1,102616.71
4537307,1,11744.15
4537318,1,33120.18
4537318,2,7148.15
4537318,3,6938.08
4537318,4,6
4537321,1,34223.46
2614823,1,14521
4537330,1,2952
4537278,1,6548
4537334,1,1909.67
4537334,2,20462.06
4537334,3,7490.06
2614849,1,14825
2560989,1,48195
105503981,1,65879
105503982,1,76727
105503983,1,56433
2561373,1,170184.96
2561373,1,87991.17
2561373,2,49001.39
2561373,1,215928.9
105504034,1,61590
2561570,1,108091.9
4537299,1,7.29
4537299,2,1
2561581,1,22776.39
2561629,1,28499.5
4537331,1,7288.73
4537331,2,5140.68
4537331,3,3148.3
4537331,4,145.21
4537331,5,174.27
4537345,1,3152.54
2561083,1,22000.8
2561825,1,67558.44
2561825,2,9250.32
2561825,3,5957.1
2561825,4,6358.46
2561825,5,2196.32
2561238,1,317720
105504013,1,84773
2561265,1,8857.49
2614751,1,3696
2614751,2,220
2561303,1,28499.5
2561359,1,85049.32
2561377,1,50514.64
2614750-1,1,64418.68
2614750-1,2,2479.86
2614750-1,3,23500.25
2614750-2,1,31176.05
2561415,1,222510.9
2561427,1,374575.75
2561523,1,65875.89
2561580,1,109325.94
2561586,1,39428.4
2561572,1,20167.4
4537324,1,1370.88
4537348,1,11284.36
4537343,1,6383.66
4537343,2,7.45
4537343,3,350.75
4537343,4,1400.6
4537343,5,10.33
4537343,6,3.2
2614749,1,3464.52
2614749,2,2488.98
2614754,1,9900
2561490,1,183500
2561374,1,345960
2561177,1,78120
2561361,1,48195
2561173,1,30000
2561173,2,22800
2561173,3,39900
2561173,4,26880
2561173,5,36480
105504047,1,38390
105504037,1,48610
105504038,1,40390
2561525,1,409980
2561365,1,139367.78
2561371,1,139688.14
2561573,1,135058
2561342-1,1,193986.47
2561342-2,1,11599.33
2561342-2,2,15903.32
2561342-2,3,18478.11
2561364,1,42378.14
2561364,2,8682.63
2561364,3,11180.38
2561364,4,9531.28
2561364,5,3830.17
2561369,1,23394.21
2561369,1,51582.03
4537338,1,17694.23
4537327,1,8200
4537323,1,3090
4537342,1,406.15
2561161,1,40334.8
2561264,1,28499.5
2614873,1,683.2
2614873,2,134.4
2614873,3,410.08
2614873,4,501.76
2614873,5,291.52
2614873,6,41.8
2614873,7,825.28
2614875,1,6237.14
2561411,1,17501.76
2561362,1,28499.5
2561386,1,29202.75
105504044,1,44799
105504045,1,63211
2561527,1,57946.77
2561609,1,58167.01
2561584,1,85498.49
2614821,1,4833.28
2561822,1,28349.77
4537352,1,17027.12
4537344,1,21809.58
2614757,1,7950
2561316,1,130995.62
2561433,1,17501.76
2561448,1,82448.74
2561524,1,313008
2561542,1,86654.23
2561603,1,25218.52
2561692,1,85691.59
2561693,1,3730.06
2561693,1,36738.59
2561693,1,33677.04
2561693,1,2206.44
2561693,1,3061.55
2561387,1,25218.52
2561387,1,25218.52
2561390,1,11834.95
2561390,1,10650.36
2561607,1,129018.48
2561410,1,17501.76
2561493,1,100410.68
2561494,1,157945.44
2561513,1,100410.68
2614820-1,1,13913.2
2614820-2,1,1837.2
2614820-3,1,2793.04
2614820-3,2,2180.18
2614820-4,1,42304.44
2614820-5,1,144426.89
2614820-8,1,6489.78
2614820-9,1,8310.98
261482010,1,20191.38
261482010,2,8112.18
261482010,3,1605.17
261482010,4,7127.21
261482010,5,1110.53
261482010,6,255.04
261482010,7,105.13
261482010,8,2592.22
261482010,9,56.16
261482010,10,15.44
261482010,11,3.38
261482011,1,37830.23
261482011,2,4275.95
261482011,3,2562.16
261482011,4,1670.23
261482011,5,522.66
261482011,6,1268.77
261482011,1,43640
261482013,1,8024.35
2614841,1,1580
2561674,1,40389.12
2561674,2,97213.02
2561674,3,5730.73
2561674,4,6436.91
2561674,5,4447.36
4537363,1,7568
4537363,2,1905.6
4537363,3,3734.64
4537363,4,874.64
4537363,5,2619.4
4537363,6,68.48
4537363,7,116.93
4537363,8,649.63
4537363,9,1478.4
4537364,1,53500
4537365,1,3692.91
4537365,2,3846.03
2561675,1,49467.6
2561675,2,23592.03
2561675,3,31122.47
2561676,1,57127.36
2561676,2,6745.13
2561687,1,55736.54
2561687,2,27749.98
2561687,3,16187.82
2561690,1,62409.11
2561690,2,8599.78
2561690,3,5285.8
2561690,4,2537.3
2561690,5,1924.14
4537336,1,2642.96
4537336,2,40.8
4537336,3,3.84
2561695,1,66384
2561695,2,4600
2561695,3,3000
4537335,1,3.84
4537335,2,40.8
4537335,3,2642.96
4537337,1,172500
4537340,1,4924.96
4537362,1,690.66
4537362,2,460.44
4537362,3,153.97
4537362,4,33.05
4537362,5,44.24
4537362,6,172.09
4537362,7,37.04
4537362,8,213.81
4537362,9,1446.28
4537362,10,113.97
4537362,11,1069.04
4537362,12,942.65
4537362,13,46.04
4537362,14,92.18
4537362,15,1046.24
4537362,16,730.35
4537362,17,344.19
4537362,18,44.24
4537362,19,176.08
4537362,20,1129.44
4537362,21,15.96
4537362,1,559.02
4537362,2,279.51
4537362,3,2014.42
4537362,4,2302.19
4537362,1,72.96
4537362,2,1339.1
4537362,3,1072.2
4537362,4,357.92
4537362,1,61.68
4537362,2,13.31
2561167,1,3200
2561226,1,62975.42
2561226,2,3186.96
2614753,1,42821.64
2614753,2,28876.8
2561766,1,96267.95
2561766,2,113.08
2614691,1,48205
2614691,2,22802
2614874,1,58380
2561409,1,48195
2561458,1,26853.91
105504040,1,32195
2561585,1,85691.59
2561624,1,603.82
2561624,2,2179.2
2561624,1,552778.94
2614840,1,402.64
2614840,2,2156.8
2614840,3,16783.68
2561583,1,38631.18
2561774,1,5996.86
2561774,2,42950.39
2614839,1,16252.07
2614839,2,17945.71
2561566,1,225949.39
2561590,1,106755.06
2561751,1,183.43
2561751,2,244.89
2561751,1,10975.05
2561751,2,18892.99
2561751,1,42984.01
2561751,2,2646.43
2561751,1,11735.45
2561752,1,4091.69
2561752,2,925.75
2561752,3,493.95
2561752,4,530.53
2561752,1,17203.05
2561752,2,10998.35
2561752,3,2857.65
2561752,4,15194.46
2561752,5,6080.47
2561752,6,2458.03
2561752,7,5367.09
2561752,8,8913.13
2561752,9,3106.52
2561752,10,1875.28
2561752,11,1613.4
2561752,12,8272.26
2561752,13,5173.15
2561752,14,1012.36
2561752,15,2427.58
2561752,16,1675.6
2561752,17,10218.98
2561752,18,4326.43
2561752,19,1060.35
2561752,20,3849.08
2561752,21,710.93
2561752,22,58.67
2561752,23,784.07
2561752,24,1555.71
2561752,25,24.68
2561752,26,669.01
2561752,27,399.67
2561752,28,70840.57
2561752,29,2562.23
2561752,30,548.02
2561752,31,159.23
2561752,32,741.02
2561752,33,706.3
2561752,34,21.23
2561752,35,618.42
2561752,36,81.82
2561752,37,1300.43
2561752,38,2712.56
2561752,39,146.13
2561752,40,841.19
2561752,41,2025
2561752,42,691.21
2561752,43,60.74
2561752,44,1067.31
2561752,45,686.57
2561752,46,5720.35
2561752,47,438.6
2561752,48,120.37
2561752,49,546.61
2561752,50,1349.8
2561752,51,4413.61
2561752,52,1416.72
2561752,53,1950.07
2561752,54,66.44
2561752,55,691.77
2561752,56,1799.09
2561752,57,918.39
2561752,58,2832.37
2561752,59,1153.9
2561752,1,1216.22
2561752,2,734.05
2561752,3,8266.28
2614843,1,5005
2561651,1,250349.14
2561651,2,10883.82
2561743,1,21254.07
2561754,1,23765.11
2561754,2,17991.8
4537366,1,8368.85
4537366,2,261456.41
4537366,3,9370.68
4537366,4,77.17
4537366,5,77.17
2614860,1,2863.17
2614864,1,4955
2614865,1,6937
2614866,1,15645
4537341,1,2220.14
4537341,2,170.96
4537317,1,10881.08
4537317,2,15351
2561142,1,58876.52
2561242,1,17600.64
2614698,1,17399.92
2614778,1,106201.21
2614778,2,22100
2614772,1,43517.73
2614772,2,8482.27
2561491,1,25218.52
2561491,1,32842.29
2561491,2,16379.99
2561491,1,14933.6
2561530,1,104198.6
2561530,2,12773
2561531,1,37841.5
2561532,1,37602.78
2561533,1,56473.76
2561533,2,15241.55
2561533,3,148.15
2561534,1,66108.8
2561593,1,18410.59
2614834,1,24739.47
2614863,1,3192
2614792,1,29080.69
2614792,2,11.07
2614792,3,17.1
2614792,4,31.63
2614792,5,1678.33
2614792,6,34.13
2614792,7,25.17
2614792,8,174.74
2614792,9,769.34
2614792,10,562.51
2614792,11,16.9
2614792,12,417.86
2614792,13,204.79
2614792,14,266.22
2561599,1,44025.27
2561739,1,27669.6
2561762,1,26388.39
2561344,1,113997.99
2614852,1,10863
2561671,1,216655.35
4537351,1,6233.66
4537346,1,6661.96
4537360,1,20097.56
4537360,2,2918.38
4537360,3,220.12
4537360,4,187.68
4537360,5,162.2
4537360,6,1197.94
4537360,7,382.32
4537360,8,55.61
4537360,9,573.48
4537360,10,111.22
4537370,1,39607.2
4537371,1,6389.4
4537074,1,2014.29
4537074,2,1591.16
4537074,3,312.21
4537074,4,543.02
2561467,1,43814.4
2561383,1,64469
2561402,1,64469
2561403,1,64469
2561605,1,768.54
2561605,2,145.2
2561605,3,1243.98
2561605,4,45467.91
2561605,5,12909.19
2561605,6,1970.88
2561574,1,160990.8
2614833,1,13741.29
2561498,1,17501.76
2561604,1,37324.35
2561604,2,37913.32
2561678,1,780.24
2561678,2,145.78
2561678,3,1248.96
2561678,4,44902.48
2561678,5,12572.35
2561678,6,1978.8
4537339,1,1907.25
4537368,1,1665.77
4537368,2,39.25
4537368,3,20470.24
4537368,4,1.05
4537368,5,48.26
4537368,6,2008.74
4537368,7,337.81
4537368,8,2757.94
2561784,1,15480.21
2561784,1,23491.27
2561784,2,13835.69
2561260,1,39765.6
2561308,1,2507.96
2561308,2,59031.26
2561372,1,26745.16
2561321,1,48222.72
2561392,1,21375
2561378,1,208714.05
105504049,1,62485
105504051,1,46500
2561595,1,8857.49
2614795,1,2933.94
2614795,2,3655.44
2614795,3,22.5
2614795,4,272
2561422,1,45706.89
2561587,1,31278
4537354,1,16750
4537378,1,14014.6
4537378,2,3704.38
2561634,1,24009.3
2561442,1,52344.6
2561393,1,85500
2561395,1,30617.79
2561397,1,85500
2561732,1,113732.97
2561335,1,20411.86
2614764,1,40753.98
2561608,1,183500
2561454,1,57573.52
2561748,1,43724.74
2561721,1,18778.09
2561721,2,288.45
2561721,3,271.4
2561721,4,287.08
2561721,5,1235.63
2561721,6,3592.68
2561721,7,2984.69
2561721,8,3974.47
105504065,1,62553
2561598,1,43485.3
2561780,1,10169.74
2561780,1,3708.59
2561780,1,140078.67
2561780,1,4138.8
2561780,1,8114.63
2561780,1,8760.19
2561780,1,2363.29
2561780,1,654.59
2561780,1,664.32
2561780,1,51436.51
2561780,1,5442.79
2614838,1,3854.17
2561746,1,81994.45
2561747,1,90382.5
2561699,1,24009.3
2561669,1,58167.01
4537357,1,92820
4537380,1,19.82
4537380,1,5.8
4537380,2,900.31
4537380,3,112.5
4537380,4,792.61
4537380,5,2763.53
4537380,6,2708.35
4537380,7,814.82
4537380,8,1032.04
4537380,9,87.58
4537380,10,1074.91
4537380,11,63.26
4537380,12,3071.86
4537380,1,111.65
4537380,2,1142.83
4537380,1,2832.2
4537380,1,177.7
4537380,1,5835.43
4537380,2,3783.04
4537380,3,2624.86
2614893,1,4751.36
2561184,1,15810
2561323,1,21759
105504026,1,60422
105504029,1,36619
2561357,1,33376.29
105504050,1,81955
2561528,1,247346.22
2561575,1,655716.6
2561456,1,65773.56
2561689,1,14396.12
2561689,2,17593.8
2561758,1,48018.88
2561758,2,15079.6
2561759,1,3784.32
2561759,2,48018.88
2561757,1,56492.8
2561781,1,19010.48
2561781,2,4413.29
2561781,3,42323.8
2561781,4,94.49
2561781,5,156947.33
2561781,6,3172.48
2561781,7,37.56
2561781,8,69
2561781,9,12.61
2561785,1,48018.88
4537373,1,3396.72
4537376,1,764
2561314,1,5152.38
2561314,2,164638.8
2561450,1,37139.61
2561452,1,2870.93
2561452,2,36807.04
2561452,1,8798.94
2561455,1,60039.41
105504070,1,50670
105504079,1,59226
4537369,1,9707.88
4537369,2,3860.22
4537369,3,1915.57
4537369,4,184.68
4537369,5,569.76
4537369,6,1375.28
4537369,7,28.88
4537369,8,39.29
4537369,9,1109.47
4537369,10,514.75
4537369,11,297.06
4537369,12,10.61
4537381,1,2800
4537388,1,1833.69
4537388,2,57.79
4537388,3,44.86
4537388,4,291.81
4537375,1,13251.26
4537375,2,180.29
4537375,3,2228.19
4537385,1,14857.32
4537385,2,21.94
4537385,3,24728.37
4537385,4,12610.23
4537385,5,24.69
4537385,6,618.96
4537385,7,139.85
4537385,8,458.35
4537385,9,210.08
4537386,1,50238.28
4537392,1,58
4537392,2,32
4537399,1,3877.72
4537399,2,5829.94
4537399,3,53491.08
4537399,4,2353.37
4537399,5,13371.43
4537399,6,2781.26
4537399,7,11424.55
4537399,8,50062.64
2561794,1,2826.56
2561794,2,49920.8
2561794,3,26451.13
2561794,4,23309.02
2561794,5,1776.3
2561794,6,9750.03
2561794,7,599.06
2561794,8,208.86
2561794,9,10.56
2561794,10,75.11
2561794,11,133.62
2561794,12,13.44
2561794,13,43.9
2561794,14,127.86
2561794,15,5.14
2561794,16,291.52
2561794,17,115.51
2561794,18,15.36
2561794,19,90.75
2561794,20,2.74
2561794,21,29048.71
2561794,22,612.53
2561794,23,108.92
2561794,24,13928.46
2561794,25,3676.53
2561794,26,1021.13
2561794,27,831.06
2561794,28,210.85
2561476,1,36987.3
2561353,1,78142.37
2561466,1,48149.88
2614777,1,61500
2614777,2,18.4
2614777,3,3.1
2614777,4,14.5
2614777,5,26.5
4537402,1,11676.89
105504055,1,57690
105504056,1,50645
105504076,1,90175
2561744,1,64384.32
2561874,1,20488.44
2561865,1,20488.44
4537356,1,2012.18
4537372,1,1063.29
4537379,1,44471.04
4537379,2,4901.08
4537379,3,1658.4
4537379,4,31426.2
4537389,1,27.76
4537389,2,490.36
4537374,1,17242.28
4537374,2,339.41
4537395,1,9735.4
4537395,2,4357.07
4537395,3,6505.82
2561199,1,43264.71
2561199,2,30647.66
2561199,3,10189.17
2561199,4,3732.33
2561199,5,1983.62
2561199,6,1236.99
2561412,1,17501.76
2614759,1,32870
2614759,2,90093.95
2614759,3,38180
2614758,1,25276.22
2614758,2,64954.28
2561492,1,27516
2561614,1,16064.88
2561614,1,17256.1
2561614,1,9351.68
2561614,1,20496.71
4537406,1,12933.66
4537406,2,1480.01
4537406,3,11705.88
2614827,1,43449.9
2561616,1,53850
2561626,1,53850
2561730,1,1899.48
2561730,2,336.04
2561730,3,3234.98
2561730,4,126774.39
2561730,5,34493.85
2561730,6,7591.42
2561730,7,98.45
2561730,8,76.27
2561730,9,3.63
2561730,10,41.77
105504068,1,64758
2561597,1,27337.16
2561597,2,7738.17
2561597,1,29098.86
105504071,1,56090
2561769,1,108132.12
2561819,1,27669.6
2561206,1,30.61
2561206,2,
2561206,3,6789.2
2561206,4,17855.64
2561206,5,98036.04
2561206,6,
105504053,1,39800
105504036,1,92214
4537383,1,4244.1
4537400,1,2450.8
4537400,2,1384.31
2561592,1,22788.75
2561417,1,170184.96
2561417,1,218572.2
2561417,1,218572.2
2561621,1,91103.32
2561621,2,892
2561621,3,3280
2561621,4,50
2561622,1,66108.8
2561623,1,120430.45
2561545,1,47412.86
105504063,1,80414
2561612,1,28499.5
105504094,1,48086
2561871,1,47350
2614877,1,86434.76
2561480,1,11450
4537377,1,4002.65
4537377,2,3351.08
4537377,3,24805.36
4537390,1,11666.81
4537390,2,1531.51
4537390,3,70.79
4537390,4,622.99
4537390,5,153.39
4537390,6,88.49
4537390,7,462.51
4537410,1,1835.3
4537391,1,16940.54
2561472,1,46972.92
2561473,1,165676.01
2561473,2,39.9
2561473,3,16.2
2561473,4,793.08
2561473,5,3710.4
2561473,6,6154
2561473,7,450
2561691,1,57946.77
2561424,1,26936.46
2561549,1,78516.9
2561551,1,44547.5
2561610,1,61437.44
105504057,1,83245
2561625,1,2250
4537347,1,75618.45
2561711,1,80669.6
2561602,1,61096.81
2561644,1,43160.41
2561644,2,15873.85
2561644,3,17622.96
4537407,1,381.68
4537424,1,1209.66
2614708-2,1,19264.09
2614708-1,1,40066.16
2614708-1,2,13794.29
2561413,1,110670
2561401,1,84000
2561401,2,2000
2561401,3,694.25
2561401,4,3000
2561401,5,2200
2561401,6,5427
2561394,1,30617.79
105504052,1,53865
2614817,1,5174.8
2561519,1,177284.4
105504046,1,55120
2561514,1,64469
2561515,1,64469
2561516,1,64469
2561529,1,17400
2561529,2,90900
2561529,3,50500
2614872,1,16428.92
2561750,1,16583
4537394,1,29760.31
2561645,1,60721.96
4537409,1,11266.39
4537409,2,566.83
4537409,3,70.28
4537409,4,2414.8
4537414,1,146930
4537427,1,240000
2561627,1,247346.22
2561628,1,103399.78
2561495,1,4256.37
2561540,1,78120
2561564,1,14978.98
2561564,1,33444.56
2561376,1,4619.43
2561376,2,36450
2561548,1,85049.43
2561565,1,27253.8
2614836,1,1842.5
2614836,2,224
2614836,3,49688.5
2614836,4,1185
2614836,5,350
105504080,1,53200
2561846,1,48018.88
2561849,1,48018.88
2561851,1,17789.44
2561851,2,74190.6
2561851,3,5758.66
2561866,1,46933.3
2561866,2,6344.96
2561866,3,13436.86
2561866,4,1994.61
2561867,1,8561.19
2561867,2,80014.98
2561666,1,11032.2
2561666,1,47236.86
2561666,1,34396.68
2561666,1,34396.68
2561666,1,34396.68
2561666,1,32929.5
2561546,1,51255
2561547,1,51255
2561670,1,222510.9
2561536,1,99450
2614880,1,16727
4537411,1,265921.92
4537411,2,24192
4537411,3,8640
4537411,4,5806.08
4537411,1,1044.86
4537413,1,7978
4537384,1,14222
4537417,1,6750.17
4537404,1,12928.5
4537420,1,2640
4537419,1,781
4537418,1,49032.96
4537418,2,869.6
4537418,3,871
4537438,1,6518.94
4537440,1,6060.25
4537428,1,6548
2614793,1,40400
2614799,1,78000
2614771,1,4264
2561650,1,78516.9
2561635,1,48866
2614859,1,14685.72
2614859,2,3179.23
105504067,1,83426
105504075,1,33175
105504077,1,91630
2561768,1,6799.5
2561768,2,981.64
2561768,3,1161.2
2561768,4,580.2
2561768,5,1365
2561768,6,15110
2561768,7,2019.6
2561768,8,284.4
2561768,9,1350
2561768,10,2465.6
2561768,11,1400
2561768,12,2519
2561768,13,1656
2561768,14,5750
2561768,15,1040
2561768,16,6000
2561768,17,35211
2561768,18,798
2561768,19,870.2
2561725,1,32386.58
2561606,1,84421.68
105504089,1,56132
2561630,1,19250.7
105504093,1,42740
2561826,1,22230
2561826,2,2075.4
2561777,1,69540
2561716,1,106214.43
2561716,2,85.48
2561716,3,85.48
2561716,4,102.57
2561717,1,16750.79
2561717,2,2041.2
2561717,3,20461.32
2561600,1,60174.27
2561601,1,59507.57
2561955,1,64675.21
2561955,1,1465.22
2561955,2,3685.25
2561955,3,22231.98
2561955,4,6917.51
2561955,5,2155.08
2561955,6,753.9
2561955,7,2082.57
2561955,8,6238.89
2561955,9,340.84
2561955,10,7789.87
2561955,11,8245.61
2561955,12,7147.9
2561955,13,1384.76
2561955,14,108.86
2561955,15,2246.63
2561955,16,112.28
2561955,17,1549.51
2561955,18,283.3
2561955,19,35046.76
2561956,1,1635.65
2561956,2,2721.07
2561956,3,1379.79
2561956,4,336.56
2561956,1,6680.5
2561956,2,1113.88
2561956,3,2281.96
2561956,4,3533.36
2561956,5,491.61
2561956,6,1053.33
2561956,7,1600.76
2561956,8,140.68
2561956,9,3509.26
2561956,10,4036.75
2561956,11,8437.42
2561956,1,2853.14
2561956,2,3378.17
2561956,3,26.5
2561956,4,79.96
2561956,5,10824.9
2561956,6,1707.15
2561956,7,183.76
2561956,8,2587.05
2561956,9,2572.14
2561956,10,4528.61
2561956,11,19.93
2561956,12,187.13
2561956,13,227.24
2561956,14,250.75
2561956,15,269.07
2561956,16,16234.25
2561956,17,42158.1
2561956,18,1005.68
2561956,19,11160.34
2561956,20,606.03
2561956,21,600.38
2561956,22,1125.26
2561956,23,108.97
2561956,24,316.84
2561956,25,62.23
2561956,26,735.02
2561956,27,6104.49
2561956,28,1338.41
2561956,29,1789.32
2561956,30,2027.63
2561956,31,3864.58
2561956,32,3200.49
2561956,33,3373.64
2561956,34,3657.95
2561956,35,3427.35
2561956,36,1336.72
2561956,37,1185.84
2561956,38,4392.52
2561956,39,675.37
2561956,40,1042
2561956,41,1941.13
2561956,42,431.61
2561956,43,969.15
2561956,44,3042.6
2561956,45,7439.12
2561956,46,961.79
2561956,47,6995.37
2561956,48,1731.04
2561956,1,1476.43
2561957,1,2837.49
2561957,2,1204.37
2561957,3,3115.02
2561957,4,5885.49
2561957,5,11291.61
2561957,6,3786.44
2561957,7,45.12
2561957,8,1235.7
2561957,9,1265.4
2561957,10,1014.29
2561957,11,1290.63
2561957,12,1102.69
2561957,13,2717.61
2561957,14,53.56
2561957,15,10664.54
2561957,16,4509.25
2561957,17,540.28
2561957,18,26782.96
2561957,19,2296.4
2561957,20,234.25
2561957,21,2698.21
2561957,22,1657.64
2561957,1,37931.77
2561957,2,8256.4
2561958,1,298.28
2561958,2,2041.96
2561958,3,3919.81
2561958,4,264.48
2561958,5,1784.51
2561958,6,3540.19
2561958,7,131.69
2561958,1,11690.1
2561958,2,75.23
2561958,3,336.33
2561958,4,359.39
2561958,5,1928.96
2561958,6,1170.38
2561958,7,8379.28
2561958,8,688.03
2561958,9,149.59
2561958,10,52.14
2561958,11,755.14
2561958,12,192.86
2561958,13,199.71
2561958,14,159.26
2561958,15,2786.67
2561958,16,2052.08
2561958,17,3392.19
2561958,18,2116.48
2561958,19,1710.88
2561958,20,1577.12
2561958,21,57.19
2561958,22,996.63
2561958,23,884.91
2561958,24,1791.78
2561958,25,10277.98
2561958,26,1335.65
2561958,27,1278.31
2561958,28,284.31
2561958,29,154.01
2561958,30,224.12
2561958,31,882.89
2561958,32,482.5
2561958,33,246.6
2561958,34,122.92
2561958,35,190.85
2561958,36,3512.11
2561958,37,1336.69
2561958,38,168.03
2561958,39,178.66
2561958,40,234.59
2561958,41,1206.79
2561958,42,133.26
2561958,1,1380.06
2561958,2,866.79
2561958,3,1096.59
2561997,1,144811.92
2614899,1,15277
2561712,1,126225.24
2561945,1,91125.73
2561945,2,144593.76
2561977,1,17294.65
2561977,2,31424.41
4537387,1,3585.6
4537416,1,442.4
4537426,1,7920
4537426,2,3035
4537426,3,22440.75
4537439,1,834.86
4537439,2,11069.15
4537439,3,2130.24
4537439,4,640.53
4537439,5,342.1
4537439,6,328.8
4537439,7,83.04
4537439,8,474.13
4537439,9,662.53
4537435,1,3138.05
4537441,1,484.76
4537441,2,876.28
4537441,3,1130.98
2561833,1,57019.41
2561833,2,993.62
2561833,3,2115.77
2561833,4,15.98
2561673,1,85498.49
2561435,1,48004
2561434,1,48092
2561562,1,45829.25
2614760-1,1,50718.51
2614760-1,2,19235.19
2614760-2,1,39659.11
2561631,1,113399.24
105504083,1,64677
105504084,1,76857
2561632,1,38501.4
2561760,1,113399.24
2561791,1,20167.4
2561682,1,66662.87
105504081,1,46625
105504082,1,62000
2561707,1,54507.6
2561765,1,95069.08
105504107,1,43592
2561683,1,216380.71
2561537-A,1,16575
2561782,1,22776.39
2561537-B,1,16575
2561537-C,1,16575
2561790,1,24009.3
2561613,1,38784.65
2561596,1,49876.89
2561563,1,8458.64
2561563,1,54034.4
2561563,1,59580.48
2561563,1,34666.68
2561860,1,90382.5
2561879,1,80583.55
2561879,1,14436.39
2561929,1,27669.6
2561776,1,71453.19
2561642,1,137944.2
2561719,1,65493.49
4537432,1,1609.34
4537432,2,1734.07
4537432,3,389.74
4537432,4,1618.94
4537432,5,661.96
4537432,6,925.8
4537432,7,636.78
4537432,8,784.28
4537432,9,892.22
4537432,10,997.75
4537432,11,221.86
4537431,1,48538
4537358,1,1263.43
4537445,1,6583.75
2614924,1,24000
2561421,1,738.71
2561421,2,569.39
2561421,3,45.9
2561421,1,5768.5
2561421,2,21106.85
2561421,3,831.45
2561421,4,1937.15
2561421,5,3360
2561421,6,900
2561421,1,23169.24
2561421,1,334.52
2561468,1,91607.04
2561735,1,11460.34
2561735,1,58729.49
2561646,1,22574.77
2561816,1,18313.98
2561643,1,56653.6
2561643,1,82182.1
2614923,1,24000
2614922,1,24000
2561713,1,66140.36
2561714,1,31323.85
2561714,2,161.46
2561714,3,2150.85
105503959,1,56666
2561185,1,93330
2561543,1,17501.76
2561576,1,67407.84
2561679,1,75110.16
2561679,2,10127
2561652,1,170184.96
2561652,1,147660.48
2561652,2,28102.14
2561637,1,4182.67
2561637,2,1693.06
2561637,3,1254.94
2561637,4,8511.1
2561637,5,13891.49
2561637,6,3690.53
2561637,7,4840.13
2561637,8,7287.53
2561637,9,4182.06
2561637,10,2017.34
2561637,11,2697.42
2561637,12,3855.98
2561637,13,660.12
2561637,14,232.92
2561637,15,699.96
2561637,16,102.3
2561637,17,1296.7
2561637,18,326.28
2561637,19,2558.27
2561637,20,870.43
2561637,21,298.17
2561637,22,897.29
105504086,1,52870
105504087,1,50102
2561877,1,19250.7
105504108,1,118398
105504109,1,112239
2561789,1,85330.35
2561820,1,58167.01
2561783,1,85330.35
2561821,1,25647
2614869,1,28919.1
2614869,2,11220
2561792,1,130861.5
2561672,1,113399.24
4537415,1,3735
4537415,2,1008
4537456,1,26848.62
4537446,1,11116.48
4537450,1,2460.57
4537449,1,569.46
4537449,2,1508.04
4537449,3,6913.09
4537449,4,149.67
4537449,5,805.27
4537449,6,59365.02
4537449,7,3028.29
4537449,8,495.36
4537449,9,358.71
4537449,10,1168.86
4537449,11,34.98
4537449,12,89.47
4537449,13,201.72
4537449,14,809.82
4537449,15,32.37
4537449,16,231.01
4537449,17,588.9
4537449,18,8378.02
4537449,19,220.43
4537449,20,671.06
4537449,21,178.95
4537449,22,1162.43
4537449,23,2279.96
4537449,24,1621.11
4537449,25,1421.82
4537449,26,283.06
2614925,1,24000
2561119,1,35421.7
2561043,1,34051.8
2561431,1,79379.47
2561345,1,35421.7
2614818,1,20752.74
2614818,2,19304.71
2614818,3,13893.43
2561770,1,33259.2
105504066,1,47390
2561618,1,64469
2561619,1,64469
2561620,1,64469
105504090,1,41000
105504092,1,66740
105504097,1,72760
105504098,1,85915
105504099,1,47999
2561868,1,124061.08
2561828,1,95272.16
2561894,1,125266.28
2614857,1,1046.99
2561885,1,373728.64
2614892,1,31958.34
2614892,2,36546.01
2561872,1,64384.32
4537465,1,290
4537465,2,720
2562210,1,1702
2562210,2,6832.4
4537467,1,398
4537467,2,259.5
4537467,3,924
2561334,1,131119
2561553,1,55675.2
2561694,1,136288.33
2614788,1,64528.65
2561688,1,49800
2561875,1,164897.48
2614816,1,17916
2561749,1,17501.76
2561756,1,17501.76
2561722,1,32378
2561722,2,52757
2561722,1,32378
2561722,2,52757
2561722,1,32378
2561722,2,52757
2561722,1,32378
2561722,2,52757
2561722,1,32378
2561722,2,52757
2561722,1,32378
2561722,2,52757
105504096,1,54511
2561832,1,84616.85
2561832,1,206121.85
2561933,1,219689.75
2561933,2,28463.8
2561996,1,131012.28
2561740,1,113997.99
2561870,1,28866.7
2561912,1,288873.8
2562155,1,70081.98
2560539,1,56699.62
2560934,1,85049.43
2561710,1,81994.45
2561582,1,208714.05
2561489,1,40108.2
2561535,1,208714.05
4537453,1,12040.55
4537472,1,45020.16
4537472,2,4961.6
4537472,3,1678.88
2561611,1,109325.94
2561813,1,43325.6
2561813,2,39.49
2561594,1,40334.8
2561857,1,120979.79
2561878,1,117224.54
2561537-D,1,16575
2561537-F,1,16575
4537461,1,233530.36
4537461,2,4220.64
4537461,3,12310.2
4537461,4,36561.29
4537461,5,5275.8
4537461,6,5935.28
4537461,7,8441.28
4537464,1,237.58
4537464,2,411.48
4537464,3,1273.63
4537464,4,802.13
4537464,5,863.37
4537464,6,257.17
4537464,7,1285.87
4537464,8,311.06
4537477,1,62684.04
4537475,1,4732.22
4537475,2,11982.77
4537475,3,582.48
4537475,4,279.17
4537475,5,528.35
4537475,6,1789.57
4537475,7,207.23
4537475,8,99.5
4537475,9,413.28
4537475,10,12335.6
4537475,11,3290.84
4537475,12,57.74
4537475,13,723.84
4537475,14,883.71
4537475,15,740.85
4537475,16,61.02
2561396,1,20411.86
4537471,1,10786.08
2614842,1,74752
105504054,1,51947
2561767,1,145151.03
2614888,1,11819.08
2561907,1,380160
2561873,1,67754.5
2561873,2,55435.5
2562047,1,1954.08
2562047,1,2340.56
2562047,2,893.39
2562047,3,1731.09
2562047,4,65.96
2562047,5,2406.81
2562047,6,2197.4
2562047,7,407.99
2562048,1,658.75
2562048,2,316.28
2562048,2,5586.74
2562048,3,6357.31
2562048,4,3824.81
2562048,1,1966.6
2562048,5,26728.75
2562048,6,551.25
2562048,7,2436.61
2562048,8,1344.85
2562048,9,8867.58
2562048,10,480.69
2562048,11,585.86
2562048,12,1469.42
2562048,13,1096.94
2562048,14,76.91
2562048,15,27.72
2562048,16,2401.59
2562048,17,85.9
2562048,18,91.6
2562048,19,1355.89
2562048,20,107.99
2562048,21,85.22
2562048,22,1932.53
2562048,23,122.21
2562048,24,39.35
2562048,25,197.27
2562048,26,3683.18
2562048,27,6723.95
2562048,28,955.42
2562048,29,131.41
2562048,30,342.82
2562048,31,126.71
2562048,32,182.47
2562048,33,611.35
2562048,34,8.89
2562048,35,720.63
2562048,36,2004.12
2562048,37,702.47
2562048,38,1324.36
2562048,39,1967.75
2562048,40,449.73
2562048,41,2770.04
2562048,42,1526.91
2562048,43,620.71
2562048,44,271.23
2562048,45,126.02
2562048,46,601.23
2562048,47,9661.11
2562048,48,478.48
2562048,49,407.39
2562048,50,3304.65
2562048,51,4187.19
2562048,52,944.45
2562048,53,329.81
2562048,1,892.21
4537457,1,1820
4537457,2,3180.5
4537478,1,851.16
2561734,1,137802.87
2562069,1,114024.96
2562070,1,69881.01
2562070,2,62.21
2562070,3,34.91
2562070,4,18.14
2562070,5,23.04
2562070,6,28.8
2562070,7,24.19
2562070,8,67.35
2562070,9,75.32
2562070,10,51.84
2562070,11,40.5
2562070,12,34.56
2562070,13,220.22
2562070,14,86.26
2562070,15,78.38
2562070,16,34.56
2562070,17,86.4
2561876,1,25918.5
2561876,1,25918.5
4537469,1,2371.64
4537469,2,2295.85
4537469,3,281.38
4537469,4,275.19
4537469,5,905.68
4537469,6,65.3
4537469,7,910.25
4537469,8,539.3
2562209,1,1322.96
2562209,2,617.2
2562209,3,742.5
2562209,4,2152.25
2562209,5,3371.64
2562209,6,1937.25
2561677,1,85132.16
2561668,1,12965
2561668,2,44297.37
2561763,1,17501.76
2614844-1,1,35920
2614844-1,2,95378.35
2614844-1,3,4490
2614844-1,4,10320
2614844-2,1,21401.2
2614844-2,2,37815
105504073,1,88645
2561795,1,454037.76
2561852,1,140350.46
105504101,1,48777
105504105,1,70600
2561854,1,33166
2561954,1,110220.95
2561640-1,1,20848.89
2561640-2,1,33956.75
4537451,1,5272.65
4537452,1,11300
4537448,1,202436.6
4537454,1,4371.83
4537454,2,202.67
4537454,3,9125.83
2614932,1,49215
2614933,1,29190
4537482,1,14815.32
4537482,2,6252.91
4537482,3,1484.37
4537483,1,2553.98
2561550,1,26565.68
2614830,1,99370.7
2614830,2,35892.2
2561681,1,46018.79
2561697,1,64469
2561698,1,64469
2614808,1,20880
4537474,1,1244.25
4537474,2,5308.55
4537474,3,10940
4537474,4,16908
4537474,5,1160
4537474,6,18318.18
4537474,7,2366.1
4537474,8,1595
4537474,9,17747.7
4537474,10,2244
2614894,1,25528.78
2562017,1,27669.6
4537468,1,46048.79
4537468,2,52597.95
4537468,3,221.97
4537468,4,7922.06
4537468,5,70.44
4537468,6,19.98
4537468,7,68.39
4537468,8,1.49
4537468,9,3755.58
4537468,10,5.13
4537473,1,9820.01
4537473,2,213.15
4537473,3,123.65
4537473,4,71.83
4537447,1,5558.25
4537466,1,142250
105504059,1,45175
105504060,1,78591
2561429-1,1,53289.6
2561429-1,2,87653.2
2561429-2,1,54727.4
2561481,1,86129.36
2561696,1,33200
2561579,1,40334.8
105504064,1,60025
2561764,1,17600.64
105504069,1,54233
2561648,1,208714.05
2561649,1,38068.8
2561827,1,100416.19
2561827,2,312
2561827,3,4.2
2561827,4,213.2
2614825-1,1,40203
2614825-4,1,34492.98
2614825-4,2,39.07
2614825-5,1,23187.16
2614825-6,1,16338.78
2614825-7,1,11605.72
2614825-8,1,33045
2614825-9,1,52056
261482510,1,13208.15
261482511,1,122797.25
261482513,1,64979.28
261482514,1,6402.46
261482515,1,65765
2561884,1,106316.95
2561537-E,1,16575
105504132,1,49695
105504118,1,65414
105504119,1,73937
105504120,1,61828
105504121,1,58000
105504122,1,62379
105504123,1,46401
2561899,1,8857.49
2561897,1,22776.39
2561914,1,60502.2
2561972,1,40334.8
2561951,1,92949.09
261483512,1,4853.88
261483514,1,42531.44
261483515,1,52381.67
261483516,1,36843.39
2614904,1,5554.6
2614904,2,746.82
2561930,1,63957.6
2614835-1,1,20.74
2614835-1,2,230.4
2614835-1,1,3392.93
2614835-1,2,352.93
2614835-1,3,342.39
2614835-1,4,102.31
2614835-1,5,82.79
2614835-1,6,114.07
2614835-1,7,822.53
2614835-1,8,39.91
2614835-1,9,50.98
2614835-1,1,149.16
2614835-1,1,67.51
2614835-1,2,156.99
2614835-1,3,198.65
2614835-1,4,71.19
2614835-1,5,13.82
2614835-1,6,133.17
2614835-1,1,690.72
2614835-1,2,920.92
2614835-1,3,538.79
2614835-1,4,3884.13
2614835-1,5,293.66
2614835-1,6,567.83
2614835-1,7,4.71
2614835-1,8,325.36
2614835-1,9,508.89
2614835-1,10,502.11
2614835-1,11,32.83
2614835-1,12,1685.46
2614835-1,13,777.52
2614835-1,14,15.92
2614835-1,15,54.82
2614835-1,16,168.65
2614835-1,17,184.85
2614835-1,18,36.71
2614835-1,19,79.85
2614835-1,20,6.61
2614835-1,1,1292.98
2614835-1,2,50.53
2614835-1,3,1238.78
2614835-1,4,127.61
2614835-1,5,1769.27
2614835-1,1,204.2
2614835-1,2,261.8
2614835-1,3,487.5
2614835-1,4,217.8
2614835-1,5,744.32
2614835-1,6,136.5
2614835-1,7,72
2614835-1,8,163.53
2614835-1,9,27.68
2614835-1,1,3324.49
2614835-1,2,553.08
2614835-1,3,79.19
2614835-1,4,192.84
2614835-1,5,101.03
2614835-1,6,229.94
2614835-1,7,678.25
2614835-1,8,131.47
2614835-1,1,746.23
2614835-1,2,100.15
2614835-1,3,16.19
2614835-1,4,834.13
2614835-1,1,1241.86
261483511,1,26263.64
261483511,2,112421.09
261483511,3,701.57
261483511,4,1548.29
261483511,5,109.44
261483511,6,499.97
261483511,7,2222.21
261483511,8,1428.48
261483511,9,322.56
261483511,10,531.76
261483511,11,2.3
261483511,12,2552.83
261483511,1,9290.5
4537476,1,240000
4537476,2,
2561736-2,1,2941.7
2561736-2,2,12303.97
2561736-1,1,209.7
2561736-1,2,38323.76
2562045,1,32094.3
2561990,1,24009.3
2561976,1,262092.25
4537455,1,2927.48
2614917,1,31856.03
2614917,2,36429
2614947,1,1110
2614947,2,1828.2
2614950,1,6295.43
2561647,1,22000.8
2561521,1,53657.1
2561797,1,36752.9
4537425,1,30732
4537437,1,3619.81
4537496,1,275.89
4537496,2,11.68
105504200,1,821000
2561449,1,92504.2
2561974,1,3724.97
2561974,2,28794.36
2561974,3,16257.99
2561974,4,781.34
2561974,5,68832.9
2561974,6,199.97
2562056,1,63519.82
2562056,2,25224.42
2562056,3,257.27
2561723,1,85488.38
105504129,1,71729
2561970,1,31001.61
2561641,1,137164.19
2614896,1,42194.53
2561975,1,4447.36
2561975,2,11254.74
2561975,3,126859.44
2561975,4,5116.59
2561975,5,44311.24
2561975,6,3092.4
2561975,7,14.61
4537492,1,80989.1
4537492,2,24912.26
4537492,3,1322.78
4537492,4,16226.04
4537492,5,12248.9
4537492,6,91553.67
4537492,7,1587.33
4537492,8,2963.02
4537498,1,1107
2561633,1,142290
105504100,1,39113
105504102,1,39995
105504103,1,76215
105504104,1,34995
105504106,1,40390
2561858,1,945.79
2561858,2,32412.39
2561858,3,10750.39
2561858,4,56590.19
2561858,5,15927.7
2561858,6,5916.95
2561858,7,48552.45
2561858,8,20143.09
2561858,9,11177.84
2561858,10,13684.15
2561858,11,55.48
2561858,12,117.89
2561858,13,3806.19
2561858,14,376.01
2561858,15,1581.07
2561917,1,828
2561917,2,15508.56
2561917,3,34495.97
2561917,4,6101.6
2561917,5,370.88
2561917,6,3091.97
2561917,7,64436.33
2561917,8,678.8
2561917,9,31345.6
2561917,10,1968
2561917,11,4339.71
2561917,12,1560
105504113,1,65890
2561935,1,7956
4537462,1,32816.58
2562027,1,91125.73
2562027,2,144593.76
2614921,1,15375
4537488,1,106
4537488,2,295
4537488,3,619.2
4537488,4,4616.16
4537488,5,228
4537488,6,548.45
4537488,7,478
4537488,8,190.25
4537488,9,162
4537488,10,573.2
4537488,11,1657
4537488,12,964
4537488,13,7801.59
4537488,14,137.5
4537488,15,4168
4537488,16,4900.9
4537488,17,218.25
4537488,18,1200.21
4537488,19,1526
4537488,20,1045.5
4537488,21,340.9
4537488,22,300
4537489,1,36839.15
4537497,1,12851.49
4537495,1,7083.25
4537495,2,4082.38
4537495,3,270.79
4537495,4,2791
4537495,5,1173.68
4537504,1,10150.74
4537504,2,3792.25
4537504,3,144.62
4537504,4,177.55
4537504,5,1659.48
4537504,1,1175.68
4537504,2,3456.75
4537501,1,1407.96
2562046,1,96481.28
2561432,1,79379.47
2561680-1,1,29206.61
2561680-2,1,6070.76
2561680-3,1,40232.14
2561591,1,51255
2561720,1,46865.1
105504095,1,12923
2561799,1,4050
2561771,1,17600.64
2561655,2,56085.6
2561841,1,48194.68
2561843,1,48194.68
2614848,1,1040.06
2614848,2,775.2
2614848,3,9715.84
2614848,4,432.82
2561971,1,76000
2561862,1,17600.64
2614876,1,12207.74
2614876,2,372.48
2614876,3,8585.75
2614868,1,3934.08
2562112,1,4375.59
2562112,2,5193.75
2562112,3,5245.32
2562112,1,755.23
2562112,1,9050.4
2562112,2,417.72
2562112,3,583.57
2562112,4,174.75
2562112,5,1062.1
2562112,6,677.51
2562112,7,1675.67
2562112,8,1810.97
2562112,9,1391.47
2562112,10,781.47
2562112,11,369.99
2562112,12,1289.72
2562112,13,6593.07
2562112,1,8094.86
2562112,1,1748.5
2562112,2,1385.06
2562112,3,38217.7
2562112,1,221.54
2562112,2,228.26
2562112,3,994.43
2562112,4,4451.08
2562112,5,291.46
2562112,6,302.99
2562112,7,60.95
2562112,8,165.66
2562112,9,1592.25
2562112,10,309.75
2562112,11,584.8
2562112,12,1480.8
2562112,13,5896.58
2562112,14,4256.93
2562112,15,3772.68
2562112,16,1925.62
2562112,17,1961.27
2562112,18,4704.26
2562112,19,4728.7
2562112,20,1658.19
2562112,21,167.92
2562112,23,3987.9
2562112,24,4476.87
2562112,25,1412.18
2562112,22,315.55
2562112,1,1117.56
2562112,2,28.28
2562112,3,590.46
2562112,4,63.13
2562112,5,3153.49
105504150,1,202300
105504150,1,202300
105504150,1,202300
105504150,1,202300
105504150,1,202300
105504150,1,202300
105504150,1,202300
105504150,1,202300
105504150,1,202300
105504150,1,202300
105504150,1,202300
105504150,1,202300
105504150,1,202300
105504150,1,202300
105504150,1,202300
105504150,1,202300
105504150,1,202300
105504150,1,202300
105504150,1,202300
105504150,1,202300
105504150,1,202300
105504150,1,202300
105504150,1,4322.78
2614887,1,6539
105504180,1,49950
2561980,1,144436.9
2561981,1,119905.05
2562156,1,36097.2
2614919,1,12425.08
2614920,1,5045
105504181,1,75396.9
4537485,1,6257.1
2614953,1,6526
4537512,1,13556.1
4537512,2,13160.4
4537512,3,266.54
4537512,4,1049.99
4537512,5,773.52
4537515,1,11603.96
4537515,2,11545.62
2561704,1,51110.4
105504043,1,38500
2561775,1,22802
105504130,1,48886
105504131,1,58311
105504124,1,63406
105504125,1,45000
105504126,1,42116
105504127,1,42815
2561893-1,1,56043.93
2561893-2,1,11237.77
2561893-2,1,28998.43
4537479,1,82601.81
4537479,2,13795.29
4537479,3,3687.71
4537479,4,7316.41
4537479,5,52.2
4537479,6,63.59
4537479,7,13.77
4537479,8,17.21
4537479,9,227
4537479,10,36.88
4537479,11,43.19
4537479,12,24.67
4537479,13,19.67
4537479,14,296.66
4537479,15,926.02
4537479,16,133.58
4537479,17,2832.16
4537479,18,361.4
4537479,19,340.91
4537479,20,107.35
105504169,1,62328
105504170,1,54658
105504171,1,42991
2562072,1,194033.06
2561982,1,20867.76
2562020,1,20867.76
2562021,1,10930.73
2562021,2,21706.03
2562095,1,28499.5
2614855-2,1,6364.73
2614855-1,1,17377.76
2614855-3,1,33045
2614855-5,1,16671.53
2614855-5,1,8335.76
2614855-4,1,36608.72
2562073,1,210601.15
4537494,1,16101.36
4537494,2,11700.07
4537494,3,670.54
4537494,4,270.28
4537494,5,14522.43
4537494,6,4114.74
4537494,7,2698.3
4537511,1,5885.5
2614965,1,18525.98
2614965,2,22370.1
4537519,1,9197.25
4537519,2,2511.82
4537519,3,15.61
4537519,4,4283.19
4537519,5,18.74
4537519,6,9233.38
4537519,7,26.93
4537519,8,1582.61
4537519,9,1.45
4537519,10,2824.13
4537519,11,12273.93
4537519,12,2144.03
4537519,13,363.22
4537519,14,37.84
4537519,15,745.37
105504061,1,42935
4537507,1,3898.5
4537505,1,29460.2
4537505,2,855
4537505,3,2950.4
4537505,4,960.5
105504062,1,73550
2561838,1,65694.21
2561842,1,52893.14
2561842,1,55518.81
2561988,1,51600
2562067,1,93512.23
2614853,1,56641.54
4537514,1,818.18
2562229,1,85049.43
2561718,1,25902.6
105504058,1,49122
2614819,1,61065.56
2561947,1,51768.05
2561947,2,30624.5
2561947,3,402.64
2561947,4,5957.1
2561947,5,6358.46
2561947,6,2759.51
2561829,1,10500
2561755,1,78120
2561856,1,148340.6
2561539,1,21862.7
2561941,1,79924.49
2561992,1,183500
2562121,1,793.96
2562121,2,2544.68
2562121,3,258.05
2562121,4,1121.1
2562121,5,35370.79
2562121,6,13135.96
2562121,7,1976.21
105504168,1,40000
2562091,1,3040
2562091,2,2437.5
2562091,3,10088
2562091,4,32634.6
2562091,5,1184.4
2562091,6,12216
2562091,7,16380
2562044,1,111613.09
2562044,2,5365.03
2561815,1,113399.24
2562078,1,288873.8
2562088,1,288873.8
2614878,1,6376.41
2614878,2,6040.81
2562127,1,130861.5
4537508,1,28839.85
4537520,1,2951.25
4537500,1,4434.62
4537500,2,7206.25
4537500,3,1108.65
4537500,4,554.33
4537500,5,3325.96
4537500,6,3325.96
4537500,7,2771.63
4537500,8,1108.65
4537500,9,554.33
4537500,10,1662.98
4537500,11,776.03
2561475,1,48195
2614768,1,15750
2561788,1,17501.76
105504114,1,55793
2562169,1,33899.62
2562169,1,128945.69
2562169,1,1463.47
2562169,2,3017.88
2562169,3,2694.94
2562169,4,1489.91
2562169,1,906.21
2562169,2,241.1
2562169,3,99.93
2562169,4,606.33
2562169,5,8645.82
2562169,1,128945.69
2562169,1,8222.5
2562169,1,12765.17
2562169,2,12464.63
2562169,1,376722.68
2562169,1,67060.65
2562169,1,4248.27
2562169,1,3080.07
2562169,1,6744.6
2562169,1,46135.82
2562169,1,27642.53
2614903,1,15802.72
2614903,1,3850.67
2614903,1,4001.36
2562066,1,29266.35
2561840,1,9632.09
2561840,2,3139.87
2561840,3,28175.89
2561840,4,26981.08
2561840,5,3665.15
2561959,1,13313.66
4537510,1,56700
4537518,1,1403.52
2562113,1,126343.24
4537528,1,250720
2561738,1,36987.3
2561948,1,70329.56
2561853,1,113399.24
2561863,1,55680
2561864,1,128271.6
2561864,2,6163.2
2561882,1,208714.05
2561818,1,208714.05
2561869,1,52775.64
2561968,1,37615.74
2561880,1,43531.17
2561889,1,95372.18
2561896,1,62157.85
2561910,1,44823.38
2561963,1,76000
2561900,1,40334.8
2561916,1,80669.6
2561552A,1,35179.49
2562018,1,22113
2614837,1,52100
2614967,1,5649.6
2614967,1,5649.6
2562025,1,21450
2562143,1,4871.12
2562143,2,61537.68
2562143,3,22819.21
2562143,4,44225.38
2562143,5,720.2
2562143,6,2179.82
2562144,1,37833.61
2562144,2,3092.4
2562144,3,144968.37
2562144,4,9890.76
2562144,5,1499.34
2562144,6,343.46
4537517,1,230
2562362,1,73265.8
2562362,2,1918
2562362,3,727.68
2562362,4,3179.23
4537513,1,2059.2
4537550,1,138000
4537550,2,
105504091,1,72549
105504088,1,61081
105504111,1,41901
2561901,1,120748.32
2561901,1,117196.2
105504179,1,60123
105504172,1,55925
4537481,1,33215.14
4537522,1,4393.68
4537539,1,173815
4537547,1,1491.4
4537547,2,3447.35
4537547,3,22768.05
4537547,4,33428.85
4537547,5,26785.94
4537547,6,1875.02
4537547,7,4425.04
4537547,8,2464.31
4537547,9,3985.75
2561653,1,29199.69
2561654,1,21637.82
2561654,2,535.2
2561654,3,4851.84
2614756,1,9667.5
2614756,2,340
2614756,3,4110
2561636,1,20577.84
2561636,2,2376
2561772,1,32641.21
2561772,2,4291.88
2561772,3,2611.33
2561772,4,1481.5
2561772,5,757.11
2561772,6,3396.14
2561772,7,7847.65
2561772,8,5142.79
2561772,9,804.48
2561772,10,1008.3
2561772,11,244.07
2561772,12,631.54
2561772,13,7554.61
2561772,14,1818.5
2561772,15,282.01
2561772,16,2215.92
2614862,1,7801.87
2614862,2,28877.49
105504133,1,31440
105504134,1,32709
105504135,1,30250
105504140,1,60498
105504141,1,36290
105504146,1,60138
105504147,1,45240
105504149,1,35200
105504151,1,55253
105504152,1,51390
2562119,1,
2562119,2,177120
2614918,1,9.97
2614918,1,4900
2561845,1,10600
2562157,1,152744.68
2562157,2,7911.24
4537531,1,9945.6
4537531,2,919.38
4537531,3,17865.69
4537531,4,6024.3
4537531,5,7726.46
4537531,6,13935.75
4537531,7,252.45
4537531,8,22755.85
4537531,9,697.5
4537531,10,21727
2561786,1,8437
2561786,1,7328
2561946,1,25540.92
2561946,1,21898.92
2561946,1,18788.64
2561946,1,18788.64
2561946,1,3358.02
2561946,1,1493
2561946,1,2492
2561946,1,122.5
2561946,1,310
2561946,1,1653
2561946,1,227
2561946,1,7176
4537548,1,8184.96
4537548,2,3281.55
4537548,1,1905.23
4537548,1,5258.28
4537548,1,3008.6
4537548,2,92.52
4537548,3,92.52
4537548,1,727.79
4537548,1,840
4537548,1,831.76
4537530,1,3599.44
4537530,1,961.41
2614952,1,8747
4537541,1,16382.82
4537526,1,7196.96
2562068,1,81446.4
2562068,2,49.42
2562068,3,69.12
2562068,4,241.92
2562068,5,468.36
2562068,6,441.26
2562068,7,564.02
2562068,8,123.55
2562068,9,42.16
2562068,10,415.07
2562068,11,218.42
2562068,12,76.72
2562068,13,86.05
2562068,14,650.83
2562068,15,912.38
2562068,16,286.02
2562068,17,503.19
2562068,18,138.24
4537551,1,14843.39
4537551,1,2763.49
4537551,1,19457.09
4537551,1,591.55
4537551,1,225.59
4537551,1,734.6
4537551,1,1781.89
4537551,1,705.31
4537551,1,11184.53
4537551,1,3728.18
4537551,1,258.98
4537551,1,380
4537551,1,112.78
4537551,1,419.9
4537551,1,247.8
4537551,1,218.37
4537553,1,8341.73
4537553,2,6337.02
2562276,1,5161.64
2562276,1,12750.56
2562276,2,64318.99
2562276,1,19216.2
2562276,1,38296.94
2562281,1,30850.64
2562281,1,15256.06
2562281,2,13125.01
2561741,1,59990.84
2561741,2,12519
2561902,1,58132.61
2561931,1,80916.85
2561839,1,21630
2561918,1,39802.5
2561960,1,120750
105504142,1,28995
105504148,1,28000
2561937,1,48194.68
2562019,1,21360
2614911,1,47779.2
2561938,1,48023.15
2562166,1,26646.06
2562154,1,107403.35
2561836,1,137688.72
2614926,1,83510.74
2614926,1,27426.87
2561943,1,31715.3
2561943,2,16406.69
2562224,1,27669.6
4537558,1,22407.2
2562248,1,4024.42
2562248,2,7755.51
2562248,3,11876.14
2562248,4,5326.31
2562248,5,28722.38
2562248,6,4364.68
2562248,7,2841.62
2562248,8,7401.5
2562248,1,8524.85
2562248,2,5502.78
2562248,3,41661.54
2562248,4,2915.74
2562248,1,4624.3
2562248,1,2242.88
2562248,2,878.57
2562248,3,798.31
2562260,1,116133.23
2562261,1,82952.31
2562304,1,22148.27
2562304,1,86768.12
2562304,1,14.08
2562304,2,10.56
2562304,3,10.56
2562304,4,10.56
2562304,5,233.02
4537542,1,3271.37
4537542,2,3271.37
4537542,3,747.88
4537542,4,84.67
4537542,5,820.78
4537542,6,2916.24
4537542,7,4510.77
4537542,8,217.54
4537542,9,1869.69
4537542,10,1142.98
4537542,11,3186.7
4537542,12,2561.12
4537542,13,1124.17
4537542,14,703.19
4537542,15,1940.25
4537542,16,158.75
4537542,17,47.04
4537542,18,58.8
4537542,19,1058.31
4537542,20,146.99
4537542,21,335.13
4537542,22,652.62
4537542,23,1234.7
4537542,24,383.35
4537542,25,1599.23
4537542,26,178.74
4537542,27,301.04
4537542,28,209.31
4537523,1,9360
4537523,2,5390
4537523,3,935.9
4537523,4,2083.5
4537523,5,822.5
4537546,1,1964.89
4537546,2,128.15
4537546,3,196.1
4537546,4,2903.28
4537546,5,865.93
4537546,6,5.19
4537546,7,725.19
4537546,8,343.11
4537546,9,1880.13
4537546,10,68.6
4537546,11,35.81
4537546,12,2336.05
4537546,13,725.19
4537546,14,27.79
4537556,1,496.09
4537556,1,626.29
4537556,1,428.64
4537556,1,586.81
4537556,1,82.46
4537556,1,920.24
4537556,1,1927.03
4537556,1,333.1
4537556,1,58.66
4537556,1,517.99
4537556,1,66.53
4537556,1,13721.16
2561617,1,131119
2614783,1,62465
2561881,1,32400
2561881,2,633.6
2561881,3,1068
2561881,4,412
105504136,1,56879.2
2561989,1,33200
105504139,1,65941
105504143,1,62215
105504166,1,63406
105504167,1,58721
2562071,1,23688.56
2562071,2,301.81
2562071,3,1096.96
2614871,1,20720.28
2561451,1,10463.57
2561451,1,5446.57
2561451,2,40622.41
2561615,1,4636.06
2561615,2,4485
2561615,3,5719.74
2561615,4,3640.72
2561615,5,3725.41
2561615,6,2295.28
2561615,7,2974.6
2561615,8,2946.26
2561615,9,2048.67
2561615,10,1226.03
2561615,11,672.62
2561615,12,2117.51
2561615,13,635.05
2561615,14,1360.13
2561615,15,690.3
2561615,16,483.99
2561615,17,1299.74
2561615,18,437.71
2561615,19,660.01
2561615,20,6556.55
2561615,21,4324.45
2561615,22,1229.35
2561615,23,671.45
2561615,24,542.49
2561615,25,491.21
2561615,26,433.16
4537527,1,9163.39
4537527,2,710.3
4537540,1,682.39
4537540,2,83.73
4537540,3,225.72
4537540,4,1281.52
4537540,5,283.17
4537540,6,640.76
4537540,7,1670.85
4537540,8,1670.85
4537540,9,116.29
4537540,1,1597.65
4537540,2,156.99
4537543,1,4393.68
105504216,1,959200
4537549,1,
4537549,2,
4537549,3,
4537549,4,
4537549,5,2216.49
4537549,6,2570.01
4537549,7,5221.42
4537549,8,2610.71
4537549,9,1285
2561796,1,138855.36
2561520,1,53160
2561778,1,125696
105504110,1,9590.63
105504112,1,62578
2561824,1,46778.13
2561824,2,46778.13
2614854,1,72675.34
2614854,2,19425.84
2561453,1,139049.51
2561708,1,50505.2
2561708,2,2160
2562032,1,65331.02
2562033,1,65431.38
2562089,1,51600
2562100,1,49200
2562115,1,31966.94
2561787,1,39827.32
2561787,1,9163.26
2561787,1,210
2561787,1,57608.12
2561787,1,1301.18
2562308,1,10792.45
2562308,2,3340.55
2562308,3,5953.1
4537567,1,89928.02
4537567,2,421.96
4537567,3,2169.25
4537567,4,616.72
4537567,5,3.42
4537567,6,0.05
2562029,1,12247.23
2562029,1,3021.49
2562029,2,5259.96
2562029,1,57321.53
4537554,1,2992.5
105504137,1,83287
105504144,1,38750
105504145,1,65995
2561999,1,160990.8
2614897,1,15820.61
105504174,1,62633
2561883,1,38555.74
2562134,1,10320
105504194,1,57995
105504195,1,60514
105504196,1,61919
2562194,1,119587.68
2562195,1,126065.75
2561923,1,57466.64
2561923,2,8023.51
2561924,1,52236.2
2561925,1,52042.67
2562034,1,15859.97
2562034,1,30706.39
2561920,1,53641.58
2561920,2,9262.48
2561920,3,5816.58
2561921,1,50165.7
2561921,2,22930.71
2561922,1,61007.63
2561940-1,1,11797.75
2561940-2,1,3900.21
2561940-2,2,6538.13
2561940-2,3,3996.27
2561940-2,4,3770.05
2561940-2,5,3487.58
2561940-2,6,7893.73
4537571,1,1022.87
4537561,1,2300.26
4537583,1,537.2
4537583,2,424.2
4537583,3,212.1
4537583,4,1272.6
4537583,5,2121
4537583,6,3605.7
4537583,7,1484.7
4537583,8,848.4
4537583,9,1908.6
4537583,10,282.8
4537583,11,1131.2
4537583,12,933
4537583,13,155.5
4537583,14,466.5
4537583,15,360.6
4537583,16,99
4537583,17,5302.5
2561967,1,40757.21
2561891,1,56540.32
2561895,1,53912.35
2561995,1,29907.96
2561779-1,1,54727.4
2561779-2,1,65151.45
2561779-2,2,82513.24
2562117,1,46686.08
2562117,1,71506.4
2562256,1,32713.54
2562079,1,56699.62
2562090,1,36257.3
2562152,1,64384.32
2562146,1,22758.18
2562375,1,17529.62
2562375,2,17529.62
2562375,3,20522.82
2562375,4,20522.82
2562375,5,6854.28
2562375,6,6854.27
2562374,1,9119.91
2562374,2,9119.91
2562374,3,4104.84
2562374,4,4104.84
2562374,5,14185.04
2562374,6,35059.25
2562374,7,35059.25
2562374,8,6854.28
2562374,9,6854.28
2562374,10,13645.09
2562153,1,40252.6
2562153,1,12896.06
2562153,2,17992.23
2562158,1,133289.15
2562165,1,1526.04
2562165,2,1449.79
2562165,1,108014.48
2562160,1,25010.41
2562160,2,7618.37
2562160,3,8438.08
2562160,4,5481.75
2562160,5,5121.51
2562160,6,54292.67
2562160,7,1463.29
2562160,8,2205.62
2562160,9,25010.41
2562160,10,11427.55
2562160,11,7674.45
2562160,12,22119.24
2562160,13,3809.18
2562160,14,5846.51
2562160,15,3098.98
2562160,16,6032.52
2562160,17,4844.89
2562160,18,11427.55
2562208,1,96481.28
2562106,1,2437.99
2562106,2,13408.96
2562106,3,14627.95
2562107,1,25598.92
2562107,2,4875.98
2562107,1,7313.98
2562107,2,23160.92
2562107,1,10970.96
2562107,2,13408.96
2562107,3,6094.98
2562107,1,19503.94
2562107,2,10970.96
2562107,1,1219
2562107,2,13408.96
2562107,3,15846.95
2562108,1,9751.97
2562108,2,12189.96
2562108,3,8532.97
2562108,1,17065.94
2562108,2,13408.96
2562108,1,26391.6
2562108,2,6597.9
2562108,1,14293.98
2562108,2,14293.98
2562108,1,6623.79
2562108,2,27699.51
2562109,1,3894.35
2562109,2,14279.29
2562109,3,2596.23
2562109,1,1293.42
2562109,2,1293.42
2562109,3,1293.42
2562109,4,1204.75
2562109,5,1204.75
2562109,1,20907.92
2562109,2,9147.22
2562236,1,17209.08
2562236,2,9756.48
2562236,3,5643.11
2562236,1,13605.96
2562236,1,271.5
2562236,2,271.5
2562241,1,13698.72
2562241,2,53668.16
2562242,1,38398.76
2562242,2,2923.17
2562242,3,17559.36
2562242,4,35822.08
2562242,5,35005.05
2562242,6,7898.73
2562242,7,446.9
2561715,1,40334.8
2561705,1,46720.8
2561834,1,149532.24
2561834,2,1072
105504164,1,49586
2562015,1,102910.5
2562015,2,52346.25
2562015,1,193505.4
4537562,1,1235.02
4537562,2,1295.86
4537562,3,1046.65
4537562,4,317.93
4537562,5,130.48
4537562,6,1013.99
4537562,7,155.11
4537562,8,242.73
2561952,1,141750
2561952,2,5900
4537573,1,41165.08
4537573,2,95197.88
4537573,3,48909
4537573,4,95197.88
4537573,5,30894.19
4537573,6,52402.5
4537573,7,35051.45
4537573,8,27715.1
4537573,9,30160.55
4537573,10,33421.15
4537573,1,95197.88
4537573,2,12227.25
4537573,3,95197.88
4537573,4,12227.25
4537573,5,95197.88
4537573,6,12227.25
4537573,7,17118.15
4537573,8,17933.3
4537573,9,30160.55
4537573,10,43529.01
4537529,1,18538.84
4537529,2,465.8
4537584,1,362.74
4537584,2,225.04
4537584,3,280.64
4537584,4,647.75
4537584,5,735.96
4537584,6,10.48
4537584,7,10.48
4537584,8,5.82
4537584,9,22.01
4537584,10,642.11
4537584,11,217.76
4537584,12,232.9
4537584,13,1708.32
4537584,14,163.03
4537584,15,22.01
4537584,16,1356.18
4537584,17,899.58
4537584,18,493.75
4537584,19,3440.86
4537584,20,186.32
4537584,21,43.55
4537584,22,10.48
4537584,23,220.09
4537584,24,27.95
4537584,1,13583
4537584,2,13583
4537585,1,19358.64
4537579,1,8637.33
2614989,1,20500
2561733,1,138935.26
2561733,2,18217.54
105504115,1,44390
105504116,1,52810
2561667,1,133528.8
2562039,1,48194.68
105504154,1,52211
105504155,1,52652
105504157,1,44638
2562148,1,29443.84
2562011,1,4769.18
2562011,2,4482.08
2562011,3,2425.01
2562011,4,1313.54
2562011,5,2713.6
2562011,6,2021.84
2562011,7,
2562011,8,1294.7
2562011,9,2957.13
2562011,10,4326.4
2562011,11,307.46
2562011,12,324.3
2562011,13,1218.22
2562011,14,3322.35
2562011,15,779.47
2562011,16,643.06
2562011,17,4651.16
2562011,18,
2562011,19,4276.24
2562011,20,4240.15
2562011,21,394.54
2562011,22,1504.4
2562011,23,390.94
2562011,24,264.63
2562011,25,779.47
2562011,26,701.84
2562011,27,893.14
2562011,28,1226.94
2562011,29,2100.23
2562011,30,3607.64
2562011,31,2052.41
2562011,32,562.35
2562011,33,2992.92
2562011,34,522.05
2562011,35,
2562011,36,308.74
2562011,37,255.81
2562011,38,429.83
2562011,39,584.6
2562011,40,466.72
2562011,41,442.66
2562011,42,611.06
2562011,43,
2562011,44,
2562011,45,487.57
2562011,46,210.74
2562011,47,148.36
2562011,48,165.4
2562011,49,7225.3
2562011,50,494.78
2562011,51,429.83
2562011,52,522.05
2562011,53,513.23
2562011,54,425.82
2562011,55,310.74
2562011,56,547.31
2562011,57,466.72
2562011,58,442.66
2562011,59,
2562011,60,
2562011,61,
2562011,62,451.08
2562011,63,4104.83
2562011,64,2222.12
2562184,1,53858.7
2562185,1,79505.7
105504198,1,63136
105504201,1,53920
2562251,1,80788.05
2561861,1,113399.24
2561887,1,145151.03
2561973,1,113997.99
2614955,1,5579
4537533,1,47530
2562211,1,3336
2562211,2,2620
2562211,3,5567.5
2562211,4,39627
2562211,5,13209
2562211,6,1974
2562211,7,21547.5
4537536,1,83851.76
4537578,1,1477.64
4537578,2,2710.63
4537578,3,348.11
4537578,4,296.99
4537578,5,1102.75
4537578,6,445.49
4537578,7,40.16
4537578,8,40.16
4537578,9,367.58
4537578,10,234.92
4537578,11,3414.15
4537578,12,6331.7
4537578,13,183.8
4537578,14,149.72
4537578,15,530.69
4537578,16,26.78
4537578,17,53.55
4537578,18,170.41
4537578,19,321.33
4537575,1,17160
4537565,1,6330.53
4537593,1,2062.25
4537593,1,1422.72
4537593,1,474.24
4537593,1,2358.5
4537593,1,287.36
4537593,1,670.54
4537593,1,6138.72
4537593,2,2120.88
4537593,1,4946.88
4537599,1,6656.84
4537599,2,1189.77
4537599,3,563.43
105504176,1,81445
105504085,1,46364
2561898,1,9270
2561942,1,4507.67
2561942,2,13561.69
2561942,3,10793.57
2561942,4,3470.55
2561942,5,3154.72
2561942,6,3444.91
2561942,7,6957.28
2561942,8,5018.34
2561942,9,624.76
2561942,10,951.19
2561942,11,3396.83
2561942,12,183.89
2561942,13,990.02
2561942,14,9.54
2561942,15,606.29
2561942,16,1766.67
2561942,17,7510.97
2561942,18,650.46
2561942,19,878.52
2561942,20,356.35
2561823,1,10320
105504156,1,27995
105504158,1,44475.51
105504165,1,74772
2561991,1,29455.08
2562267,1,12974.14
2562267,1,13221.77
2562267,1,38335.2
2562267,1,37027.73
2562267,1,4904.39
2562267,1,8353.9
2562267,1,15018.24
105504191,1,65060
2562168,1,56572.16
2562168,2,1692.23
2562168,3,2582.43
2561950,1,29000
2561950,2,75750
2561950,3,31562.5
2562354,1,179.75
2562354,2,57.13
2562354,3,100.58
2562354,4,2655.4
2562354,1,1527.42
2562354,2,87.52
2562354,3,405.97
2562354,4,2560.14
2562354,5,4804.97
2562354,1,25989.99
2562354,2,505.8
2562354,3,3224.68
2562354,4,1407.28
2562354,5,3347.08
2562354,6,3666.97
2562354,7,1518.02
2562354,8,3417.93
2562354,9,1171.48
2562354,10,505.8
2562354,11,3325.99
2562354,12,16036.73
2562354,13,4365.52
2562354,14,580.44
2562354,15,1219.04
2562354,16,1358.38
2562354,17,1282.11
2562354,18,832.4
2562354,19,576
2562354,20,78.21
2562354,21,127.99
2562354,22,607.79
2562354,23,607.1
2562354,24,1308.29
2562354,25,295.26
2562354,26,653.14
2562354,27,5703.12
2562354,28,272.96
2562354,29,233.55
2562354,30,3012.44
2562354,31,89.11
2562354,32,672.99
2562354,33,59.53
2562354,34,508.29
2562354,35,256.31
2562354,36,617.98
2562354,37,104.13
2562354,38,6048.64
2562354,39,1556.53
2562354,40,2102.53
2562354,41,55.08
2562354,42,1412.87
2562354,43,728.68
2562354,44,3294.37
2562354,45,4550.67
2562354,46,2065.26
2562354,47,4768.59
2562354,48,1625.7
2562354,1,227.49
2562354,2,512.26
2562354,3,108.93
2562354,4,319.67
2562354,5,94.02
2562354,1,187.51
2562354,2,92.35
2562354,3,375.03
2562354,4,425.64
2562354,5,3171.95
2562354,6,5270.25
2562354,7,370.45
2562354,8,15.66
2562354,9,1827.7
2562354,10,2676.63
2562354,11,2015.84
2562354,1,2127.36
2562355,1,3090.36
2562355,2,2224.39
2562355,3,1460.67
2562355,4,6115.54
2562355,5,1709.16
2562355,6,1972.49
2562355,7,417.36
2562355,8,4057.55
2562355,9,3814.03
2562355,10,3548.27
2562355,1,4089.17
2562355,1,4405.89
2562355,2,3716.63
2562355,3,1105.05
2562355,1,2058.72
2562355,2,2420.73
2562355,3,2983.07
2562355,1,12465.47
2562355,2,13616.95
2562327,1,27669.6
2614976,1,16800.48
2614976,1,18551.28
2614976,1,10044.39
2562347,1,43724.74
2562378,1,84923.37
4537601,1,1444.13
4537601,2,1766.52
4537601,1,58
4537601,2,110
4537601,1,328.28
4537601,2,553.06
4537601,1,755.84
4537601,1,851.22
4537601,1,157.14
4537601,2,1136.78
4537601,3,276.86
4537601,1,567.72
4537601,1,1722.17
4537601,1,370.11
4537601,1,24447.38
4537601,2,14793.94
4537601,3,16298.26
4537601,1,972.89
4537601,1,400.4
4537601,1,260.4
4537493,1,1146
4537493,2,1341
4537493,3,546
4537581,1,869.9
4537581,2,1910.72
4537581,3,16976.8
4537581,4,1269.17
4537581,5,101.6
4537581,6,109.79
4537581,7,106.19
4537581,8,43.14
4537581,9,4.1
4537581,10,1.23
4537581,11,15.16
4537581,12,159.28
4537581,13,847.62
4537581,14,8.19
4537581,15,138.47
4537581,16,794.77
4537581,17,268.09
4537581,18,40.97
4537581,19,2953.76
4537581,20,604.68
4537581,21,189.27
4537581,22,1053.68
4537581,23,3678.88
4537581,24,336.75
4537581,25,6994.79
4537581,26,494.89
4537581,27,88.49
4537560,1,71125
4537560,2,71125
2614986,1,280
2614986,2,275.04
2614986,3,313.6
2614986,4,835.36
2614986,5,83.6
2614986,6,22.96
4537603,1,55000
4537603,2,16000
4537603,3,2400
4537603,4,2000
4537604,1,2066.86
4537604,2,2656.08
2561984,1,64469
2561985,1,64469
2561709,1,96134
2561709,2,410
2561709,3,911.75
2561742,1,77776.46
2561742,2,10686
2562037,1,5320
2561983,1,32250
2562062,1,5940
2561986,1,64469
105504193,1,71971
2562247,1,33200
2562219,1,18283.1
2562219,1,14747.11
2562238,1,31753.96
2562338,1,440.63
2562338,1,2335.51
2562338,1,71.19
2562338,2,497.2
2562338,1,13489.7
2562338,1,185.71
2562338,2,1680.11
2562338,3,55.26
2562338,4,563.24
2562338,5,1094.86
2562338,6,727.8
2562338,7,130.5
2562338,8,2266.11
2562338,9,98.07
2562338,10,1197.78
2562338,11,3353.61
2562338,12,7663.98
2562338,13,1417.8
2562338,14,4432.82
2562338,1,224.17
2562338,2,62.55
2562338,3,137.97
2562338,4,84.29
2562338,5,1820.85
2562338,6,6784.99
2562338,7,3003.73
2562338,8,1240.23
2562338,9,496.09
2562338,10,2520.33
2562338,11,326.91
2562338,12,4648.05
2562338,13,1193.69
2562338,14,2623.37
2562338,15,2245.73
2562338,16,5385.35
2562338,17,31402.87
2562338,18,595.49
2562338,19,1569.4
2562338,20,1050.96
2562338,21,848.05
2562338,22,1095.11
2562338,23,539.7
2562338,24,216.7
2562338,25,4732.96
2562338,26,564.17
2562338,27,4370.39
2562338,28,5311.48
2562338,29,2002.9
2562338,30,262.91
2562338,31,309.7
2562338,32,278.33
2562338,33,108.51
2562338,34,2899.21
2562338,35,197.28
2562338,36,5450.01
2562338,37,26.9
2562338,38,1224.39
2562338,39,316.35
2562338,40,195.54
2562338,41,125.26
2562338,42,160.24
2562338,43,2577.48
2562338,44,611.97
2562338,45,43.73
2562338,46,1579.51
2562338,47,10184.89
2562338,48,137.97
2562338,49,8161.39
2562338,50,1997.78
2562338,1,1450.43
2562338,2,4363.43
2562338,3,1239.08
2562338,4,3537.05
2562338,5,337.95
2562338,6,2400.92
2562338,1,1478.16
2562338,2,86.69
2562338,3,367.37
2562338,1,825.22
2562338,2,506
2614940,1,403.2
2614940,2,528
2614940,3,441.6
2614940,4,451.2
2614940,5,403.2
2614940,6,403.2
2614940,7,528
2614940,8,441.6
2614940,9,283.2
2614940,10,460.8
2614940,11,451.2
2614940,12,403.2
2614940,13,384
2614940,14,403.2
2614940,15,528
2614940,16,441.6
2614940,17,460.8
2614940,18,451.2
2614940,19,403.2
2614940,20,384
4537544,1,19664
4537596,1,244.22
4537525,1,3478.5
4537595,1,13.32
4537595,2,717.1
4537595,3,38.24
4537595,4,4078.91
4537598,1,59.33
4537598,2,7805.3
4537598,3,6303.41
4537598,4,694.73
4537588,1,2180.25
4537588,2,3934.14
4537588,3,2252.93
4537588,4,21443.16
4537588,5,1308.15
4537588,6,13372.2
4537588,7,436.05
2561798,1,23112
2561745,1,30718.72
2561964,1,21360
2561978,1,17088
2562049,1,17600.64
2562065,1,64340
2562230,1,46556.16
2614929,1,32996.85
2562030,1,60857.19
2562031,1,15130.21
2562031,2,48493.61
2562377,1,84620.56
2562377,1,681.58
2562377,2,4678.4
2562377,3,3836.29
2562377,4,2617.56
2562377,5,1078.75
2562377,6,2853.08
2562377,7,4181.32
2562377,8,2107.03
2562377,9,798.25
2562377,10,7253.39
2562377,11,12755.19
2562377,12,20985.43
2562377,13,12283.61
2562377,1,233.92
2562377,2,105.26
2562377,3,116.96
2562377,1,2385.98
2562377,2,2863.18
2562377,3,2280.72
2562377,4,1080.48
2562377,5,1010.77
2562377,6,1333.34
4537589,1,6837.12
4537590,1,36393.8
2614987,1,3702.99
2614987,2,2997.66
4537608,1,4908.2
4537602,1,8727.03
4537602,2,26688.16
4537602,3,22684.93
4537602,4,19322.23
4537602,5,3202.58
4537602,6,960.77
4537602,7,4270.11
4537605,1,881.5
4537605,2,294
2614807A,1,3427.2
2614807A,2,761.6
2614807A,3,644
2614807A,4,252
2561761,1,17600.64
2562097,1,22018.89
2562097,2,1192.75
2562097,3,1152.08
2562098,1,91076.07
2562098,2,1748
2562099,1,22041
2562099,2,2620.01
2562099,3,211.14
2562099,4,334.5
2562099,5,3032.4
2561949,1,70646.41
2562096,1,35502.48
105504177,1,48408
2562085,1,13280
2562130,1,13938
2562075,1,9569.14
105504197,1,56000
2562221,1,41700
2561844,1,136497.95
4537600,1,300300
4537600,2,15000
2614943,1,4239.3
2614941,1,3847.39
2614941,1,1137.92
2614930,1,22261.64
2614930,1,1145.99
2614930,1,4026.29
2614971,1,2196.84
2614971,2,3526.74
2614971,4,23077.56
2614971,3,746.4
2614971,5,954.8
2614971,6,1763
2562550,1,121838.88
2562550,2,2331
2562550,3,607.1
2562550,4,258.72
2562550,5,4169.62
2562550,6,7015.48
2562550,7,539
2562550,8,2515.5
2562550,9,2353.04
2562550,10,2614.95
2562550,11,1515
2562550,12,500
2562550,13,250
2562550,14,1347
2562550,15,1950
2562550,16,222
2562582,1,100
2562582,2,208
2562582,3,475.2
2562582,4,740.28
2562582,5,1085.6
2562582,6,864
2562582,7,1591.2
2562582,8,1496
2562582,9,3599.28
2562582,10,1939.2
2562582,11,548
2562582,12,1596
2562582,13,1400.32
2562582,14,1760
2561817,1,48194.68
105504128,1,70611
2561979,1,42230
2561934,1,197397.2
2562043,1,157320
105504161,1,36800
105504162,1,31995
105504163,1,44050
105504175,1,38768
4537610,1,7722.66
4537627,1,480.9
4537627,2,637.98
4537627,3,118.41
4537627,4,343.16
4537627,5,151.04
4537627,6,96.67
4537627,8,964.23
4537627,9,797.49
4537627,10,1122.53
4537627,11,102.71
4537627,12,126.88
4537627,13,160.71
4537627,14,4349.93
4537627,15,604.16
4537627,16,183.67
4537627,17,1178.11
4537627,7,181.25
2562126,1,162741.15
2614946,1,64500
2562412,1,104689.2
4537570,1,477.03
4537570,2,238.51
4537570,3,563.95
4537570,4,720.84
4537570,5,720.84
4537570,6,190.81
4537570,7,799.82
4537570,8,3264.73
4537570,9,492.93
4537587,1,12.2
4537587,2,912.4
4537587,3,1451.55
4537587,4,121.98
4537587,5,768.47
4537587,6,121.98
4537587,7,170.77
4537587,8,346.42
4537587,9,60.99
4537587,10,241.51
4537587,11,182.97
4537587,12,504.99
4537587,13,152.48
4537587,14,139.05
4537587,15,1750.4
4537587,16,414.73
4537587,17,273.23
2562237,1,10926.19
2562237,2,21772.05
2562237,1,862.58
2562237,2,1290.77
2562237,3,1148.04
2562237,4,1148.04
2562237,5,862.58
2562382,1,12145.2
2562382,2,12145.2
2562382,3,7005.09
2562382,4,4380.26
2562382,5,4138.4
2562382,6,8507.52
2562382,7,9255.58
2562382,8,4548.67
2562382,9,2782.35
2562382,10,1641.08
2562382,11,3687.04
2562382,12,3687.04
2562382,13,1705.14
2562382,14,14123.2
2562382,15,14123.2
2562382,16,2557.71
2562382,17,252.68
2562382,18,1641.08
2562382,19,4623.6
2562382,20,931.98
2562382,21,1705.14
2562382,22,3481.32
2562382,23,2777.47
2562382,24,664.2
2562382,25,50.98
2562382,26,1924.18
2562382,27,1924.18
2562382,28,28.43
2562382,29,28.43
4537620,1,1260.39
4537632,1,23097.6
2562188,1,380160
2562042,1,33101.9
2562063,1,36093.96
2562094,1,41700
4537618,1,64045.8
4537618,2,58180.8
4537618,3,68972.4
4537618,4,27917.4
4537618,5,31530.24
4537618,6,36128.4
4537618,7,30380.7
4537618,8,91142.1
4537618,9,32022.9
4537618,10,49266
4537618,11,113487.75
4537618,12,113487.75
4537618,1,22873.5
4537618,2,26990.73
4537618,3,22873.5
4537618,4,22873.5
4537618,5,22873.5
4537618,8,22873.5
4537618,7,38122.5
4537618,9,23635.95
4537618,10,56421.3
4537618,11,35635.74
4537618,6,15249
4537618,1,17243.1
4537618,7,6862.05
4537618,8,5014.58
4537618,4,14076
4537618,5,13196.25
4537618,2,21993.75
4537618,3,6897.24
4537618,6,14076
105504208,1,65245
2561953,1,19667.27
2561953,2,6176.43
2561953,3,632.58
2561953,4,77496.91
2562123,1,65291.52
4537612,1,346
4537612,2,194
4537612,3,2
4537612,4,416
4537612,5,
4537612,6,5
4537612,7,
4537612,8,
4537612,9,
4537612,10,
4537612,11,
4537612,12,
4537612,13,1.38
4537612,14,110
4537612,15,16
4537609,1,59520
4537609,2,2480
4537615,1,1407.6
4537626,3,576.53
4537626,5,842.68
4537626,1,201.85
4537626,2,492.66
4537626,4,576.53
4537626,6,1304.96
4537626,1,296.18
4537626,2,2369.46
4537626,3,296.18
4537626,1,861.92
4537626,2,851.6
4537626,1,8.87
2614861,1,14845.87
2614861,2,11766.32
2561944,1,136400
2614847,1,33000
2614846-1,1,57188.01
2614846-1,2,12162.09
2614846-2,1,55874.73
2614846-2,2,1236.15
105504159,1,53370
105504160,1,53870
105504178,1,40495
4537621,1,31677.36
2562291,1,35434.29
2562434,1,1245.37
2562434,2,753.91
2562434,3,1438.71
2562434,4,2032.83
2562434,1,13715.37
2562434,2,18125.74
2562434,3,11956.7
2562434,1,24103.01
2562434,2,14509.94
2562434,1,8605.34
2562434,1,457.29
2562434,2,11053.25
2562434,3,1511.63
2562434,4,4581.5
2562434,5,7612.39
2562434,6,4548.89
2562434,1,4470.1
2562435,1,167.2
2562435,1,1373.94
2562435,1,4405.15
2562435,2,541.79
2562435,3,214.7
2562435,1,10054.77
2562435,2,85.39
2562435,3,5078.3
2562435,4,140.1
2562435,5,437.6
2562435,6,202.68
2562435,7,404.38
2562435,8,199.03
2562435,9,34.03
2562435,10,326.22
2562435,11,720.57
2562435,12,280.32
2562435,13,613.63
2562435,14,305.18
2562435,15,190.76
2562435,16,413.64
2562435,17,29.79
2562435,18,32.66
2562435,19,15.88
2562435,20,825.21
2562435,21,97.42
2562435,22,52.92
2562435,23,17.05
2562435,24,134.29
2562435,25,36.9
2562435,26,28.88
2562435,27,868.96
2562435,28,1917
2562435,29,26.14
2562435,30,29.82
2562435,31,26.4
2562435,32,2156.97
2562435,33,2199.8
2562435,34,4280.67
2562435,35,3730.16
2562435,36,425.96
2562435,37,46.55
2562435,38,3643.59
2562435,39,411.31
2562435,40,5231.9
2562435,41,548.1
2562435,42,3164.48
2562435,43,300.37
2562435,44,246.49
2562435,45,11085.14
2562435,46,3404.52
2562435,47,2952.57
2562435,48,4056.73
2562435,49,27.15
2562435,50,525.54
2562435,51,6186.85
2562435,52,5092.77
2562435,53,2413.64
2562435,54,1564.58
2562435,55,252.91
2562435,56,476.36
2562435,57,1600.35
2562435,58,166.56
2562435,59,2294.5
2562435,60,2704.61
2562435,61,8530.72
2562435,62,4102.91
2562435,63,1010.93
2562435,64,971.86
2562435,65,2100.35
2562435,66,1869.28
2562435,67,5335.3
2562435,68,4265.34
2562435,1,1682.36
2562435,2,14639.17
2562435,3,1682.36
2562435,1,4538.2
2562435,2,18152.82
2562435,3,92.33
2562435,4,391.92
2562391,1,4061.5
2562467,1,28815.55
2562467,1,10899.72
2562467,1,1448.82
2562468,1,167757.87
2562468,2,6902.04
2562468,1,29383.83
2562468,1,33.3
2562468,2,83.26
2562468,3,39.94
2562468,4,90.2
2562468,5,29.83
2614977,1,6315
4537607,1,359.67
4537607,1,496.82
4537607,1,306.07
4537607,1,1351.53
4537607,2,
4537607,3,158.46
4537607,4,40.16
4537607,5,1670.38
4537607,6,1670.38
4537607,7,1991.57
4537607,8,110.94
4537607,9,4191.97
4537607,10,1432.43
4537607,11,133.07
4537607,12,2352.56
4537607,13,436.05
4537607,14,135.92
4537607,15,8409
4537607,16,7657.56
4537607,17,103.53
4537607,18,103.53
4537607,1,15119.81
4537607,1,1871.51
4537607,2,1143.79
4537607,3,4778.07
2615002,1,5025
4537633,1,4416.73
4537629,1,255
4537629,2,875.5
4537629,3,255
4537629,4,960.5
4537629,5,714
4537629,6,979.2
4537629,7,1751
4537629,8,1921
4537629,9,130.9
4537629,10,773.5
4537629,11,176.8
4537629,12,224.4
4537629,13,353.6
4537629,14,306
4537629,15,561
4537629,16,425
4537629,17,280.5
4537629,18,212.5
4537629,19,561
4537629,20,1632
4537629,21,408
4537629,22,2448
4537629,23,1657.5
4537629,24,2499
4537630,1,22101.9
2615008,1,6295.43
4537634,1,3259.52
4537634,2,7852.59
2561850,1,52344.6
2561886,1,85049.43
2614856,1,177.18
2614856,2,38.96
2614856,3,251.73
2614856,4,16027.53
2614856,5,35602.38
2614856,6,938.77
2614856,7,1677.17
2614856,8,73.09
2614856,9,139.1
2614856,10,68.17
2614856,11,116.36
2614856,12,347.6
2614856,13,38.9
2614856,14,248.03
2614856,15,787.88
2614856,16,4109.38
2614856,17,866.59
2614856,18,175.99
2614856,19,247.89
2614856,20,86.23
2614856,21,68.58
2614856,22,188.52
2614856,23,85.36
2614856,24,162.98
2614856,25,179.95
2614881-1,1,6852.82
2614881-1,2,9179.58
2614881-2,1,8764.8
2562040,1,28080
2562041,1,67206.6
2562041,2,2376.66
2562041,3,45.5
2562218,1,85049.43
2562122,1,93303.68
2561890,1,104689.2
2562103,1,130861.5
2562305,1,20167.4
2562307,1,14742
105504202,1,43500
2562213,1,10320
2562223,1,17600.64
2562167,1,49200
2562286,1,95936.4
2562368,1,3.45
2562368,2,248.16
2562368,3,37.83
2562368,4,39.66
2562368,5,1296.13
2562368,6,136.53
2562368,7,33895.58
2562368,8,7819.25
2562368,9,267.53
2562368,10,2278.6
2562368,1,490.82
2562368,2,41.33
2562368,3,72.88
2562368,4,705.72
2562368,5,34.14
2562368,6,36283.97
2562368,7,7461.22
2562368,8,743.5
2562368,9,1410.52
2562368,1,1.15
2562368,2,325.64
2562368,3,119.36
2562368,4,7.38
2562368,5,41.51
2562368,6,1231.55
2562368,7,170.66
2562368,8,34722.87
2562368,9,8236.06
2562368,10,226.03
2562368,11,2560.89
2562368,1,0.87
2562368,2,323.82
2562368,3,37.83
2562368,4,50.8
2562368,5,1139.3
2562368,6,102.4
2562368,7,36766.96
2562368,8,7738.28
2562368,9,316.7
2562368,10,2066.43
2562036,1,40570.54
2562036,2,23362.2
2562243,1,54432
2562266,1,43724.74
2562410,1,27669.6
2562530,1,65291.52
4537641,1,124.34
4537624,1,101580.63
4537644,1,443.86
4537644,1,970.6
4537644,1,471.44
4537644,1,49.92
4537644,1,844.56
4537644,1,2904.09
4537644,2,5808.18
4537644,1,543.25
4537644,1,871.17
4537644,2,2399.82
4537644,1,615.07
4537644,1,753.82
4537644,1,8236.36
4537644,2,977.06
4537644,1,448.13
4537644,1,38.94
4537644,2,437.78
4537644,1,717.6
4537644,1,2200.67
4537644,1,18674.88
4537644,1,163.82
4537644,2,149.88
4537644,1,67.42
4537644,2,85.36
4537644,1,1511.33
4537646,1,842.81
4537647,1,965.81
4537647,2,2360.86
4537647,3,22803.8
4537647,4,50222.01
4537647,5,2146.24
4537647,6,2065.76
4537647,7,7769.39
4537647,8,2414.52
4537647,9,3433.98
4537647,10,19884.91
4537647,11,2146.24
2562054,1,58122.9
2562170,1,43936.2
2562170,2,58400
2561965,1,37620
2562104,1,270180
2562244,1,79231.6
2562081,1,64469
2562082,1,64469
2562083,1,64469
2562190,1,26286.12
105504203,1,68756
2562363,1,88303.86
2562363,1,88303.86
2562363,1,60708.91
2562363,1,15518.02
2562363,1,15571
2562363,1,57949.41
2562363,1,15518.02
2562363,1,20761.34
2562385,1,213480
2562389,1,42902.4
2614935-1,1,14982
2614935-1,2,7491
2614935-1,3,7064
2614935-3,1,54066
2614935-4,1,565.1
2614935-4,1,
2614935-4,2,6955.07
2614935-4,3,3604.06
2614935-4,5,
2614935-4,6,7000.66
2614935-4,4,
2614935-4,2,800.77
2614935-4,3,2695.02
2614935-4,4,244.21
2614935-4,5,413.99
2614935-4,6,4491.7
2614935-4,7,1466.18
2614935-4,9,1801.33
2614935-4,10,360.21
2614935-4,12,1128.59
2614935-4,8,1630.85
2614935-4,13,244.63
2614935-4,14,2935.95
2614935-4,15,68.61
2614935-4,16,2633.97
2614935-4,17,97.36
2614935-4,19,168.62
2614935-4,20,20.93
2614935-4,21,55.82
2614935-4,22,62.8
2614935-4,23,41.86
2614935-4,24,13.95
2614935-4,25,390.73
2614935-4,26,526.79
2614935-4,28,1187.79
2614935-4,29,755.19
2614935-4,30,5210.37
2614935-4,32,874.5
2614935-4,34,1925.76
2614935-4,35,1360.59
2614935-4,40,898.92
2614935-4,41,4381.81
2614935-4,46,976.84
2614935-4,47,526.79
2614935-4,1,1416.41
2614935-4,11,2165.16
2614935-4,18,69.77
2614935-4,27,181.41
2614935-4,31,283.75
2614935-4,33,1874.41
2614935-4,36,425.62
2614935-4,38,137
2614935-4,39,8098.25
2614935-4,42,454.55
2614935-4,43,1691.04
2614935-4,44,20.37
2614935-4,45,346.36
2614935-4,37,279.1
2614935-5,1,58858.09
2614935-6,1,41814.16
2614935-7,1,41864.28
2614935-7,2,10375.44
2614935-7,3,2630.7
2614935-8,1,1552.6
2614935-9,1,17556.69
2561939,1,138160.36
2561926,1,33903.3
2561927,1,3621.11
2561927,2,14846.48
2561927,3,20386.38
2562394,1,30332.59
2614907,1,64057.89
2614907,2,759.58
2562352,1,96229.97
2562386,1,9749.09
2562386,2,2509.07
2562386,3,722.89
2562386,4,34595.63
2562386,1,35762.05
2562386,1,4337.34
2562386,2,9884.47
2562386,1,2980.17
2562386,1,3174.95
2562386,2,8781.75
2562386,3,6123.8
2562386,4,10600.91
2562386,5,3249.7
2562386,6,722.89
2562386,7,3191.28
2562386,1,29653.4
2562386,1,24834.76
2562386,1,4118.53
2562386,2,6272.68
2562386,3,6499.39
2562386,4,1058.32
2562386,5,3191.28
2614970,1,16674.48
2614970,1,18412.14
2614973,1,11116.32
2614973,1,9206.07
4537664,1,970.53
2562302,1,53643.08
2562302,1,34595.63
2562302,2,1445.78
2562302,3,10832.32
2562302,1,31788.49
2562302,1,8237.06
2562302,2,7709.75
2562302,3,2166.46
2562302,1,6953.73
2562302,1,18121.52
2562302,2,2891.16
2562302,3,3061.9
2562302,4,3191.28
2562302,1,18874.42
2562302,1,7527.22
2562302,1,8940.51
2562302,1,7220.69
2562302,2,2179.23
2562302,3,6123.8
2562302,4,5018.14
2561848,1,145151.03
2562120,1,27748.36
2562120,2,52484.58
2562120,3,10664.59
2614898-1,1,16078.19
2614898-1,2,16783.31
2614898-2,1,35920
2614898-2,2,102045.15
2614898-2,3,11400
4537325,1,2125
4537594,1,5733.85
2561936,1,51621.11
2614916,1,15573.4
2614916,2,9046.66
2614916,3,10486.61
2614916,4,30520.72
2614916,5,1095.62
2614916,1,23508.96
4537662,1,21222.56
4537662,2,2606.68
4537662,3,1072.66
4537662,1,349.3
4537662,2,496.47
4537662,3,524.84
4537662,4,351.09
4537662,5,76.24
4537662,6,812.07
4537662,7,2145.44
4537662,8,939.74
4537662,9,698.59
4537662,10,131.21
4537662,11,60.28
4537662,12,5709.36
4537662,13,735.83
4537662,14,2092.24
4537662,15,153.37
4537662,16,56.75
4537662,17,221.64
4537662,18,186.18
4537662,19,221.64
4537662,20,280.15
4537662,21,732.28
4537662,22,134.76
4537662,23,3971.73
4537662,24,101.06
4537662,25,24.29
4537662,26,4290.88
4537662,27,11117.3
2615009,1,1542.37
2614992,1,6700.65
4537639,1,600.13
4537639,2,16803.57
4537639,3,6492.81
4537639,1,146.43
4537639,2,146.43
2614993,1,540
2614993,2,946
2614993,3,294
2614993,4,216
2614993,5,588
2614993,6,720
4537580,1,2622.9
2561962,1,32767.2
2562084,1,222510.9
2614915-2,1,363.62
2614915-2,2,706.39
2614915-2,3,423.81
2614915-2,4,2598.65
2614915-2,5,69.36
2614915-2,6,772.42
2614915-2,7,392.15
2614915-2,8,32.68
2614915-2,9,52.14
2614915-2,10,269.32
2614915-2,11,82.5
2614915-2,12,1372.9
2614915-2,13,215.47
2614915-2,14,2092.58
2614915-2,15,104.08
2614915-2,16,20.74
2614915-2,17,62.54
2614915-2,18,4.97
2614915-2,19,284.96
2614915-2,20,25.71
2614915-2,21,101.25
2614915-2,1,147.59
2614915-2,2,122.48
2614915-2,3,64.19
2614915-2,4,86.09
2614915-2,5,153.7
2614915-2,6,77.27
2614915-2,7,885.33
2614915-2,8,219.27
2614915-2,9,379.22
2614915-2,10,121.88
2614915-2,11,263.99
2614915-2,12,866.67
2614915-2,1,63.6
2614915-2,2,545.69
2614915-2,1,78.08
2614915-2,2,84.8
2614915-2,3,146.7
2614915-2,4,358.5
2614915-2,5,282.9
2614915-2,6,74.88
2614915-2,7,238
2614915-2,8,573.3
2614915-1,1,8571.87
2614915-1,2,162
2614915-1,3,72
2614915-1,4,4394.25
2614915-1,5,1468.45
2614915-1,6,18.9
2614915-5,1,3282.75
2614915-7,1,39791.42
2614915-7,2,51095.69
2614914,1,
2614914,2,7341.6
2614914,3,1316
2562253,1,48568
2562253,2,6931.2
2562254,1,76904.5
2562254,2,4924.8
105504190,1,62759
105504192,1,111701
105504199,1,63349
2562358,1,27669.6
105504233,1,68617
2614961,1,1997.98
2614960,1,3971.3
2614962,1,14540.34
2614969,1,1130.34
4537619,1,765.73
4537619,2,1712.35
4537619,3,3414.84
4537619,4,3311.38
4537616,1,176.75
4537616,2,24
4537616,3,3.5
4537616,4,6
4537616,5,2
4537616,6,22
4537616,7,9
4537616,8,30
4537616,9,10
4537652,1,238.2
4537652,2,217.25
4537652,3,79.86
4537652,4,8.79
4537652,5,132.6
4537652,6,9.15
4537652,7,2.88
4537652,8,24.9
4537652,9,29.14
4537652,10,40.61
4537652,11,16.3
4537652,12,295.44
2561830,1,80531.81
2562022,1,107601.29
2562182,1,36362.13
2562246,1,36709.2
2562187,1,21823.76
2562187,2,614.08
2562187,3,167
2562187,4,2028.08
2562187,5,55.56
2562187,6,257.04
2562187,7,7420.8
2562187,8,2595
2562101,1,73450.11
2562161,1,57270
2562161,1,57270
2562225,1,82372.28
2562192,1,19277.87
2562360,1,28499.5
2562111,1,3901.54
2562111,1,14292.14
2562111,2,10394.28
2562359,1,2907.74
2562359,1,28112.74
2562397,1,1387.97
2562397,2,1387.97
2562397,3,1387.97
2562397,4,1387.97
2562397,5,1387.97
2562397,6,1387.97
2562397,7,1387.97
2562397,8,1387.97
2562397,9,1387.97
2562397,10,1387.97
2562397,11,1387.97
2562397,12,1387.97
2562397,13,1387.97
2562397,14,1387.97
2562397,15,1387.97
2562397,16,1387.97
2562397,17,1387.97
2562397,18,1387.97
2562397,19,1387.97
2562397,20,1387.97
2562397,21,1387.97
2562397,22,1387.97
2562486,1,9685.57
2562486,2,17130.82
2562486,3,22365.07
2562486,4,4985
2562488,1,41281.9
2562488,2,2084.87
2562488,3,35565.62
2562245,1,56998.99
2562234,1,58560.92
2562235,1,59231.67
2562110,1,5261.67
2562110,2,14469.6
2562110,3,12252.39
2562128,1,48005.64
2562128,2,2610.54
2562128,3,4277.77
2562128,1,25575.06
2562128,2,8830.72
2562128,3,17189.83
2562128,4,7867.66
2562128,1,20821.03
2562128,2,15615.77
2562128,1,2834.58
2562128,2,11345.4
2562128,3,34017.17
2562128,4,10482.47
2562284,1,4378.35
2562284,2,93119.62
2562487,1,2374.18
2562487,2,51108.58
2562292,1,63272.16
2562292,2,11395.76
2562292,3,20586.06
2562080,1,89095
2614906,1,39085.5
2614908,1,
2614908,2,
2614908,3,
2614908,4,
2614908,5,
2614908,6,
2614908,7,
2562252,1,46878.16
2562262,1,46854.72
2562263,1,46799.25
2614956,1,2559
2562329,1,48222.72
2562329,1,47376
2562329,1,20793.6
2562329,2,29798.4
2562294,1,34534.6
2562294,2,21649.51
4537631,1,17160
4537631,2,16473.6
2562093,1,59400
2561888,1,17627.7
2561888,2,42442.95
2561888,3,
2561888,1,32861.4
2561888,2,2838.86
2614990,1,37800
4537668,1,3647.82
4537668,2,68.09
4537671,1,752
4537671,2,1112
4537680,1,8663.51
4537680,2,3407.13
4537680,3,200.5
4537680,4,35.19
4537680,5,781.57
4537680,6,5061.32
4537680,7,167.34
4537680,8,181.5
4537680,9,831.05
4537680,10,976.74
4537680,11,1230.84
4537680,12,8.59
4537680,13,22.94
4537680,14,52.94
4537680,15,638.37
4537683,1,3825.76
4537683,1,1158.25
4537683,1,888
4537683,2,1930.5
4537683,3,4070
4537683,1,853.64
4537690,1,870.72
4537690,2,1055.5
2614858,1,47298.32
2614858,2,4223.51
2562050,1,17600.64
105504205,1,59804
105504206,1,45500
105504210,1,26134.55
105504211,1,82900
105504212,1,40390
2614913,1,1541
2614913,2,5957.1
2614913,3,9537.7
105504213,1,40390
105504214,1,53973
105504215,1,11999
2614927,1,1110
2614927,2,196
2614927,3,2856
2614927,4,3010
2614927,5,1720
2614927,6,540
2614927,7,208
2614927,8,0.04
105504220,1,62714
105504232,1,43396
2562189,1,35400
2562189,2,52500
2562189,1,41510
2562189,2,33208
4537658,1,36764.3
4537658,2,64.68
4537658,3,70.6
4537658,4,91.58
4537658,5,156
4537658,6,18150
4537658,7,263.5
4537658,8,1391.2
4537658,9,7168.5
4537658,10,85.2
2562163,1,21360
2562092,1,23330
2562507,1,3723.2
4537643,1,145.45
4537654,1,28477.4
4537654,2,985.6
4537654,3,6
4537654,4,1445.4
4537654,5,4790.02
4537654,6,4
4537654,1,2531.37
4537654,1,2017.23
4537654,2,5062.74
4537654,1,865.42
4537654,1,1441.88
4537654,1,1265.6
4537654,1,117.52
4537670,1,562.73
4537670,2,330.47
4537670,1,3792.93
4537670,1,290.03
4537670,2,
4537614,1,533.99
4537614,2,147.43
4537614,3,517.9
4537614,4,2114.36
4537614,5,757.32
4537614,6,345.21
4537614,7,67.42
4537614,8,134.85
4537672,1,38244
4537653,1,27720
4537653,2,39600
4537676,1,21200
4537663,1,1382.4
2561932-D,1,9741
2561932-E,1,9741
2561859,1,39670.4
2561932-A,1,9741
2561932-B,1,9741
2561932-C,1,9741
2562051,1,17600.64
2561993,1,46381.5
4537611,1,13043.8
4537611,2,605087.53
2562325,1,10320
2562339,1,64623.92
2562028,1,137122.7
2562534,1,61391.18
2562534,1,626.22
2562534,2,1521
2562534,3,3189.15
2562534,4,639.34
2562534,5,884.98
2562534,6,1269.19
2562534,1,1120.26
2562535,1,2320.68
2562535,1,747.16
2562535,2,1444.5
2562535,1,198.3
2562535,2,779.24
2562535,3,8.66
2562535,4,111.04
2562535,5,104.24
2562535,6,55.25
2562535,7,205.58
2562535,8,1596.1
2562535,9,210.65
2562535,10,15735.25
2562535,11,171.89
2562535,12,504.72
2562535,13,273.38
2562535,14,2988.65
2562535,15,647.46
2562535,16,220.13
2562535,17,124.3
2562535,18,5105.09
2562535,19,666.22
2562535,20,742.39
2562535,21,1697.25
2562535,22,220.23
2562535,23,186.24
2562535,24,5025.61
2562535,25,10341.23
2562535,26,2579.28
2562535,27,5369.33
2562535,28,5989.75
2562535,29,322.33
2562535,30,3600.53
2562535,31,3073.91
2562535,32,2897.14
2562535,33,465.86
2562535,1,314.5
2562535,1,480.63
2562535,2,16745.67
2562535,3,6157.68
2562535,4,180.3
2562535,5,3179.33
2562535,6,1452.21
2562535,7,2053.95
2562535,8,1173.74
2562535,9,1083
2562535,10,1057.11
2562535,11,802.28
2562535,12,1653.27
2562535,13,4226.35
4537688,1,1018.23
4537688,2,974.43
4537688,3,741.48
4537688,4,693.3
4537688,5,866.63
4537688,6,69.33
4537688,7,23.11
4537688,8,34.67
4537688,9,554.64
4537688,10,23.11
4537692,1,287.67
4537692,2,30.14
2615011,1,1185.52
4537694,1,4725.82
4537694,2,2388.9
4537694,3,1994.23
2561961,1,59521.38
2561961,2,2449.2
2562250,1,10750
2562239,1,162741.15
2562215,1,64469
2562216,1,64469
2562217,1,64469
2562464,1,209.85
2562464,2,1703.07
2562464,3,383.68
2562464,4,1198.69
2562464,5,1080.74
2562464,6,256.03
2562464,7,1170.4
2562464,8,1958.45
2562464,9,1330.98
2562464,10,1799.79
2562464,11,489.74
2562464,12,26.41
2562464,13,32.31
2562464,14,141.11
2562464,15,331.23
2562464,16,1673.41
2562464,17,411.36
2562464,18,47.66
2562464,19,1343.35
2562464,20,229.83
2562464,21,890.72
2562464,22,462.91
2562464,23,847.3
2562464,24,785.44
2562464,25,646.63
2562464,26,576.16
2562464,27,935.6
2562464,28,449.35
2562464,29,1168.13
2562464,30,2897.33
2562464,31,1288.6
2562464,32,1609.88
2562464,33,70.55
4537665,1,268947.99
2614934,1,151999.41
2614934,2,3935.59
4537661,1,57629.36
4537661,1,1566.52
2562521,1,87.79
2562521,2,476.45
2562521,3,120.77
2562521,4,6.15
2562521,5,1739.83
2562521,6,29.96
2562521,7,3.75
2562521,8,1053.45
2562521,9,242.53
2562521,10,16709.09
2562521,11,4661.84
2562521,12,9758.15
2562521,13,132.31
2562521,14,65.55
2562521,15,2460.44
2562521,1,103.99
2562129,1,76832.43
2562129,2,25643.31
2562129,3,6995.85
4537659,1,14.2
4537659,2,147.85
4537659,3,88.71
4537659,4,293.33
4537659,5,1513.96
4537659,6,1241.92
4537659,7,313.44
4537659,8,52.05
4537659,9,56.78
4537659,10,26.02
4537659,11,80.43
4537659,12,7090.74
4537659,13,248.39
4537659,14,663.54
4537659,15,637.51
4537659,16,1916.09
4537659,17,870.52
4537659,18,118.28
4537659,19,175.06
4537659,20,118.28
4537659,21,532.25
4537659,22,544.07
4537659,23,532.25
4537684,1,1119.94
4537684,2,1019.98
4537685,1,34632
4537685,2,2435
4537691,1,3061.8
4537691,2,3061.8
4537698,1,20973.45
2561706,1,14345.82
2561706,2,57383.29
2562258,1,8393.6
2562258,2,283.04
2562258,3,
2562258,4,3782
2562258,5,3782
105504207,1,47695
2562035,1,50654.57
2562076-1,1,16200.6
2562076-2,1,1027.65
2562076-2,2,4722.66
2562076-2,3,7400.59
2562076-2,4,7858.5
2562076-2,5,2085.53
2562076-2,6,6926.56
2562076-2,7,58.33
2562076-2,8,2333.37
2562076-2,9,2333.37
2562076-2,10,230.62
2562076-2,11,153.74
2562076-2,12,3246.17
2562076-2,13,108.21
2562076-2,14,3246.17
2562076-2,15,2738.39
2562076-2,16,2647.11
2562076-2,17,5609.76
2562076-2,18,2962.05
2562076-2,19,2962.05
2562076-2,20,596.44
2562076-2,21,9369.75
2562076-2,22,7701.33
2562076-2,23,8068.06
2562076-2,24,2974.14
2562076-2,25,979.29
2562076-2,26,11336.39
2562076-2,27,3048.7
2562076-2,28,1111.88
2562076-2,30,777.79
2562076-2,31,777.79
2562076-2,32,12724.73
2562076-2,33,12724.73
2562076-2,34,423.15
2562076-2,35,2297.1
2562076-2,36,1259.38
2562076-2,37,2871.38
2562076-2,38,1375.24
2562076-2,39,8983.88
2562076-2,40,1158.63
2562076-2,41,1006.49
2562076-2,42,1723.83
2562076-2,43,2176.2
2562076-2,44,423.15
2562076-2,45,366.73
2562076-2,46,366.73
2562076-2,47,3778.13
2562076-2,29,1111.88
2562183,1,43517.5
2562342-2,1,12966.89
2562342-2,1,8028.65
2562365,1,27669.6
2562349,1,95936.4
2562342-1,1,17483.35
2562342-1,1,12485.97
2562342-1,2,23959.2
2562296,1,61623.96
2562297,1,62423.93
2562298,1,61853
105504234,1,32985
2562430,1,22000.8
4537636,1,22940
4537636,2,3522
4537636,3,1900
2562337-2,1,21898.51
2562337-1,1,2247.03
2562337-1,2,27061.35
2562337-1,3,4233.46
2562300,1,19193.14
2562300,2,4231.1
2562300,3,30913.15
2562300,4,9927.73
2562295,1,49037.44
2562299,1,48298.73
4537681,1,1530
4537681,2,6585.5
4537695,1,24
4537695,2,24
2615022,1,1552.09
2562719,1,204.8
2562719,2,510.6
2562719,3,246
2562719,4,1385.08
2562719,5,254.52
2562719,6,4130.96
2562719,7,1523.7
2562719,8,567.36
2562719,9,780
2614882,1,20068.8
2614882,2,63756
2614889,1,2412.4
2562171,1,96198
2562172,1,2025.6
2562172,2,26680
2562026,1,40055.7
4537697,1,312.49
4537697,2,492.05
4537697,3,1305.92
4537697,4,2446.27
4537697,5,2094.14
2614890,1,53868.21
2614890,2,12170.6
2614890,3,899.19
105504204,1,44050
2562255,1,11475.58
2562255,2,2336
2562139,1,4770.11
2562139,2,2252.97
2562139,3,2165.61
2562139,4,2714.13
2562139,5,4062.92
2562139,6,255.52
2562139,7,2555.22
2562139,8,1814.7
2562139,9,3867.11
2562139,10,2957.71
2562139,11,4327.25
2562139,12,307.52
2562139,13,166.03
2562139,14,324.36
2562139,15,1277.61
2562139,16,1235
2562139,17,11962.46
2562139,18,
2562139,19,199.52
2562139,20,132.34
2562139,21,3592.74
2562139,22,2754.02
2562139,23,1873.25
2562139,24,3850.77
2562139,25,210.79
2562139,26,250.65
2562139,27,325.84
2562139,28,332.3
2562139,29,611.18
2562139,30,1107.67
2562139,31,1414.86
2562139,32,1504.7
2562361,1,234821.4
4537673,1,46791.62
4537673,2,46791.62
4537673,3,2818.53
4537673,4,46791.62
4537673,5,46791.62
4537682,1,59090
2615023,1,3526.66
4537674,1,40520.83
4537689,1,8954.88
2562131,1,3751.81
2562131,2,737.1
2562131,3,96859.26
2562131,4,29365.86
2562132,1,74921.84
2562132,2,3865.5
105504235,1,50386
105504237,1,45000
4537714,1,187979.76
4537714,2,11439.44
4537714,3,15181
4537714,4,681.7
4537715,1,4659.36
2562580,1,127557.83
2562471,1,7948.8
2562471,2,48240.64
2562471,3,48240.64
2562471,4,48240.64
2562471,5,48240.64
2562478,1,1184.24
2562478,2,1184.24
2562478,3,5137.03
2562478,4,4689.6
2562478,5,12145.2
2562478,6,4751.28
2562478,7,2262.47
2562478,8,1317.36
2562478,9,4548.67
2562478,10,1019.1
2562478,11,1305.03
2562478,12,6384.14
2562478,13,3349.35
2562478,14,11820
2562478,15,16584
2562478,16,4380.26
2562478,17,3349.35
2562478,18,2553.83
2562478,19,994.88
2562478,20,550.07
2562478,21,1282.68
2562478,22,385.77
2562478,23,76.7
2562478,24,369.57
2562478,25,931.98
2562478,26,3436.92
2562478,27,1186.82
2562478,28,170.67
2562478,29,170.46
2562478,30,821.29
2562478,31,50.98
2562478,32,3436.92
2562478,33,2181.36
2562478,34,2181.36
2562478,35,1641
2562478,36,285.37
2562478,37,70.4
2562478,38,1290.59
2562478,39,977.97
2562478,40,438.69
2562478,41,1283.9
2562478,42,931.01
2562478,43,931.01
2562478,44,1605.96
2562478,45,1605.96
2562478,46,473.96
2562478,47,473.96
2562478,48,718.42
2562478,49,718.42
2562478,50,3687.17
2562478,51,3687.17
2562478,52,4966.78
2562478,53,4966.78
2562478,54,592.85
2562478,55,1734.1
2562478,56,846.9
2562478,57,579.2
2562478,58,649.16
2562478,59,210.07
2562478,60,343.8
2562478,61,1129.2
2562478,62,1499.34
2562478,63,473.96
2562478,64,473.96
2562478,65,359.03
2562478,66,359.03
2562478,67,287.5
2562478,68,1081.92
2562478,69,460
2562478,70,151.8
2562478,71,897
2562478,72,21.27
2562478,73,2022
2562478,74,12413.52
2562478,75,5137.03
2562478,76,7560.88
2562478,77,4380.26
2562478,78,962.09
2562478,79,962.09
2562472,1,24009.44
2562472,2,24009.44
2562452,1,24009.44
2562452,2,24009.44
2562451,1,2785.56
2562451,2,10199.28
2562451,3,10199.28
2562451,4,15535.52
2562451,5,15535.52
2562450,1,3047.8
2562450,2,3047.8
2562450,3,12145.2
2562450,4,3047.8
2562450,5,12145.2
2562450,6,8098.05
2562450,7,10403.57
2562450,8,9726.82
2562450,9,25.22
2562450,10,23798.32
2562450,11,23798.32
2562450,12,32182.05
2561928,1,4418.28
2561928,2,10925.82
2561928,3,37167.86
2561928,4,41402.12
2561928,5,5427.79
2561928,6,9317.22
4537679,1,1904.66
2562259,1,5717.15
2562324,1,1385.28
2562324,2,1170
2562324,3,283.5
2562324,4,1205
2562324,5,193.12
2562324,6,101.56
2562324,7,63.04
2562324,8,1142.7
2562324,9,72.24
2562324,10,27.75
2562324,11,27.75
2562324,12,27.75
2562324,13,27.75
2562324,14,27.75
2562324,15,27.75
2562324,16,27.75
2562324,17,27.75
2562324,18,27.75
2562324,19,27.75
2562324,20,27.75
2562324,21,27.75
2562324,22,435.4
2562324,23,81.64
2562324,24,713.58
2562324,25,508.33
2562324,26,474.34
2562324,27,215.97
2562324,28,47.48
2562324,29,47.48
2562324,30,598.68
2562324,31,598.68
2562324,32,598.68
2562324,33,598.68
2562324,34,656.13
2562324,35,656.13
2562324,36,195.19
2562324,37,278.85
2562324,38,782.82
2562324,39,828.87
2562324,40,552.58
2562324,41,552.58
2562324,42,242.21
2562324,43,2830.24
2562324,44,103.09
2562324,45,103.09
2562324,46,103.09
2562324,47,103.09
2562324,48,103.09
2562324,49,103.09
2562324,50,103.09
2562324,51,103.09
2562324,52,112.99
2562324,53,112.99
2562212,1,1015
2562350,1,10750
2614928,1,2694.45
2614928,2,6466.68
2614928,3,373.5
2614928,4,797.1
2614928,5,1031.2
2614928,6,2887.44
2562465,1,1181.18
2562465,2,1324.47
2562465,3,1037.55
2562465,4,2406.36
2562465,5,517.72
2562465,6,275.64
2562465,7,1408.01
2562465,8,512.51
2562465,9,123.14
2562465,10,2739.63
2562465,11,4197.2
2562465,12,1870.96
2562465,13,931.28
2562465,14,13
2562465,15,920.5
2562465,16,1065.75
2562465,17,20.39
2562465,18,13
2562465,19,504
2562465,20,608.78
2562465,21,174.93
2562465,22,1785.67
2562465,23,259.28
2562465,24,1808.1
2562465,25,373.97
2562465,26,428.4
2562465,27,244.79
2562443,1,66312
2562443,2,2044
2562398,1,71250
2562438,1,930.5
2562438,2,494.33
2562438,3,2410.87
2562438,4,4605.98
2562438,5,1332.69
2562438,6,1193.5
2562438,7,1069.5
2562438,8,1038.5
2562438,9,1332.69
2562438,10,1278.75
2562438,11,216.63
2562438,12,969.06
2562438,13,790.5
2562438,14,691.77
2562438,15,598.92
2562438,16,963.98
2562438,17,366.04
2562438,18,418.33
2562438,19,743.24
2562438,20,295.55
2562438,21,612.93
2562438,22,1421.04
2562438,23,3316.69
2562439,1,1263.56
2562439,2,643.93
2562439,3,321.97
2562439,4,512.99
2562439,5,1102.98
2562439,6,1478.39
2562439,7,1453.9
2562439,8,2833.09
2562439,9,1331.11
2562439,10,421.2
2562439,11,1753.36
2562439,12,3224.19
2562439,13,1204.35
2562439,14,1175.21
2562439,15,1332.69
2562439,16,1193.5
2562439,17,1069.5
2562439,18,1038.5
2562439,19,1332.69
2562439,20,616.78
2562439,21,446.25
2562439,22,161.51
2562439,23,579.55
2562439,24,852.44
2562439,25,576.48
2562439,26,522.91
2562439,27,522.91
2562440,1,1516.27
2562440,2,2066.83
2562440,3,1126.88
2562440,4,769.48
2562440,5,1102.98
2562440,6,1478.39
2562440,7,1075.89
2562440,8,2833.09
2562440,9,2357.86
2562440,10,2630.04
2562440,11,2806.74
2562440,12,1315.02
2562440,13,1381.79
2562440,14,1374.54
2562440,15,1204.35
2562440,16,1175.21
2562440,17,411.18
2562440,18,386.38
2562440,19,113.68
2562440,20,784.36
2562440,21,495.5
2562440,22,886.66
2562440,23,960.32
4537666,1,16436
2615024,1,27373.16
2615024,1,54406.34
2615024,1,9819.24
4537693,1,1650
4537706,1,2811.89
4537706,1,194.82
4537706,1,41.04
4537706,1,1334.4
4537706,1,5352.42
4537706,2,5806.7
4537706,3,3809.86
4537706,4,12642.66
4537706,1,130.42
4537706,1,1924.54
4537706,1,450.18
4537706,1,298.22
4537706,1,969.26
4537706,1,585.62
4537706,2,35.16
4537706,1,657.94
4537702,1,2369.31
4537702,1,16602.67
4537721,1,23138.36
4537721,2,591.36
4537721,3,3
4537721,1,1436.99
4537721,2,928.93
4537721,1,421.34
4537721,1,760.96
4537721,1,139.9
4537721,1,500.64
4537721,1,25
4537721,2,45
4537721,3,30
4537721,4,75
4537728,1,93745.16
4537728,2,1718.72
4537728,3,2
4537728,4,10
4537728,5,4
4537728,6,2
4537728,7,12
4537728,8,2
4537733,1,48136
4537734,1,1072.08
4537734,1,248.1
4537734,1,51.84
4537734,1,142.25
4537734,1,142.16
2614891,1,4848.12
2562064,1,3200
2562145,1,3986.68
2562145,2,42806.32
2562024,1,157320
105504183,1,42293
2562228,1,23482.5
105504185,1,63561
105504186,1,62049
105504187,1,42960
105504188,1,39661
105504209,1,62608
105504221,1,46900
105504224,1,65275
105504225,1,75995
2562381,1,
2562476,1,180000
105504241,1,75115
105504242,1,40295
105504243,1,47700
105504246,1,41130
2615013,1,10187.45
2614991,1,5539
4537704,1,4605.51
4537704,2,4305.65
4537704,3,5365.56
4537704,4,5065.69
4537705,1,101.44
4537705,2,3211.16
4537705,3,219.21
4537687,1,1190.8
4537718,1,330.85
4537718,2,18.66
4537718,3,734.58
4537718,4,439
4537718,5,4393.49
4537718,6,26.24
4537718,7,455.61
4537718,8,13.99
4537718,1,590.46
4537718,1,794.47
4537709,1,3921.21
4537709,2,611.34
4537709,3,292.29
4537720,1,180.48
4537720,2,6.72
4537720,3,1.44
4537720,4,21.12
2615050,1,6295.43
4537707,1,4500
4537736,1,1800
4537736,2,559.5
4537736,3,5
4537736,4,10
4537736,5,2.5
4537736,6,10
4537736,7,10
4537736,8,10
4537736,9,2
4537736,10,10
4537736,11,10
4537655,1,14415.28
2562077,1,18920
2561892,1,21115
2562016,1,17600.64
2562197,1,22758.05
2562159,1,36709.2
2562087,1,10750
2614939,1,1750
2614939,2,5060
2614939,3,800
2614939,4,9367
2614939,5,10518
2562227,1,23100
2562265,1,10750
2562105,1,28349.81
2562162,1,25683.36
2562162,2,14274.32
2562162,3,11412.72
2562141,1,270180
2614900,1,10515.27
2562353,1,6860.07
2562353,1,21764.62
4537597,1,696
4537597,2,6640
4537597,3,495
4537597,4,9960
4537597,5,66
2562457,1,77747
2562348,1,26286.12
2562408,1,78415.71
2562408,1,78415.71
2562408,1,78415.71
2562408,1,78415.71
2562408,1,78415.71
2562408,1,78415.71
2562226,1,18560.26
2562226,2,65475.7
2562226,1,18560.26
2562226,2,65475.7
2562226,1,18560.26
2562226,2,65475.7
2562226,1,18560.26
2562226,2,65475.7
2562226,1,18560.26
2562226,2,65475.7
2562226,1,18560.26
2562226,2,65475.7
2562226,1,18560.26
2562226,2,65475.7
2562226,1,18560.26
2562226,2,65475.7
2562330,1,18560.26
2562330,2,65475.7
2562330,2,18560.26
2562330,3,65475.7
2562330,1,18560.26
2562330,2,65475.7
2562330,1,18560.26
2562330,2,65475.7
2562373,1,967.64
2562373,2,2262.47
2562373,3,1517.16
2562373,4,2262.47
2562373,5,4943.12
2562373,6,4943.12
2562373,7,19772.48
2562373,8,19772.48
2562537,1,88452
2562402,1,85049.43
2614982,1,4384.84
2614982,2,4795.93
2614982,3,3143.84
2614982,4,5793.5
2614982,5,5837.68
2614982,6,1238.4
2614982,7,419.4
2614982,8,473.1
2562621,1,10237.97
2562621,2,301.77
2562621,3,3653.59
2562621,4,921.2
2562621,1,631.23
2562621,2,634.04
2562621,1,10598.27
2562621,2,945.34
2562621,3,1221.07
2562621,1,14615.43
2562621,1,3371.89
2562621,2,1514.25
2562621,3,1305.95
2562621,4,1663.29
2562621,5,1007.71
2562621,6,10147.56
2562621,7,5226.9
2562621,8,262.95
2562621,9,114.46
2562621,10,233.27
2562621,11,38.06
2562621,12,1152.47
2562621,13,5785.95
2562621,14,125.33
2562621,15,1328.26
2562621,16,72.75
2562621,17,148.53
2562621,18,639.9
2562621,19,631.5
2562621,20,682.27
2562621,1,2722.51
2562621,2,85.09
2562621,3,1140.23
2562621,4,769.74
2562621,5,425.53
2562621,1,22654.25
2562621,2,18123.39
2562621,3,5588.3
2562621,4,16590.84
2562621,5,3178.82
2562621,6,458.81
2562621,7,515.09
2562621,8,1283.23
2562621,9,1303.64
2562621,10,4822.4
2562621,11,3738.84
2562621,12,8783.59
2562589,1,7592.13
2562599,1,281.21
2562599,2,109.66
2562599,3,199.83
2562599,4,200.08
2562599,5,54.29
2562599,6,681.81
2562599,7,75.8
2562599,8,222.58
2562599,9,6899.96
2562599,10,131.96
2562599,11,4928.54
2562599,12,2511.09
2562599,13,183.24
2562599,14,3556.24
2562625,1,20772.48
2562627,1,81693.85
2562627,2,15480.98
2562626,1,35576.86
2562639,1,13794.94
2562639,2,9750.57
2562639,3,11829.43
2562639,4,18749.14
2562628,1,1297.86
2562628,1,18130.89
2562628,1,56440.47
2562628,1,39.75
2562628,2,51.3
2562628,3,36.4
2562628,4,90.13
2562628,5,57.78
2562628,6,80.89
2562628,7,45.41
2562628,8,29.93
2562628,9,38.25
2562628,10,33.05
2562628,11,34.67
2562628,12,74.88
2562628,13,80.08
2562628,14,111.85
2562628,15,69.33
2562628,16,75.11
2562628,17,76.15
2562628,18,92.44
2562628,19,115.55
2562628,20,41.6
2562628,21,43.4
2562628,22,33.83
2562628,23,46.8
2562628,24,38.55
2562628,25,70.95
2562628,26,92.44
2562628,27,33.28
2562628,28,152.09
2562628,29,32.35
2562628,30,24.27
2562628,31,16.18
2562628,32,16.18
2562628,33,24.27
2562628,34,32.35
2562628,35,57.78
2562628,36,70.02
2562628,37,83.2
2562628,38,33.28
2562628,39,56.43
2562628,40,75.8
2562628,41,57.78
2562640,1,36931.63
4537717,1,82.36
4537717,2,16416.97
4537717,3,129.92
4537717,4,2285.46
4537717,5,1246.09
4537717,6,1093.29
4537717,7,106.88
4537717,8,115.21
4537717,9,11.77
4537717,10,4520.5
4537717,11,165.06
4537717,12,271.28
4537717,13,3163.85
4537717,14,7121.11
4537717,15,408.56
4537717,16,70.68
4537717,17,4806.24
4537717,18,301.51
4537717,19,934.77
4537717,20,8.58
4537717,21,8999.65
4537717,22,172.41
4537730,1,847.46
4537701,1,553.7
2562164,1,27669.6
2562313,1,12076.8
2562313,2,74292
2614949,1,2055
2614949,2,
105504226,1,83065
2614975-1,1,68.28
2614975-1,2,31.18
2614975-1,3,30.4
2614975-1,4,156.82
2614975-1,5,37.79
2614975-1,6,41.02
2614975-1,7,75.99
2614975-1,8,1122.34
2614975-1,9,200.76
2614975-1,10,96.45
2614975-1,11,78.92
2614975-1,12,921.12
2614975-1,13,2513.66
2614975-1,14,1406.95
2614975-1,1,1686.07
2614975-1,1,3585.95
2614975-1,1,93.96
2614975-1,2,10.73
2614975-1,1,11.53
2614975-1,2,114.09
2614975-1,1,333.72
2614975-1,2,273.25
2614975-1,1,23.47
2614975-1,2,5.14
2614975-1,3,23.47
2614975-1,1,146.62
2614975-1,3,94.39
2614975-1,4,252.39
2614975-1,5,86.3
2614975-1,6,55.88
2614975-1,7,151.12
2614975-1,8,361.8
2614975-1,9,72.29
2614975-1,10,390.84
2614975-1,11,430.09
2614975-1,12,103.54
2614975-1,13,20.66
2614975-1,14,1134
2614975-1,15,445.03
2614975-1,17,81.63
2614975-1,18,2052.01
2614975-1,19,1078.21
2614975-1,20,61
2614975-1,21,119.23
2614975-1,22,200.03
2614975-1,23,225.4
2614975-1,24,72.78
2614975-1,25,411.29
2614975-1,26,183.13
2614975-1,27,42.16
2614975-1,28,40.25
2614975-1,29,77.47
2614975-1,30,815.87
2614975-1,2,219.93
2614975-1,1,425.5
2614975-1,2,201.57
2614975-1,1,1844.1
2614975-1,1,131.38
2614975-1,1,688
2614975-1,1,162
2614975-1,1,234.1
2614975-1,2,316
2614975-1,3,169.09
2614975-1,1,89.56
2614975-1,2,274.82
2614975-1,1,255.4
2614975-5,1,12096.58
2614975-5,2,12317.15
2614975-5,3,12520.31
2614975-5,4,12642.2
2614975-5,5,12263.75
2614975-5,6,12386.8
2614975-5,7,13002.08
2614975-5,8,13002.08
2614975-8,1,8200.67
2614975-8,1,16239.87
2614975-9,1,23577.75
261497511,1,15030.6
261497511,2,504
261497511,3,258
261497511,4,372
261497511,5,17718.06
261497512,1,2153.01
261497514,1,249593.5
2562545,1,12753.44
2562545,1,12998.45
2562545,1,10688.99
2562545,1,12377.38
2562545,1,28252.51
2562545,1,27310.14
261497516,1,702.75
261497516,2,870.79
261497516,3,9043.99
261497516,4,6110.81
2562469,1,55707.61
2562469,1,39521.05
2562469,1,41999.41
2562469,1,63233.69
2562328,1,2460
2562232,1,51604.59
2562454,1,84068.2
2562454,2,27017.99
2562454,3,17870.16
2562437,1,13877.92
2562437,1,26764.56
2562437,1,22192.8
2562437,1,53529.11
2562437,1,22192.8
2562437,2,6259.35
2562437,3,10809.31
2562437,4,4776.75
2562437,1,21808.16
2562437,1,4109.78
2562437,2,2885.01
2562437,3,2882.14
2562437,4,8763.1
2562437,5,2161.86
2562437,1,7693.37
2562437,2,11528.57
2562437,3,4349.21
2615020,1,27280.08
2615020,1,36147.57
2615020,1,19571.7
2614983,1,24051.46
2614983,1,1452.66
2614983,2,506.65
2614983,3,2225.93
2614983,4,2295.44
2614983,5,3344.97
2614983,6,2017.19
2614983,7,9813.66
2614983,8,4070.26
2562269,1,36987.3
2562196,1,36987.3
2562326,1,28916.81
2562303,1,22668.6
2562303,2,30853.47
2562303,3,2162.69
2562303,4,15790.48
2562303,5,1868.38
2562303,6,645.86
2562303,7,12132.79
2562303,8,688.92
2562303,9,430.44
2562303,10,2101.2
2562303,11,423.13
2562303,12,1684.85
2562303,13,1101.48
2562303,14,6721.8
2562303,15,2174.79
2562303,16,695.82
2562303,17,2210
2562303,18,1458.26
105504218,1,55475
105504219,1,65282
105504223,1,50390
105504217,1,48206
2614910,1,36540
2562322,1,64469
2562323,1,64469
2562321,1,64469
2562429,1,19968
4537696,1,82857.58
4537726,1,14699
4537726,2,25
4537726,3,25
4537726,4,25
4537726,5,50
4537726,6,25
4537726,7,25
4537726,8,25
4537726,9,25
4537726,10,25
4537726,11,25
4537726,12,25
4537722,1,1510.12
4537722,2,413.6
4537722,3,562.69
4537722,4,461.69
4537722,5,1269.66
4537722,9,1459.62
4537722,8,2423.89
4537722,10,180.35
4537722,11,216.42
4537722,12,543.45
4537722,13,638.44
4537722,14,923.39
4537722,15,48.09
4537722,16,60.12
4537722,6,403.98
4537722,7,38.47
4537727,1,31505.02
4537742,1,11779.43
4537744,1,298.09
2615051,1,18500
4537745,1,22687.5
2562055,1,85498.49
2562698,1,116225.84
2562133,1,43517.5
2614937,1,720
2614937,2,1035
2614937,3,1035
2614937,4,24.5
2614937,5,780
2614937,6,76.5
2614937,7,236
2614937,8,650
2614937,9,2691
2614937,10,1862.5
2614937,11,50
2614937,12,1350
2614937,13,1302
2614937,14,690
2614937,15,1087.5
2614937,16,1087.5
2614937,17,52
2614937,18,1080
2614937,19,45
2614937,20,1320
2614937,21,132
2614937,22,420
2614937,23,420
2614937,24,250
2614937,25,1508
2614937,26,1680
2614937,27,2250
2614937,28,1800
2614937,29,1335
2614937,30,1286.25
2614937,31,53
2614937,32,255
2614937,33,90
2614937,34,67.5
2614937,35,11221
2614937,36,7196
2614937,37,344.25
2614937,38,344.25
2614937,39,2600
2614937,40,2990
2614937,41,252
2614937,42,1650
2614937,43,1650
2614937,44,228
2614937,45,2146
2614937,46,235
2614937,47,1239
2614937,48,600
2614937,49,196
2614937,50,3380
2614937,51,366
2614937,52,695
2614937,53,636
2614937,54,1433.25
2614937,55,1420
2614937,56,825
2614937,57,1620
2562479,1,85498.49
2562334,1,130861.5
2562331,1,26890.76
2562331,1,28767.74
2562331,1,38203.58
2562345,1,17600.64
2562473,1,936.4
2562473,1,8181.85
2562473,1,5723.75
2562473,1,24522.91
2562473,2,32369.05
105504238,1,62326
105504239,1,46286
105504240,1,46635
2562498,1,13280
2562285,1,27153.12
2562285,2,9849.78
2562285,3,51757.41
2562393,1,19246.36
2562541,1,522
2562541,2,630
2562541,3,612
2562541,4,2073.6
2562541,5,3888
2562541,6,738
2562541,7,2106
2562541,8,204
2562541,9,1224
2562541,10,1890
2562541,11,594
2562541,12,2197.8
2562541,13,1386
2562541,14,7/24/2025
2562541,15,7/24/2025
2562541,16,7/24/2025
2562340,1,38127.41
2562448,1,8252.63
2562448,2,2490.08
2562448,3,34873.54
2562448,4,15462.99
2562428,1,37462.44
2562428,1,22586.92
105504254,1,202300
105504254,1,202300
105504254,1,202300
105504254,1,202300
105504254,1,202300
105504254,1,202300
105504254,1,202300
105504254,1,202300
105504254,1,202300
105504254,1,202300
105504254,1,202300
105504254,1,202300
105504254,1,202300
105504254,1,202300
105504254,1,202300
105504254,1,202300
2562638,1,610.2
2562638,2,2911.09
2562638,3,18994.32
2562638,4,1286.93
2562638,5,34969.74
2562638,1,171718.15
2562638,1,18673.16
2562638,1,8487.8
2562638,1,57212.07
2562638,1,45894.53
2614984,1,1041.62
2615000,1,9779.27
2614996,1,982.88
2614996,1,3756.68
2614996,1,3903.69
2562500,1,130861.5
4537738,1,2400
4537738,2,240
4537738,3,1170
4537738,4,250
2562268,1,29744.82
2562268,2,51060.07
2562268,3,3091.06
2614958,1,34857
2562264-1,1,16740.22
2562264-1,2,6297.74
2562264-1,3,12870.05
2562264-1,4,10634.25
2562264-2,1,7854.94
2562264-2,2,7724.55
2562264-2,3,5218.67
2562264-2,4,8246.13
2562459,1,20800
2562512,1,5105.52
2562512,2,6864.48
2562512,3,3469.2
2562512,4,651.6
2562512,1,43984.5
2562512,2,1537.41
2562483,1,33200
2562539,1,98230
2562539,2,129780
2562124,1,49252.86
2562590,1,3179.6
2562590,1,30969
2562590,1,5804.97
2562590,1,7707.84
2562590,1,321.16
2562590,2,160.58
2562590,1,15935.28
2562590,1,14130.58
2562590,1,35956.16
2562590,1,44231.76
2562590,1,1859.29
2562590,1,22800.07
2562590,1,5187.66
2562590,1,75.36
2562590,1,5588.18
2562590,1,1112.96
2562590,1,229.4
2562590,1,560.19
2562513,1,18560.26
2562513,2,65475.7
2562513,1,18560.26
2562513,2,65475.7
2562513,1,18560.26
2562513,2,65475.7
2562513,1,18560.26
2562513,2,65475.7
2562513,1,18560.26
2562513,2,65475.7
2562513,1,18560.26
2562513,2,65475.7
2562395,1,100614.2
2562395,2,10666.68
2562395,3,5333.34
2562249,1,5649.28
2562249,2,5649.28
2562249,3,20478.64
2562249,4,20478.64
2562376,1,24009.44
2562376,2,24009.44
2562057,1,2311.8
2562057,2,1651.2
2562057,3,917.31
2562057,4,1073.85
2562057,5,1019.1
2562057,6,2576.2
2562057,7,2345.2
2562057,8,1305.03
2562057,9,2782.35
2562057,10,2683.2
2562057,11,1641.08
2562057,12,2923.17
2562057,13,271.33
2562057,14,69.26
2562057,15,550.07
2562057,16,931.36
2562057,17,3282.15
2562057,18,239.35
2562057,19,239.35
2562057,20,242.26
2562057,21,288.15
2562057,22,25341.44
2562057,23,1924.18
2562057,24,1924.18
2562057,25,25341.44
2562057,26,2777.47
2562057,27,231
2562057,28,58.05
2562057,29,7362
2562057,30,7362
105504261,1,47203
105504262,1,42295
105504263,1,53208
105504182,1,53390
2562118,1,195000
2562118,2,875
105504231,1,67917.3
2562404,1,13622.1
2562404,2,302.5
2562405,1,13388.63
2562405,2,1415.12
2562405,3,37627.2
2562462,2,4559.96
2562462,1,4559.96
2562462,3,7092.53
2562462,4,26294.44
2562462,5,26294.44
2562462,6,30784.22
2562462,7,30784.2
2562462,8,6854.28
2562462,9,6854.28
2562462,10,20467.63
2562380,1,7630
2562380,2,153090
2562380,3,56700
2562380,4,4500
2562380,5,16695
2562380,6,120
2562380,7,5040
2562380,8,960
2562380,9,480
2562380,10,2460
2562380,11,240
2562380,12,240
2562380,13,156
2562380,14,264
2562380,15,1560
2562380,16,144
2562380,17,60
2562380,18,72
2562380,19,1020
2562380,20,1260
2562380,21,144
2562603,1,9711.66
2562603,2,34194
2562603,3,1173.5
2562603,4,1026
2562729,1,88452
4537758,1,1500
4537758,2,5
4537758,1,7519.74
4537758,1,380.48
4537758,2,92.44
4537758,1,363.86
4537758,2,1726.78
4537758,3,935.64
4537758,4,363.86
4537758,5,1726.78
4537758,6,935.64
4537712,1,2090
4537754,1,292.7
4537754,2,9.37
4537754,3,3062.81
4537754,4,282.16
4537754,5,35.22
4537754,6,25.91
4537754,7,394.09
4537754,8,43.79
4537754,9,17.8
4537754,1,575.45
4537754,2,287.72
4537754,3,642.18
4537754,4,2889.83
4537754,5,592.89
4537754,6,3114.33
4537754,1,57.31
4537740,1,71125
4537740,2,71125
4537762,1,172.07
4537762,2,175.44
4537762,3,179.55
4537762,4,185.98
4537762,1,1513.14
4537762,1,1756.45
4537762,2,489.84
4537762,1,285.63
4537762,1,664.92
4537762,1,501.99
2562023-A,1,9741
2562023-B,1,9741
2562023-D,1,9741
2562023-E,1,9741
2562074,1,142047.7
2562220,1,17600.64
2562178,1,33022.08
2562179,1,26913.88
2562180,1,29610.1
2562396,1,2873.41
2562396,2,2257.75
2562396,3,3364.7
2562396,4,2720.76
2562396,5,3243.92
2562396,6,2384.51
2562396,7,939.05
2562396,8,7885.4
2562396,9,8753.92
2562396,10,8075.9
2562396,11,9927.49
2562396,12,9390.58
2562396,13,1838.67
2562396,14,1036.97
2562396,15,12071.5
105504228,1,95086.06
2562455,1,24355.52
2562477,1,22987.1
2614972,1,3649.8
2614972,2,10489.8
2614972,3,201.32
2614972,4,746.4
2614972,5,1091.2
2614972,6,1763
2614972,7,2978.55
2614972,8,9537.7
2614972,9,8391.84
2562456,1,28484.06
2562456,2,15923.53
2562456,3,6849.78
2562336,1,162000
2562687,1,33873.8
2615021,1,16457
4537686,1,4890.48
4537686,2,1094.54
4537686,3,989.74
4537759,1,21200
2562181,1,29610.1
2562699,1,1664.38
2562699,2,2226.29
2562699,3,2176
2562699,4,9218.84
2562699,5,4023.08
2562699,6,4421.71
2562699,7,182.67
2562699,8,1291.84
2562699,9,34.08
2562699,10,458.56
2562699,11,12.03
2562699,12,1116.2
2562699,1,1085.21
2562699,2,20.88
2562699,3,554.13
2562699,4,10.44
2562699,5,430.07
2562699,6,15.66
2562699,7,53.91
2562699,8,3.01
2562699,9,608.58
2562699,10,36.12
2562699,11,476.67
2562699,12,30.1
2562699,13,530.03
2562699,14,54.18
2562699,15,3374.86
2562699,16,208.8
2562699,17,3850.45
2562699,18,2606.74
2562699,19,65.2
2562699,20,6432.24
2562699,21,134.4
2562699,22,3158.28
2562699,23,923.56
2562699,24,11.04
2562699,25,559.69
2562699,26,15.38
2562699,27,881.86
2562699,28,15.38
2562699,29,2221.29
2562699,30,27.6
2562699,31,3569.97
2562699,32,76.9
2562699,33,1655.73
2562699,34,30.76
2562699,35,270.65
2562699,36,7.69
2562699,37,2033.7
2562699,38,33.12
2562699,39,338.15
2562699,40,7.69
2562699,41,2863.65
2562699,42,208.8
2562699,43,10164.71
2562699,44,122.23
2562699,45,91.57
2562699,46,24.94
2562699,47,1.1
2562699,48,2104.71
2562699,49,32.6
2562699,50,826.16
2562699,51,11.04
2562699,52,755.46
2562699,53,3142.92
2562699,54,58.68
2562699,55,1350.95
2562699,56,26.08
2562699,57,7208.16
2562699,58,18654.54
2562699,59,729
2562699,60,29959.75
2562699,61,668.16
2562699,62,4473.42
2562699,63,17.59
2562699,64,0.55
2562699,1,19031.54
2562699,2,283.68
2562699,3,1677.7
2562699,4,62.64
2562699,5,1937.59
2562699,6,62.64
2562699,1,1541.03
2562699,1,10881.53
2562699,2,153.8
2562700,1,1256.87
2562700,1,23434.47
2562700,2,354.6
2562700,1,15635.61
2562700,2,614.4
2562700,3,271.38
2562700,4,7.68
2562700,5,292.17
2562700,6,9.6
2562700,7,279.43
2562700,8,10.96
2562700,9,162.03
2562700,10,4.86
2562700,11,642.38
2562700,12,121.07
2562700,13,2.43
2562700,14,199.39
2562700,15,4.86
2562700,16,10078.44
2562700,17,132.48
2562700,18,11172.48
2562700,19,132.48
2562700,20,3805.44
2562700,21,1210.77
2562700,22,70.5
2562700,23,429.28
2562700,24,683.13
2562700,25,86.62
2562700,26,490.73
2562700,27,937.16
2562700,28,11.04
2562700,29,734.07
2562700,30,15.38
2562700,31,2716.81
2562700,32,55.2
2562700,33,2208.84
2562700,34,95.52
2562700,35,5306.32
2562700,36,97.8
2562700,37,2896.85
2562700,38,301
2562700,39,4512.84
2562700,40,66.24
2562700,41,25.03
2562700,42,0.55
2562700,43,25.03
2562700,44,0.55
2562700,45,857.53
2562700,46,17.76
2562700,47,307.4
2562700,48,813.46
2562700,49,17.76
2562700,50,328.59
2562700,51,618.12
2562700,52,17.18
2562700,53,16
2562700,54,192.13
2562700,55,586.64
2562700,56,716.23
2562700,57,28.3
2562700,58,0.55
2562700,59,38.59
2562700,60,0.55
2562700,61,295.35
2562700,62,8.88
2562700,63,247.17
2562700,64,6.66
2562700,65,2089.57
2562700,66,59.94
2562700,67,30.22
2562700,68,0.55
2562700,69,642.09
2562700,70,17.76
2562700,71,857.53
2562700,72,17.76
2562700,73,307.4
2562700,74,804.58
2562700,75,26.64
2562700,76,328.59
2562700,77,618.12
2562700,78,17.18
2562700,79,16
2562700,80,192.13
2562700,81,586.64
2562700,82,716.23
2562700,83,28.3
2562700,84,0.55
2562700,85,38.59
2562700,86,0.55
2562700,87,295.37
2562700,88,8.88
2562700,89,247.17
2562700,90,6.66
2562700,91,2089.57
2562700,92,59.94
2562700,93,30.22
2562700,94,0.55
2562700,95,642.09
2562700,96,17.76
2562700,97,652.44
2562700,98,14.58
2562700,99,96.28
2562700,100,2.43
2562700,101,222.96
2562700,102,7.29
2562700,103,57.86
2562700,104,3219.8
2562700,105,141.84
2562700,1,17570.26
2562700,2,286.68
2562700,3,190.49
2562700,4,10.44
2562700,5,718.54
2562700,6,4.24
2562700,7,224.01
2562700,8,8.48
2562700,9,704.43
2562700,10,24.3
2562700,11,254.33
2562700,12,10.44
2562700,1,10069.02
2562700,2,8.46
2614978,1,22.96
2614978,2,305.21
2614978,3,16.88
2614978,4,7011.66
2614978,5,814.87
2614978,6,19.28
2614978,7,27.98
2614978,8,5317.62
2614978,9,48.2
2614978,10,674.42
2614978,11,22.15
2614978,12,32.35
2614978,14,70.95
2614978,13,239.99
2562660,1,8857.49
2562701,1,6329.46
2562701,2,208.64
2562701,3,10846.78
2562701,4,93.84
2562701,5,77.48
2562701,6,133.74
2562701,7,10274.38
2562701,8,5850.53
2562701,9,307.98
2562701,10,197.38
2562701,11,8.48
2562701,12,3540.33
2562701,13,66.24
2562701,14,3540.33
2562701,15,66.24
2562701,16,299.67
2562701,17,12.72
2562701,18,393.42
2562701,19,20.88
2562701,20,197.38
2562701,21,8.48
2562701,22,1632.59
2562701,23,105.35
2562701,24,9384.25
2562701,25,602
2562701,26,939.51
2562701,27,65.2
2562701,28,233.82
2562701,29,2.4
2562701,30,6.52
2562701,31,43.75
2562701,32,5.22
2562701,33,496.27
2562701,34,12.72
2562701,35,150.58
2562701,36,12.28
2562701,37,1661.08
2562701,38,104.4
2562701,39,359.21
2562701,40,13.04
2562701,41,257.8
2562701,42,13.04
2562701,43,1743.71
2562701,44,48
2562701,45,1362.65
2562701,46,29.16
2562701,47,1066.33
2562701,48,696.02
2562701,49,133.66
2562701,50,2024.42
2562701,51,18.92
2562701,52,446.4
2562701,53,212.34
2562701,54,2.43
2562701,55,1739.5
2562701,56,43.74
2562701,57,972.52
2562701,58,20.88
2562701,1,26562.29
2562701,2,31961.18
2562701,3,553.03
2562701,4,20.4
2615079,1,45
2615079,2,46
2615079,3,47
2615079,4,48
2615079,5,49
2615079,6,150
2615079,7,135
2615079,8,276
2615079,9,470
2615079,10,240
2615079,11,49
2615079,12,50
2615079,13,94
2615079,14,96
2615079,15,98
2615079,16,50
2562695,1,9061.57
2562695,2,10937.08
2562695,3,10979.7
4537719,1,982.17
4537719,2,851.62
4537719,3,1925.56
2562708,1,143150.46
4537739,1,1207.79
4537747,1,1900
4537749,1,2867.19
4537763,1,10900
4537763,2,26105.5
4537765,1,10200
2562370,1,81000
105504222,1,32175
2614979,1,15200
2614979,2,23200
2562453,1,68583.32
2562147,1,81000
2562399,1,64469
2562400,1,64469
2562401,1,64469
2562390,1,16583
2615015-2,1,8290.26
2615015-2,2,8290.26
2615015-2,3,8791.64
2615015-2,1,8290.26
2614995-3,1,6329.98
2614985-2,1,23313.16
2614985-2,2,3271.09
2614985-1,1,12958.92
2614985-1,2,280.5
2614985-3,1,25869.26
2614985-3,2,646
2614985-3,3,418
2614985-3,4,790.4
2614985-3,5,141.34
2614985-3,6,4289.21
2614985-3,7,3590.99
2614985-4,1,5927.94
2614985-5,1,2138.89
2614985-5,2,8648.81
2614985-5,3,9977.46
2614985-5,4,5976.45
2614985-5,5,5658.4
2614985-5,6,1756.05
2614985-5,7,2406.62
2614985-5,8,2406.62
2614985-5,1,395.09
2614985-5,2,1777.89
2614985-6,1,396.44
2614985-6,2,1721.37
2614985-6,3,95.5
2614985-6,4,1273.27
2614985-6,1,1758.33
2614985-6,2,1893.58
2614985-6,1,221.54
2614985-6,1,332.31
2614985-6,1,405.77
2614985-6,2,405.77
2614985-6,1,10528.98
2614985-6,1,16650.48
2562528,1,43411.87
2562608,1,1505.77
2562608,2,1831.24
2562608,3,2266.17
2562608,4,1699.23
2562608,5,1514.35
2562608,6,1664.15
2562608,7,1428.51
2562608,8,4251.2
2562608,9,8429.39
2562608,10,1313.34
2562608,11,1487.17
2562608,12,3500.82
2562608,13,1088.01
2562608,14,3578.79
2562608,15,1485.02
2562608,16,820.48
2562608,17,1370.57
2562608,18,4925.47
2562608,19,580.86
2562608,20,9395.84
2562608,21,501.56
2562608,22,472.41
2562608,23,196.61
2562608,24,721.49
2562608,25,681.41
2562561,1,96486.5
2562605,1,115401.78
2562605,2,18804.05
2562653,1,106277.86
2562653,2,15779.62
2562653,3,20103.02
2562680,1,30611.53
2562763,1,66384
2562763,2,3140
2562763,3,4600
2562637,1,137567.01
2562637,2,125181.76
2562637,3,4174.28
2562637,4,4174.28
2562540,1,64384.32
4537737,1,34704
4537737,2,1156.8
4537737,3,289.2
4537737,4,2322
4537737,5,677.25
4537737,1,5200
4537748,1,143987.33
4537748,1,2474.78
4537748,2,47.7
4537748,3,125.98
4537748,4,3095.72
4537748,5,2015.82
4537748,6,34700.97
4537748,7,347.38
4537748,8,928.73
4537748,9,809.94
4537748,10,1493.87
4537748,11,77.39
4537748,12,102.59
4537748,13,6191.45
4537748,14,4247.62
4537748,15,1583.86
4537748,16,61.19
4537748,17,57.6
4537748,18,532.76
4537748,19,1486.66
4537748,20,1648.65
4537748,21,4355.61
4537748,22,28.8
4537748,23,311.36
4537748,24,709.13
4537748,25,568.75
4537748,26,449.96
4537748,27,24.66
4537748,28,665.95
4537748,29,385.17
4537748,30,125.98
4537748,31,68.4
4537748,32,709.13
4537748,33,133.19
4537748,34,449.96
4537748,35,95.4
4537748,36,4031.65
4537748,37,4949.56
4537748,38,11590.99
4537748,1,15388.64
4537777,1,20274
2562140,1,58546.65
2562293,1,28586.25
2562116,1,71895.6
2562384,1,25384.61
2562344,1,48194.68
2562419,1,71265.19
2562383,1,104689.2
2562366,1,48195
2562142,1,38748.6
2562191,1,36709.2
2562526,1,39825.81
2562559,1,64306.56
2562559,1,38727.59
2562559,1,7745.52
2562559,1,79154.3
105504256,1,52716
105504265,1,42950
4537755,1,1193.02
4537755,2,432.73
4537755,3,235.71
4537755,4,187.36
4537755,5,181.32
4537755,6,217.57
4537755,7,90.66
4537755,8,235.71
4537755,9,4714.07
4537755,10,116.04
4537755,11,135.38
4537755,12,75.54
4537755,13,75.54
4537755,14,181.32
4537755,15,75.54
4537755,16,75.54
4537755,17,181.32
2562694,1,54190.1
2562694,1,8028.16
2562694,1,23298.95
2562694,2,15207.95
2562694,3,6565.67
2562694,1,12372.5
2562694,2,9848.51
2562694,3,10709.01
2562694,4,7302.62
2562694,5,11649.47
2562694,1,37130.26
2562694,1,9848.51
2562694,2,2807.38
2562694,1,33116.18
2562694,1,5614.76
2562694,2,16047.52
2562694,3,7603.98
4537771,1,7512.68
4537771,2,2828.76
4537767,1,7683.28
4537772,1,126
2562287,1,10400
2614884,1,1813.86
2614884,2,1787.18
2614884,3,1787.18
2614884,4,1787.18
2614884,5,1473.94
2614884,6,716.08
2614884,7,726.65
2614884,8,487.15
2614884,9,651.2
2614884,10,368.55
2614884,11,280.08
2614884,12,370.01
2614884,13,621.46
2614884,14,521.99
2614884,15,423.98
2614884,16,454.67
2614884,17,2162.82
2614884,18,1702.02
2614884,19,1374.71
2614884,20,911.09
2614884,21,304.67
2614884,22,2663.61
2614884,23,364.47
2614884,24,271.64
2614884,25,425.08
105504227,1,61495
2562480,1,43517.5
105504230,1,44700
2562449,1,78516.9
2562482,1,78516.9
2562484,1,41520
2562423,1,50493.77
2562423,2,23984.7
2562423,3,15003.85
2562341,1,58383.51
2562422,1,14440.85
2562422,2,35886.1
4537774,1,707
4537792,1,157600
2562038,1,48705
2562463,1,42230
2562474,1,85049.43
2615004,1,3977.45
2615004,1,25133.29
2615004,1,3141.66
2615004,1,6283.32
2615001,1,10986.01
2615016,1,31416.62
2615016,1,1132.09
1284776,1,3827.67
2562502,1,78300
2562501,1,78300
4537785,1,56339.53
4537785,2,22488.96
4537785,3,14055.6
4537785,4,16749.59
4537785,5,6559.28
4537785,6,6149.33
4537785,7,5739.37
4537785,9,2623.71
4537785,11,1475.84
4537785,12,7379.19
4537785,13,1147.87
4537785,14,3689.6
4537785,15,1229.87
4537785,16,3654.46
4537785,17,87.85
4537785,18,35.14
4537785,10,9182.99
4537785,8,8199.1
2562624,1,82583.37
2562624,1,5207.8
2562624,1,85336.15
2562629,1,64384.32
2562309,1,8656
2562309,2,4436
2562309,3,9758
2562309,4,3372
2562309,5,22080
2562309,6,780
2562309,7,2616
2562309,8,364
2562257,1,29597.2
2562257,2,7735.2
2562546,1,370
2562546,2,375
2562546,3,550
2562546,4,850
2562546,5,1100
2562546,6,846
2562546,7,450
2562546,8,300
2562546,9,234
2562546,10,400
2562546,11,350
2562546,12,350
2562546,13,312.5
2562546,14,337.5
2562546,15,225
2562546,16,1000
2562546,17,1008
2562546,18,250
2562546,19,750
2562546,20,2250
2562546,21,650
2562546,22,585
2562546,23,546
2562546,24,1150
2562546,25,1150
2562546,26,1150
2562546,27,725
2562546,28,425
2562546,29,400
2562546,30,450
2562546,31,500
2562546,32,500
2562546,33,192
2562546,34,486
2562546,35,300
2562546,36,500
2562546,37,800
2562546,38,220
105504255,1,45835
2562558,1,17325
2562499,1,84029.4
2562612,1,15030.6
2562612,2,504
2562612,3,258
2562612,4,372
2562612,5,31802.55
2562623,1,17443.25
2562623,1,5294.09
2562623,1,11459.67
2615005-2,1,9547.45
2615005-2,2,1996.4
2615005-2,3,11258.79
2615005-2,4,6964.2
2615005-2,5,18762.72
2615005-2,6,2478.09
2615005-2,7,8950.39
2615005-2,8,5696.37
2615005-3,1,7416.87
2615005-3,2,7477.23
2615005-3,3,7570.09
2615005-3,4,7687.32
2615005-3,5,7803.39
2615005-3,6,11280.84
2615005-3,7,7934.55
2615005-3,8,12820.22
2615005-3,9,12477.53
2615005-4,1,114150
2615005-6,1,3069.81
2615005-7,1,60852.49
2615005-7,2,2447.92
2615005-7,3,3634.96
2615005-7,4,309.54
2615005-7,5,6966.81
2615005-7,6,8330.05
2615005-7,9,131.79
2615005-7,7,5519.13
2615005-7,8,1426.96
2615005-7,10,230.42
2615025-1,1,890.92
2615025-1,2,279.09
2615025-1,3,322.02
2615025-1,4,178.9
2615025-1,5,314.43
2615025-1,6,74.09
2615025-1,7,1856.22
2615025-1,8,2457.61
2615025-1,9,561.64
2615025-1,10,89.94
2615025-1,11,715.96
2615025-1,12,763.31
2615025-1,13,709.57
2615025-1,1,87.82
2615025-1,2,290.47
2615025-1,3,72.64
2615025-1,4,76.37
2615025-1,5,166.06
2615025-1,6,52.62
2615025-1,7,22.62
2615025-1,8,71.63
2615025-1,9,23.88
2615025-1,10,47.84
2615025-1,11,127.59
2615025-1,12,64.61
2615025-1,13,485.68
2615025-1,14,139.59
2615025-1,15,99.71
2615025-1,16,95.45
2615025-1,17,236.05
2615025-1,18,1029.18
2615025-1,19,47.42
2615025-1,20,284.47
2615025-1,21,614.33
2615025-1,22,374.02
2615025-1,23,504.93
2615025-1,24,775.14
2615025-1,25,1328.03
2615025-1,26,1328.03
2615025-1,1,133.22
2615025-1,2,153.3
2615025-1,3,74.36
2615025-1,4,60.11
2615025-1,5,31.56
2615025-1,1,1418.79
2615025-1,1,771.67
2615025-1,1,151.37
2615025-1,2,183.72
2615025-1,3,88.3
2615025-1,4,748.62
2615025-1,5,205.81
2615025-1,6,196.31
2615025-1,7,64.83
2615025-1,8,761.41
2615025-1,9,92.92
2615025-1,10,45.71
2615025-1,11,37.91
2615025-1,12,153.77
2615025-1,13,941.83
2615025-1,14,42.34
2615025-1,15,179.49
2615025-1,16,18.96
2615025-1,17,585.28
2615025-1,18,351.38
2615025-1,19,231.07
2615025-1,20,242.41
2615025-1,21,70.88
2615025-1,22,29.99
2615025-1,23,22.47
2615025-1,24,313.46
2615025-1,25,240.26
2615025-1,26,238.86
2615025-1,27,9.36
2615025-1,28,792.87
2615025-1,29,761.39
2615025-1,30,129.25
2615025-1,1,229.24
2615025-1,2,20.5
2615025-1,3,25.68
2615025-1,4,381
2615025-1,1,627.6
2615025-1,1,1873
2615025-1,1,615.12
2615025-1,2,83.88
2615025-1,3,308.18
2615025-1,1,219.67
2615025-1,2,139.46
2615025-1,3,44.28
2615025-1,4,6.3
2615025-1,5,146.57
2615025-1,6,11.86
2615025-1,7,660.93
2615025-1,8,67.24
2615025-1,9,115.62
2615025-1,10,113.54
2615025-1,11,41.95
2615025-1,12,15.86
2615025-1,13,154.92
2615025-1,14,146.36
2615025-1,15,103.87
2615025-1,16,373.18
2615025-1,17,64.21
2615025-1,18,444.24
2615025-1,19,71.49
2615025-1,20,56.07
2615025-1,21,46.06
2615025-1,22,1607.39
2615025-1,23,594.31
2615025-1,24,244.4
2615025-1,25,528.75
2615025-1,26,39.13
2615025-1,27,488.25
2615025-1,28,883.83
2615025-1,29,100.46
2615025-1,30,224.28
2615025-1,31,36.97
2615025-1,32,14.8
2615025-1,33,154.92
2615025-1,34,132.19
2615025-1,35,9.44
2615025-1,36,260.85
2615025-1,37,235.08
2615025-1,38,27.73
2615025-1,39,62.74
2615025-1,40,52.85
2615025-1,41,2284.23
2615025-1,42,27.73
2615025-1,43,65.32
2615025-1,44,20.33
2615025-1,45,163.35
2615025-1,46,151.15
2615025-1,1,490.28
2615025-1,2,154.45
2615025-1,3,558.31
2562618,1,19776
2562392,1,113399.24
2562444,1,85049.43
2562532,1,67999.01
2562652,1,36056.61
2562652,2,54514.17
2562652,3,52523.27
2562652,1,12171.99
4537743,1,8659.68
4537743,2,1357.44
4537743,3,23487.36
4537779,1,60928.85
4537779,2,5219.08
4537779,3,21179.57
4537780,1,131328.87
2562854,1,1298.4
2562854,2,3001.6
2562854,3,15060
2562854,4,1298.4
2562854,5,3001.6
2562854,6,10615.57
2562854,7,14748
2562854,8,3048
2562854,9,4332.89
2562854,10,870
2562854,11,1648.5
2562854,12,2016.8
2562854,13,21963.15
2562854,14,2329.92
4537761,1,8829.99
4537793,1,3803.05
4537793,1,1349.47
4537793,1,3300.62
4537793,1,184.48
4537796,1,118.23
4537796,2,9.37
4537796,3,171.83
4537796,4,1271.54
4537796,5,1160.76
4537796,6,1392.91
4537796,7,2.34
4537796,8,2.34
4537796,9,87.85
4537796,10,1016.69
4537796,11,1202.81
4537796,1,1779.44
4537788,1,366.54
4537788,2,244.36
4537788,3,164.74
4537788,4,125.61
4537788,5,370.66
4537788,6,91.02
4537788,7,347.87
4537788,8,53.54
4537788,9,30.89
4537788,10,205.92
4537788,11,43.04
4537788,12,74.13
4537797,1,28645.74
4537797,2,4
4537797,3,2
4537797,4,2
4537797,1,3097.23
4537797,1,17.57
4537797,1,1048.8
4537797,1,139.94
4537760,1,1017.36
4537760,2,661.3
4537760,3,347.4
4537760,1,1733.26
4537760,1,532.11
4537760,1,907.43
4537760,1,121.74
4537760,1,130.42
4537760,1,2051.88
4537760,1,87.87
4537760,2,954.91
4537760,1,68.62
4537760,1,79.8
4537760,2,974.21
4537784,1,1279.32
4537784,2,289.9
4537784,1,100.45
4537784,2,762.99
4537784,3,450.36
4537784,1,610.56
4537784,1,393.95
4537784,2,7
4537784,1,45.81
4537784,1,548.4
4537784,2,1526.4
4537784,1,8092
4537784,1,423.42
4537784,1,1167.2
4537784,1,213.92
4537784,1,213.92
4537784,1,8950.03
4537784,1,3927.66
4537784,1,3055.66
4537784,2,186.86
4537784,1,465.37
4537784,1,194.82
4537784,1,279.17
4537784,1,558.34
4537784,1,31864.94
2562346,1,39825.81
2562441,1,1640.25
2562441,2,2227.27
2562441,3,3318.96
2562441,4,2552.11
2562441,5,2552.11
2562441,6,104.14
2562441,7,199.27
2562441,8,683.5
2562441,9,741.02
2562441,10,4271.87
2562441,11,811.32
2562441,12,6637.72
2562441,13,694.55
2562441,14,2989.11
2562441,15,858.78
2562441,16,521.52
2562441,17,512.7
2562441,18,1028.61
2562441,19,670.52
2562441,20,1098.91
2562441,21,294.4
2562441,22,1135.06
2562441,23,1201.65
2562441,24,841.16
2562441,25,390.54
2562441,26,215.3
2562441,27,13275.45
2562441,28,3404.68
2562441,29,5769.13
2562441,30,425.38
2562441,31,610.44
2562441,32,297.41
2562441,33,584
2562441,34,273.38
2562441,35,233.12
2562441,36,194.27
2562441,37,903.64
2562441,38,182.65
2562441,39,835.95
2562441,40,429.39
2562441,41,297.41
2562441,42,312.43
2562441,43,494.28
2562441,44,521.52
2562441,45,729
2562441,46,785.88
2562441,47,903.64
2562441,48,1441.18
2562441,49,310.43
2562441,50,1251.22
2562441,51,14.93
2562441,52,69.09
2562549,1,160990.8
2562549,1,77177
4537803,1,195.76
4537803,1,7435.41
4537803,1,117.9
4537803,1,55.31
4537803,2,67.97
4537803,3,88.21
4537803,1,104.15
4537803,1,1624.32
4537803,2,66.62
4537803,1,643.58
4537803,1,133.25
4537803,1,55.52
4537803,1,78.13
4537803,1,106.6
2562596,1,
2562596,2,
4537757,1,6185.1
2615005-1,1,6139.25
2615005-5,1,3685.43
2615005-5,2,3282
2615005-8,1,2949.96
2615017,1,107500
2562784,1,10773.58
2562784,2,153.8
2562784,3,322.16
2562784,4,12.72
2562784,5,111.06
2562784,6,4113
2562784,7,170.1
2562784,8,723.79
2562784,9,970.94
2562784,10,16.56
2562784,11,2863.48
2562784,12,38.64
2562784,13,298.72
2562784,14,7.69
2562784,15,10343.02
2562784,16,369.3
2562784,17,21.07
2562784,18,3914.72
2562784,19,11.67
2562784,20,97.8
2562784,21,477.81
2562784,22,5.22
2562784,23,3778.96
2562784,24,212
2562784,25,763.83
2562784,26,136.02
2562784,27,10.44
2562784,28,227.24
2562784,29,15.66
2562784,30,129.51
2562784,31,9.03
2562784,32,3786.65
2562784,33,37.92
2562784,34,44.16
2562784,35,1801.36
2562784,36,84.8
2562784,37,535.86
2562784,38,3.29
2562784,39,580.06
2562784,40,19.2
2562784,41,1601.04
2562784,42,33.92
2562784,43,358.26
2562784,44,24.56
2562784,45,392.31
2562784,46,1298.01
2562784,47,65.2
2562784,48,183.11
2562784,49,12.04
2562784,50,2470.67
2562784,51,76.9
2562784,52,1113.21
2562784,53,7.68
2562784,54,20.55
2562784,55,0.55
2562784,56,763.83
2562784,57,487.07
2562784,58,233.49
2562784,59,15.66
2562784,60,149.83
2562784,61,10.44
2562784,62,210.53
2562784,63,10.44
2562784,64,143.79
2562784,65,3345.93
2562784,66,260.8
2562784,1,618.11
2562784,2,8.48
2562784,3,102.25
2562784,4,7.69
2562784,5,703.77
2562784,6,30.76
2562784,7,110.48
2562784,9,1754.42
2562784,1,287.75
2562784,2,7.67
2562784,3,9.21
2562784,4,97.8
2562784,1,16152.12
2562784,2,304
2562784,3,26508.34
2562784,4,456
2562784,5,26508.34
2562784,6,456
2562784,1,23868.53
2562784,2,1544.72
2562784,3,62.64
2562784,4,2404.13
2562785,1,2275.08
2562785,2,93.28
2562785,3,101.73
2562785,4,22.32
2562785,5,311.76
2562785,6,44.64
2562785,7,549.18
2562785,8,9.86
2562785,1,2132.78
2562785,2,55.2
2562785,1,554.65
2562785,2,84.8
2562785,3,2766.56
2562785,4,1480.9
2562785,5,22.08
2562785,6,747.9
2562785,7,15.38
2562785,8,1642.02
2562785,9,30.76
2562785,10,2227.48
2562785,11,92.28
2562785,12,603.55
2562785,13,25.44
2562785,14,4702.94
2562785,15,199.26
2562785,16,115.65
2562785,17,2.43
2562785,18,140.48
2562785,19,2.43
2562785,20,9.09
2562785,22,65.69
2562785,23,2.43
2562785,24,69.73
2562785,25,2.43
2562785,26,3324.87
2562785,27,134.4
2562785,28,302.41
2562785,29,9.6
2562785,30,525.39
2562785,31,174.49
2562785,1,3056.84
2562785,2,922.45
2562785,4,2926.48
2562785,5,3596.42
2562785,6,5776.26
2562785,7,1234.83
2562785,8,10.44
2562785,9,1467.34
2562785,10,10.44
2562785,1,856.65
2562785,2,32.88
2562785,3,3626.69
2562785,4,4321.62
2562785,5,388.7
2562785,6,158.96
2562785,7,9.72
2562785,1,7424.01
2562785,2,307.6
2562785,3,1697.87
2562785,4,76.9
2562785,5,2023.13
2562785,6,76.9
2562785,7,1798.61
2562785,8,61.52
2562785,9,2192.72
2562785,10,76.9
2562785,11,890.99
2562785,12,8.48
2562785,13,1732.61
2562785,14,63.6
2562785,15,170.95
2562785,16,4.24
2562785,17,181.5
2562785,18,12.04
2562785,19,1377.31
2562785,20,29.16
2562785,21,63136.28
2562785,22,1216
2562785,23,3086.42
2562785,24,92.28
2562742,1,115.64
2562742,2,406.82
2562742,3,478.55
2562742,4,192.97
2562742,5,540.01
2562742,6,300.61
2562742,7,78.03
2562742,8,322
2562742,9,127.27
2562742,10,9506.79
2562742,11,4753.39
2562742,12,273.64
2562816,1,131879.63
2562782,1,43274.64
2562782,2,13732.55
4537775,1,8295.15
4537775,2,4821.07
2615054,1,15643
4537735,1,20583.66
4537794,1,29112.75
4537794,2,4455.78
4537794,3,145.24
4537794,4,1141.86
4537794,5,171.55
4537794,6,3088.7
4537794,7,3034.62
4537794,8,580
4537794,9,1284.17
4537794,10,334.11
4537794,11,443.58
4537794,12,2473.25
4537794,13,178.9
4537794,14,583.27
4537794,15,3.92
4537794,16,32.51
4537794,17,3330.5
4537794,18,660.06
4537794,19,217.3
4537794,20,89.86
4537794,21,145.41
4537794,22,80.38
4537794,23,20.42
4537794,24,12.25
4537794,25,96.8
4537794,26,369.24
4537794,27,1318.48
4537794,28,219.75
4537794,29,130.7
4537794,30,470.3
4537794,31,169.92
4537794,32,310.66
4537794,33,5797.42
4537794,34,1702.42
4537794,35,720.51
4537794,36,237.13
4537794,37,3613.15
4537794,38,35.29
4537794,39,3979.94
4537794,40,7624.59
4537794,41,2402.5
4537794,42,10.7
4537794,43,32.84
4537794,44,424.79
4537786,1,1176.85
4537800,1,48.11
4537800,2,4614.14
4537800,3,1220.9
4537800,4,475.13
4537800,5,649.54
4537800,8,150.36
4537800,10,351.23
4537800,12,928.6
4537800,13,259.81
4537800,6,1255.78
4537800,7,396.94
4537800,9,180.43
4537800,11,862.45
4537782,1,12200
4537782,2,13000
4537782,3,12000
4537782,4,9200
2561793,1,17863.63
2561835,1,9416.25
2561837,1,9416.25
2562023-C,1,9741
2562387,1,26400
2562351,1,4547.74
2562649,1,38000
2562649,1,31250
105504249,1,31995
4537804,1,339
2562445,1,113399.24
2562712,1,288873.8
2562586,1,28991.59
2562724,1,130861.5
2562747,1,130861.5
2562749,1,7592.13
4537766,1,8058.75
2562633,1,12996.21
2562633,1,32955.58
2562633,1,4777.44
2562633,2,74.28
2562633,1,36407.24
2562633,1,17443.68
2562633,2,3562.67
4537789,1,6645.6
4537773,1,9690.1
4537773,2,4691.56
2614980,1,5386.3
2562447,1,17600.64
105504247,1,54318
2614938,1,17381.89
2614938,2,1344
2614938,3,2095.6
2614938,4,2095.6
2614938,5,5416.32
2614938,6,2160.08
2614938,7,2599.35
2614938,8,3000.84
2614938,9,916.82
2614938,10,652.86
2614938,11,1648.27
2614938,12,1108.25
2562506,1,13584
2562506,2,12882
2562506,3,21696
2562506,4,2832
2562506,5,1080
2562506,6,1080
105504248,1,29995
2562524,1,81000
4537795,1,24307.15
4537795,2,23918.15
4537795,3,23918.15
4537795,4,23918.15
2562509,1,64469
2562511,1,64469
2562510,1,64469
2562515,1,59125.93
2562617,1,19968
2615025-8,1,996.44
2615025-8,2,3143.36
2615025-8,3,5780.29
2615025-8,4,39.46
2615025-8,5,37.72
2615025-8,6,116.07
2615025-8,7,18.57
2615025-8,8,2.32
2615025-8,9,81.25
2615025-8,10,897.22
2615025-8,11,8200.35
2615025-8,12,2014.98
2615025-8,13,1103.83
2615025-8,14,272.76
2615025-8,15,331.96
2615025-8,16,695.26
2615025-8,17,3399.69
2615025-8,18,201.96
2615025-8,19,104.46
2615025-8,20,38.3
2615025-8,21,937.85
2615025-8,22,1285.13
2615025-8,23,82.06
2615025-8,24,2197.48
2615025-8,25,787.83
2615025-8,26,907.09
2615025-8,27,453.54
2615025-8,28,1137.49
2615025-8,29,682.49
2615025-8,30,2890.14
2615025-8,31,1456.72
2615025-8,32,1490.34
2615025-8,33,279.73
2615025-8,34,51.07
2615025-8,35,13.93
2615025-8,36,62.68
2615025-8,37,383.03
2615025-8,38,2014.98
2615025-8,39,403
2615025-8,40,414.95
2615025-8,41,1309.27
2615025-8,42,116.07
2615025-8,43,417.85
2615025-8,44,5.8
2615025-8,45,88.21
2615025-8,46,554.81
2615025-8,47,2748.56
2615025-8,48,319.77
2615025-8,49,1640.07
2615025-8,50,2733.45
2615025-8,51,287.27
2615025-8,52,1007.49
2615025-8,53,1627.77
2615025-8,54,132.78
2615025-8,55,2562.83
2615025-8,56,1459
2615025-8,57,98.66
2615025-8,58,37.72
2615025-8,59,232.14
2615025-8,60,6.96
2615025-8,61,6.96
2615025-8,62,350.53
2615025-8,63,32.5
2615025-8,64,428.07
2615025-8,65,76.14
2615025-8,66,1627.77
2615025-8,67,896.64
2615025-8,68,222
2615025-8,69,99.91
2615025-8,70,974.99
2615025-8,71,4460.78
2615025-8,72,2786.98
2615025-8,73,1874.17
2615025-8,74,405.08
2615025-8,75,32.41
2615025-8,76,243.75
2615025-8,77,2220.54
2615025-8,78,2108.96
2615025-8,79,2108.96
2615025-8,80,2704.62
2615025-8,81,302.71
2615025-8,82,1439.27
2615025-8,83,3429.64
2615025-8,84,90.77
2615025-8,85,149.5
2615025-8,86,16.02
2615025-8,87,64.07
2615025-8,88,48.05
2615025-8,89,80.09
2615025-8,90,224.25
2615025-8,91,82.76
2615025-8,92,61.4
2615025-8,93,181.53
2615025-8,94,21.36
2615025-8,95,368.41
2615025-8,96,8.01
2615025-8,97,1260.06
2615025-8,98,344.38
2615025-8,99,61.4
2615025-8,100,891.65
2615025-8,101,560.62
2615025-8,102,472.52
2615025-8,103,1261.45
2615025-8,104,1513.26
2615025-8,105,3062.04
2615025-8,106,5921.19
2615025-8,107,1054.5
2615025-8,108,990.43
2615025-8,109,1868.73
2615025-8,110,822.24
2615025-8,111,859.61
2615025-8,112,5139
2615025-8,113,900.47
2615025-8,114,895.36
2615025-8,115,183.16
2615025-8,116,1285.77
2615025-8,117,102.86
2615025-8,118,293.37
2615025-8,119,1454.36
2615025-8,120,175.27
2615025-8,121,650.57
2615025-8,122,586.15
2615025-8,123,736.46
2615025-8,124,856.02
2615025-8,125,2158.9
2615025-8,126,4271.28
2615025-8,127,4290.35
2615025-8,128,2572.23
2615025-8,129,727.18
2615025-8,130,289.01
2615025-8,131,359.82
2615025-8,132,2436.08
2615025-8,133,13387.35
2615025-8,134,72.72
2615025-8,135,1182.42
2615025-8,136,2019.62
2615025-8,137,897.22
2615025-8,138,3452.08
2615025-8,139,1758.46
2615025-8,140,293.08
2615025-8,141,1694.85
2615025-8,142,319.77
2615025-8,143,76.61
2615025-8,144,224.31
2615025-8,145,279.73
2615025-8,146,76.61
2615025-8,147,167.21
2615025-8,148,52.23
2615025-8,149,731.71
2615025-8,1,218.88
2615025-8,2,254.04
2615025-8,3,1337.65
2615025-8,1,1200.63
2615025-8,2,4214.15
2615025-8,3,522.78
2615025-8,1,301.78
2615025-8,2,
2615025-8,3,
2615025-8,4,803.9
2615025-8,1,2869.83
2615025-8,2,2869.83
2615038,1,16695.95
2615038,1,22731.41
2615038,2,4922.37
2615038,1,9981.89
4537781,1,907.16
4537781,2,503.5
4537781,3,569.75
4537781,4,106
4537781,5,3605.84
4537781,6,3041.09
4537781,7,822.02
4537752,1,7427.52
105504264,1,61000
2614959,1,81341.25
2614959,2,79534.16
2562379,1,28499.5
2562481,1,113399.24
2562436,1,11071.93
2562436,2,12206.94
2562436,1,9478.96
2562436,2,18733.23
2562436,1,21646.2
2562436,2,9366.61
2562436,1,9478.96
2562436,2,18733.23
2562601,1,28232.17
2562601,2,364
2562601,3,1480.05
2562601,4,153.52
2562601,5,419.52
2562601,6,11232
2562592,1,66312
2562592,2,2044
2562600,1,29170.54
2562600,2,1680.2
2562600,3,4252.16
2562600,4,489.06
2562600,5,700.64
2562593,1,49776
2562593,1,46892
2562593,2,6400
2562543,1,46717.86
105504258,1,57785
105504259,1,54500
2562552,1,46932.48
2562681,1,72512
2562711,1,90382.5
2562713,1,36256
2562588,1,26126.8
2562588,1,18370.66
2562588,2,6343.14
2562588,1,178.6
2562588,2,178.6
2562588,3,178.6
2562588,4,178.6
2562588,5,178.6
2562588,1,72
2562588,1,4838.7
2562588,1,4838.7
2562588,1,13016
2562588,1,8619.27
2562588,2,5725.05
2562588,3,10624.19
2562588,4,15331.72
2562588,5,11100.73
2562529,1,137662.33
4537801,1,583.5
4537801,1,226.72
4537801,2,355.85
4537801,3,427.02
4537801,4,137.26
4537801,5,140.92
4537801,6,104.21
2562893,1,1028
2562893,2,273.6
2562893,3,1374.48
2562893,4,1365.3
2562893,5,1925.22
2562893,6,1731.96
2562893,7,420.72
2562893,8,1080
2562893,9,172.64
4537787,1,8218
4537814,1,6492.65
2562233,1,2512.22
2562233,2,1556.83
2562233,3,5715.08
2562233,4,15979.77
2562233,5,4736.66
2562233,6,5148.17
2562233,7,5092.53
2562233,8,4319.4
2562233,9,4763.11
2562233,10,5588.54
2562466,1,
2562466,2,144
2614948,1,80
2614948,2,126.42
2614948,3,830
2614948,4,1430
2614948,5,17.04
2614948,6,406.16
2614948,7,113.6
2614948,8,2030.8
2614948,9,64.7
2614948,10,350
2614948,11,4500
2614948,12,4500
2614948,13,5500
2614948,14,4000
2614948,15,3500
2614948,16,2000
2614948,17,2500
2614948,18,3000
2614948,19,11.5
2614948,20,17.25
2614948,21,11.5
2614948,22,11.5
2614948,23,700
2614948,24,1000
2614948,25,500
2614948,26,300
2614948,27,700
2614948,28,500
2614948,29,305
2614948,30,285
2614948,31,900
2614948,32,145
2614948,33,150
2614948,34,150
2614948,35,800
2614948,36,470
2614948,37,500
2614948,38,160
2614948,39,330
2614948,40,660
2614948,41,1200
2614948,42,260
2614948,43,200
2614948,44,1600
2614948,45,190
2614948,46,185
2614948,47,1801.77
2614948,48,2023.8
2614948,49,2364
2614948,50,560
2614948,51,232.5
2614948,52,96
2562622,1,64944
105504244,1,66525
2562418,1,16446.97
2562418,2,26647.81
2562425,1,21823.96
2562425,2,17175.06
2562425,1,41644.67
2562514,1,95214.44
2562516-1,1,9149.94
2562516-1,2,17352.04
2562516-2,1,37372.01
2562475,1,29574.61
2562426,1,41919.3
2562751,1,25867.21
2562751,2,287.01
2562751,3,245.68
4537776,1,7736
2615039,1,3330.48
2615041,1,4000.67
2615040,1,21804.85
2615040,1,239864.63
2615040,2,172210.5
2615040,3,2460.15
2615040,4,2460.15
2615040,5,1846.96
2615040,6,8044.69
2615040,7,9840.51
2615040,8,10387.2
2615040,9,8044.69
2615040,1,61.5
2562517,1,49668.04
2615046,1,253315
2615046,2,25435
4537807,1,14978.5
4537798,1,22987.37
4537811,1,3180.75
4537809,1,1134.69
4537809,2,131.13
4537809,3,2975.93
4537809,4,554.67
4537809,5,24221.19
4537809,6,330.5
4537809,7,381.2
4537809,8,487.7
4537809,9,182.97
4537809,10,2028.31
4537809,11,2388.86
4537809,12,222.72
4537809,13,963.32
4537812,1,360.78
4537830,1,42
2562214,1,48194.68
4537823,1,4445.7
2615045-1,1,2823.23
2615045-1,2,1121.8
2615045-3,1,29940
2562654,1,
2562654,2,951.9
2562654,3,
2562654,4,2151.2
2562654,5,812.84
2562654,6,3831.96
2562654,7,452.2
2562654,8,3973
2562654,9,2877
2562654,10,2417.6
2562654,11,6648.4
2562654,12,2221.56
2562654,13,1144.44
2562654,14,4050
2562654,15,280
2562654,16,140
2562654,17,3525
2562654,18,3626.4
2562654,19,225
2562654,20,3526.6
2562654,1,937.2
2562654,2,1656
2562654,3,5750
2562654,4,1040
2562654,5,6000
2562654,6,35211
2562654,7,798
2562654,8,870.2
2562741,1,2670.73
2562741,2,1081.19
2562741,3,2440.88
2562741,4,760.93
2562741,5,1502.01
2562741,6,2489.99
2562741,7,1585.62
2562741,8,5215.92
2562741,9,3402.72
2562741,10,4214.72
2562741,11,2880.57
2562741,12,3536.22
2562741,13,4502.05
2562741,14,3511.54
2562741,15,5761.13
2562741,16,1498.04
2562741,17,3620.56
2562741,18,579
2562741,19,3733.9
2562741,20,1263.58
2562741,21,648.74
2562741,22,855.26
2562741,23,253.26
2562741,24,2626.44
2562702,1,88888.49
2562702,1,27777.65
2562702,1,39266.8
2562702,1,31530.41
2562703,1,27954.3
2615035-2,1,2112.74
2615035-2,2,70255.1
2615035-2,3,1272.74
2615035-2,4,1985.48
2615035-3,1,46817.02
2615035-4,1,3167.84
2615035-4,2,40965.66
2615035-4,3,1908.34
2615035-4,4,2977.01
2615019,1,17166.9
2615019,2,23828.68
2615045-4,1,27117.19
2615045-4,2,29485.8
2615045-4,3,11521.37
2615045-4,4,11178.62
2615045-4,5,53782.78
2615045-4,6,34418.01
2615045-4,7,28246.81
2615045-4,8,19258.84
2615045-4,9,19666.09
2615045-4,10,10698.83
2615045-4,11,17422.72
2615045-4,12,4275.64
2615045-4,13,108.58
2615045-4,14,7526.56
2615045-4,15,3541.87
2615045-4,16,5322.02
2615045-4,17,650.76
2615045-5,1,15676.36
2615045-6,2,466.66
2615045-6,3,5987.71
2615045-6,1,1453.24
2615035-1,1,281202.16
2615035-1,2,133090.1
2562718,1,54520.6
2562718,1,25952.59
2562718,2,6856.39
2562718,3,5504.76
2562718,4,6375.29
2562718,1,54520.6
2562718,1,19255.14
2562718,2,5100.23
2562718,3,3917.94
2562718,4,4403.81
2562718,1,19183.17
2562718,1,34327.79
2562718,1,6697.44
2562718,2,3111.99
2562718,3,2550.12
2562718,4,6856.39
2562718,5,2201.9
2562754,1,102065.49
2562754,2,20521.82
2562696,1,54520.6
2562696,1,28464.13
2562696,2,6856.39
2562696,3,1100.95
2562696,4,6486.97
2562696,1,54520.6
2562696,1,43414.55
2562696,1,4185.9
2562696,1,25952.59
2562696,2,15300.7
2562696,3,5504.76
2562790,1,33585.29
4537769,1,1019.54
4537769,2,1050.62
4537769,3,689.14
4537769,4,240.68
4537769,5,534.43
4537769,6,49.92
4537769,7,1.3
4537769,8,941.17
4537769,9,356.29
4537769,10,1.34
4537769,11,1.5
4537769,12,0.26
4537769,13,14.91
4537769,14,3.2
4537769,15,81.6
4537769,16,1.34
4537769,17,0.06
4537769,18,28.42
4537769,19,7.36
4537769,20,145.6
4537769,21,1.89
2562356,1,97704
2562356,2,6163.2
2562333,1,27253.8
2562531,1,53892.24
4537821,1,741.74
4537821,2,286.53
4537821,3,491.19
4537821,4,2203.34
4537821,5,491.19
4537821,6,224.54
4537821,7,21.93
4537821,8,2.11
4537821,9,836.19
4537821,10,8401.69
4537821,1,3543.59
4537821,2,557.27
4537821,3,2362.39
4537821,4,557.27
4537821,6,287.4
4537821,7,472.1
4537821,8,2488.7
4537821,9,944.21
4537821,5,573.64
4537821,1,324.19
4537821,2,277.42
4537821,1,3638.31
4537822,1,444.41
4537822,2,76.02
4537822,3,209.34
4537822,4,243.26
4537822,5,122.8
4537822,6,1894.59
4537822,7,1187.04
4537822,8,602.29
4537822,9,2179.95
4537822,10,315.77
4537822,11,173.09
4537822,12,1024.48
4537822,13,1286.45
4537822,14,1286.45
4537822,15,1286.45
4537822,16,1988.15
2562769,1,33336.12
2562604,1,33200
4537826,1,3853.56
4537826,1,486.6
4537826,2,634.8
4537826,3,2328
4537826,1,186.99
4537826,1,1589.4
4537826,1,12.05
4537826,1,1720.18
4537826,2,201.02
2562569,1,25898.78
2562709,1,16583
2562707,1,
4537825,1,79.38
4537825,2,79.38
2614963,1,19950
2562503,1,31220.59
2562503,2,73.12
2562504,1,20562
2562504,2,834
2562504,3,37440
2562505,1,15571.98
2562388,1,190353.32
2562231,1,27678
2562231,1,38205.66
2562231,2,18844.46
105504250,1,58723
105504251,1,36500
4537806,1,7006.9
4537806,2,7208.88
4537806,3,14013.79
4537806,4,14417.76
4537806,1,199.57
4537806,2,2385.82
4537806,1,46.32
4537806,1,364.43
4537806,1,3225.07
4537806,2,138.68
4537806,3,402.77
4537806,4,426.46
4537806,5,1293.62
4537806,6,17.13
4537806,1,225.09
4537806,1,479.5
4537806,1,121.97
4537806,1,485.67
4537806,2,131.97
4537806,3,355.34
4537806,4,246.7
4537806,5,637.32
4537806,6,379.17
4537806,7,2617.62
4537806,1,84.32
4537806,2,70.56
4537806,1,1199.81
4537806,1,2164.32
4537806,1,288.66
4537806,1,876.5
4537806,1,20.16
4537806,1,16799.58
4537806,1,1271.28
4537806,1,918.12
4537806,1,889.6
4537806,1,2835.77
2562705,1,25850.12
2562705,1,566086.85
2562705,1,476821.92
2614988,1,16876.51
105504268,1,56343
105504269,1,76210
105504270,1,57143
105504271,1,41995
105504277,1,66076
2562519,1,164355.12
2562519,2,2074.23
2615035-5,1,10768.05
2615032,2,346790.89
2615032,1,22209.11
2562613,1,33867.29
2562613,2,9027.3
2562613,3,11330
2562783,1,23101.13
4537764,1,2573
2562597,1,100000
2562597,1,29430
2562597,2,22400
2562597,3,8800
2562834,1,21862.37
2562851,1,14524.35
2562851,2,576
2562851,3,845.1
2562851,4,23.04
2562851,5,7761.2
2562851,6,204.12
2562851,7,512.76
2562851,8,16.1
2562851,9,835.19
2562851,10,309.52
2562851,11,69.48
2562851,12,2.22
2562851,13,119.18
2562851,14,860.9
2562851,15,20.4
2562851,16,17.3
2562851,17,957.02
2562851,18,365.4
2562851,19,7.65
2562851,20,43.7
2562851,21,0.55
2562851,22,2201.72
2562851,23,68.85
2562851,24,622.34
2562851,25,330.84
2562851,26,174.17
2562851,27,2.74
2562851,28,806.31
2562851,29,30.6
2562851,30,182.18
2562851,31,11.28
2562851,32,1981.56
2562851,33,27.6
2562851,34,4987.14
2562851,35,91.28
2562851,36,1266.75
2562851,37,50.88
2562851,38,3194.13
2562851,39,234.9
2562851,40,5615.22
2562851,41,76
2562851,42,417.56
2562851,43,7.69
2562851,44,10148.42
2562851,45,132.48
2562851,46,10148.42
2562851,47,132.48
2562851,48,6019.64
2562851,49,130.73
2562851,50,384.69
2562851,51,7.69
2562851,52,268.44
2562851,53,7.69
2562851,54,356.23
2562851,55,7.69
2562851,56,301.7
2562851,57,7.69
2562851,58,1159.56
2562851,59,30.76
2562851,60,426.49
2562851,61,5.52
2562851,62,3779.95
2562851,63,66.24
2562851,64,217.01
2562851,65,7.69
2562851,66,463.68
2562851,67,11.4
2562851,68,363.78
2562851,69,5.52
2562851,70,26743.7
2562851,71,5841.37
2562851,72,59.28
2562851,73,88.32
2562851,1,3432.56
2562851,2,20166.28
2562851,3,10591.26
2562851,1,6575.87
2562851,2,230.7
2562851,1,19332.35
2615053,1,16379
2562781,1,21056.52
4537778,1,60
4537778,2,30
4537778,3,36
4537778,4,42
4537778,5,30
4537778,6,30
4537778,7,72
4537778,8,18
4537778,9,72
4537778,10,90
4537778,11,72
4537778,12,24
4537778,13,42
4537778,14,72
4537778,15,72
4537778,16,96
4537778,17,72
4537778,18,72
4537778,19,72
4537778,20,72
4537778,21,21
4537778,23,21
4537778,22,21
4537778,24,45
4537778,25,30
4537778,26,2
4537778,27,1
4537802,1,3.84
4537802,2,31.8
4537802,3,3.84
4537834,1,1471.52
4537834,1,1645.66
4537834,1,1725.64
4537834,1,1647.21
4537834,1,397.78
4537834,1,461.93
4537834,1,931.51
4537834,1,1355.68
4537834,1,126.36
4537834,1,356.46
4537834,1,439.38
4537834,1,351.32
4537834,1,1107.95
4537834,1,162.3
4537834,2,162.3
4537834,1,29.05
4537834,1,3058.13
4537834,1,313.8
4537834,2,313.8
4537818,1,4040
4537843,1,1170
4537843,2,430
4537843,3,1976
4537843,4,297.5
4537843,5,1300
4537843,6,2880
2614951-1,1,21220.17
2614951-1,2,13087.42
2614951-2,1,566.82
2614951-2,2,675.36
2614951-2,3,382.91
2614951-2,4,4077.89
2614951-2,5,603
2614951-2,6,447.23
2614951-2,7,717.57
2614951-2,8,1178.87
2614951-2,9,1178.87
2614951-2,10,107.54
2614951-2,11,979.88
2614951-2,12,457.28
2614951-2,13,65.33
2614951-2,14,1336.65
2614951-2,15,1537.65
2614951-2,16,2371.8
2614951-2,17,1378.86
2614951-2,18,1378.86
2614951-2,19,69.35
2614951-2,20,141.71
2614951-2,21,941.03
2614951-2,22,261.3
2614951-2,23,2194.92
2614951-2,24,60.3
2614951-2,25,60.3
2614951-2,26,5318.96
2614951-2,27,5318.96
2614951-2,28,655.76
2614951-2,29,655.76
2614951-2,30,1507.5
2614951-2,31,140.7
2614951-2,32,140.7
2614951-2,33,281.4
2614951-2,34,1025.1
2614951-2,35,868.32
2614951-2,36,1326.6
2614951-2,37,261.3
2614951-2,38,896.96
2614951-2,39,896.96
2614951-2,40,42.71
2614951-2,41,42.71
2614951-2,42,904.5
2614951-2,43,904.5
2614951-2,44,452.25
2614951-2,45,261.3
2614951-2,46,261.3
2614951-2,47,341.7
2614951-2,48,128.14
2614951-2,49,466.32
2614951-2,50,4811.94
2614951-2,51,192.96
2614951-2,52,6074.62
2614951-2,53,311.55
2614951-2,54,603
2614951-2,55,609.03
2614951-2,56,467.33
2614951-2,57,147.74
2614951-2,58,76.88
2614951-2,59,76.88
2614951-2,60,1037.16
2614951-2,61,1157.76
2614951-2,62,326.12
2614951-2,63,738.68
2614951-2,64,1824.08
2614951-2,65,1849.2
2614951-2,66,1391.42
2614951-2,67,276.38
2614951-2,68,916.56
2614951-2,69,450.24
2614951-2,70,563.81
2614951-2,71,611.04
2614951-2,72,442.2
2614951-2,73,104.52
2614951-2,74,56.28
2614951-2,75,287.43
2614951-2,76,128.14
2562461,1,27717.28
2562432,1,15292.8
2562432,2,10195.2
2562432,3,7776
2562432,4,23328
2562432,5,1598.4
2562432,6,9590.4
2562432,7,499.5
2562432,8,2397.6
2562432,9,582
2562432,10,595.5
2562432,11,292.5
2562432,12,292.5
2562407,1,13520
2562407,2,13520
2562407,3,10140
2562407,4,10140
2562407,5,696
2562407,6,696
2562407,7,4746
2562446,1,5660
2562446,2,19662
2562518,1,1487
2562518,2,1487
2562518,3,1487
2562518,4,1487
2562518,5,1487
2562518,6,1487
2562518,7,1487
2562518,8,1487
2562518,9,1487
2562518,10,1487
2562518,11,1487
2562518,12,1487
2562518,13,772.64
2562518,14,772.64
2562518,15,772.64
2562518,16,772.64
2562518,17,772.64
2562518,18,772.64
2562518,19,772.64
2562518,20,772.64
2562518,21,772.64
2562518,22,772.64
105504252,1,51035
105504260,1,18367.05
2614994,1,19686.97
2614994,2,557.01
2614994,3,331.7
2614974,1,9063.8
2614974,2,3136.95
2614974,3,45861.25
2562642,1,84460
2615003,1,2700
2615003,2,2700
2562852,1,1625.95
2562852,2,37.99
2562852,3,81.17
2562852,4,15.36
2562852,5,4560.09
2562852,6,192.6
2562852,1,165.85
2562852,2,28.87
2562852,3,120.19
2562852,4,2.43
2562852,5,1366.9
2562852,6,5362.21
2562852,7,99.36
2562852,8,1715.12
2562852,9,49.92
2562852,10,573.09
2562852,11,3.84
2562852,12,1185.09
2562852,13,11.52
2562852,14,243.86
2562852,15,6.06
2562852,16,80.32
2562852,17,442.42
2562852,18,9.6
2562852,19,5245.52
2562852,20,189.08
2562852,21,7125.1
2562852,22,134.4
2562852,23,80.5
2562852,24,5.5
2562852,25,89.02
2562852,26,0.55
2562852,27,66.8
2562852,28,0.55
2562852,29,61.86
2562852,30,2.75
2562852,31,125.97
2562852,32,3.84
2562852,33,302.13
2562852,34,11.52
2562852,35,2987.95
2562852,36,97.8
2562852,37,864.78
2562852,38,2119.12
2562852,39,21.77
2562852,40,58.68
2562852,41,2195.59
2562852,42,130.4
2562852,43,115.65
2562852,44,3.84
2562852,45,19.9
2562852,46,447.49
2562852,47,18362.38
2562852,48,1319.34
2562852,49,38.4
2562852,50,4065.17
2562852,51,96
2562852,52,102.58
2562852,53,4.01
2562852,54,2045.83
2562852,55,78.3
2562852,56,659.62
2562852,57,31.32
2562852,58,155.74
2562852,59,6.02
2562852,60,8050.89
2562852,61,114
2562852,62,2458.58
2562852,63,216.32
2562852,64,1632.38
2562852,65,1310.34
2562852,66,16.56
2562852,67,19.54
2562852,68,2.82
2562852,69,384.69
2562852,70,7.69
2562852,71,623.39
2562852,72,24.3
2562852,73,138.81
2562852,74,1.92
2562852,75,347.76
2562852,76,3.84
2562852,77,604.92
2562852,78,19.2
2562852,79,4320.62
2562852,80,65.2
2562852,81,1268.92
2562852,82,21.2
2562852,83,111.97
2562852,84,4.24
2562852,85,3573.12
2562852,86,65.2
2562852,87,462.15
2562852,88,42.75
2562852,89,1082.81
2562852,90,156.16
2562852,91,2130.16
2562852,92,386.57
2562852,93,3719.5
2562852,94,119.58
2562852,95,3.84
2562852,96,83.2
2562852,97,2.43
2562852,98,1989.71
2562852,99,97.2
2562852,100,349.42
2562852,101,9.35
2562852,102,922.75
2562852,103,67.86
2562852,104,3938.4
2562852,105,117.36
2562852,106,7620.49
2562852,107,143.44
2562852,1,3465.04
2562852,2,4331.29
2562852,1,134.3
2562852,2,7.52
2562852,3,2.75
2562852,4,3833.17
2562852,5,216.32
2562852,6,1963.57
2562852,7,2461.73
2562852,8,114.21
2562852,9,5963.64
2562852,10,311.04
2562852,11,145.18
2562852,12,17.08
2562852,13,773.41
2562852,14,36.45
2562852,1,1155.29
2562852,2,42.4
2562852,3,20325.43
2562852,4,615.2
2562852,5,2285.92
2562852,6,76.9
2562852,7,1116.75
2562852,8,59.22
2562852,9,2427.26
2562852,10,38.45
2562852,11,226.53
2562852,12,7.69
2562852,1,1516.33
2562852,2,1921.68
2562852,3,62.64
2615056,1,6295.43
4537846,1,1436.15
4537846,2,5419
4537836,1,551.94
4537836,2,570.16
4537836,3,285.48
4537836,4,389.77
4537836,5,6750.44
4537836,6,273.76
4537836,7,178.05
4537836,8,1017.43
4537836,9,4554.13
4537836,10,1892.89
4537836,11,252.91
4537836,12,5556.09
4537836,13,7607.73
4537836,14,1642.23
4537836,15,2670.14
4537836,16,181.06
4537836,17,1966.17
4537836,18,703.61
4537836,19,176.61
4537836,20,1633.74
4537836,21,1335.07
105504189,1,44925
2562125,1,69612.56
2614944,1,1565.62
2614944,2,212
2614944,3,1537
2614944,4,212
2562371,1,17515.15
105504245,1,37760
2562458,1,15119.35
2562458,2,13584.42
2562458,3,26868.71
2562602,1,74513.39
2562602,2,3902.32
2562602,1,74513.39
2562602,2,3902.32
2562602,1,74513.39
2562602,2,3902.32
2562602,1,74513.39
2562602,2,3902.32
2562602,1,74513.39
2562602,2,3902.32
2562602,1,74513.39
2562602,2,3902.32
2562656,1,74513.39
2562656,2,3902.32
2562656,1,74513.39
2562656,2,3902.32
2562420,1,137238.08
105504281,1,31250
2615076,1,22352.91
2615076,1,22824.99
2615076,2,4942.64
2615076,1,10022.98
2615078,1,16764.69
2615078,1,22824.99
2615078,2,4942.64
2562551,1,50433.49
2562581,1,14199.96
2562581,2,4971.32
2562581,3,3906.4
2562581,1,38539.33
2562581,2,12844.48
2562832,1,33551.07
2562832,2,16498.51
2562832,3,9722.19
2562832,4,5499.5
2562832,1,3859.43
2562832,2,1405.56
2562832,1,4220.19
2562832,1,15381.51
2562832,1,38453.78
2562832,1,37.88
2562832,2,46.85
2562832,3,77.19
2562832,4,148.4
2562832,5,149.69
2562832,6,123.92
2562832,7,58.57
2562832,8,70.28
2562832,9,82.81
2562832,10,36.9
2562630,1,68688.22
4537845,1,864.38
4537845,2,505.52
4537845,4,101.94
4537845,3,88.13
4537845,5,7.56
4537838,1,2467.5
2562536,1,22000.8
2614954,1,1950
2614954,2,9560
2614954,3,948.6
2614954,4,2087.02
2614954,5,935.5
2614954,6,4455
2614954,7,5560
2614954,8,1950
2614954,9,23790
2614954,10,3906
2614954,11,4140
2614954,12,16150
2614954,13,1815
2614954,14,3650
2614954,15,8428
2614954,16,3677.7
2614954,17,3441.24
2614954,18,3377
2614954,19,2208
2614954,20,3010
105504253,1,71000
4537819,1,654.28
4537819,2,144.57
4537819,3,144.57
4537819,4,1440.74
4537819,5,212.73
4537819,6,50.77
4537819,7,125.92
4537819,8,54.64
4537819,9,126.46
4537819,10,138.85
4537819,11,709.17
4537819,1,64.9
4537819,2,36.78
4537819,3,769.15
4537819,4,170.56
4537819,5,58.63
4537819,6,119.25
4537819,7,190.29
4537819,8,39.44
105504283,1,95440
2562525,1,81000
2562542,1,78120
2562679,1,9410
2562679,2,12820
105504278,1,46125
105504279,1,42900
2562723,1,33200
105504280,1,58627
105504282,1,94630
2562645-1,1,2128.77
2562645-1,2,6103.4
2562645-2,1,51159.37
2562645-2,2,18614.34
70794473,1,3828.33
4537847,1,14700
4537831,1,222.5
4537831,2,190
4537869,1,2385.37
2562554,1,30750.72
2562554,2,7275.84
2562520,1,10457.65
2562520,2,8137.96
2562520,1,5820.19
2562520,2,18733.23
2562520,1,9478.96
2562520,2,18733.23
2562691,1,26852.6
2562692,1,27074.52
2562710,1,28499.5
2562595,1,9478.96
2562595,2,18733.23
2562595,1,9478.96
2562595,2,18733.23
2562595,1,9589.28
2562595,2,11600.16
2562789,1,104689.2
2615091,1,5171.87
2615091,2,4549.98
2615091,3,4482.88
2615091,4,2682.18
2615091,5,2918.84
2615091,6,1215
2615091,7,1215
2615091,8,1127
2615091,9,359.62
2615091,10,825.6
2615091,11,419.4
2615091,12,473.1
2562843,1,16773.12
2562843,2,16773.12
2562843,3,18698.68
2562843,4,18698.68
2562844,1,962.09
2562844,2,962.09
2562844,3,9726.82
2562844,4,8507.52
2562844,5,15298.92
2562844,6,15298.92
2562844,7,1595.82
2562844,8,170.67
2562844,9,1104.9
2562844,10,9886.24
2562844,11,9886.24
2562845,1,28246.4
2562845,2,28246.4
4537817,1,15482.06
4537817,2,14474.01
4537817,3,4509.26
4537817,4,4257.25
4537837,1,16571.96
4537862,1,1074.24
4537862,2,2819.87
4537862,3,4511.79
4537862,4,4082.1
4537862,5,848.65
4537862,6,848.65
4537862,7,46116.15
4537862,8,1611.35
4537862,9,19905.6
4537862,10,1396.51
4537862,11,3845.77
4537862,12,1715.59
2562427,1,68351.34
2562665,1,48
2562665,2,6266
2562665,3,6334.76
2562665,4,17053.07
2562665,5,153.52
2562665,6,1053.56
2562665,7,3710.4
2562665,8,83.5
2562665,9,5239.99
2562665,10,12486.24
2562489,1,28251.55
2562411,1,38555.74
2614931,1,7047.04
2614931,2,4641
2562632,1,57549.68
2562591,1,44187.5
2562591,2,75750
2562591,3,47200
4537860,1,326.66
4537860,1,994.5
4537860,2,730
4537860,3,994.5
4537860,4,497.25
4537860,1,7519.29
4537860,1,1041.24
4537860,1,141.22
4537860,1,1430.6
4537860,1,321.08
2614936,1,35000
2614936,2,750
2614936,3,1350
2614936,4,675
2562367,1,1787.5
2562367,2,1787.5
2562367,3,2210
2562367,4,1430
2562367,5,8944
2562367,6,832
2562367,7,320
2562367,8,
2562367,9,
2562367,10,
2562367,11,
2562367,12,483
2562367,13,297
2562367,14,2376
2562367,15,2673
2562367,16,2491.2
2562367,17,2745.6
2562367,18,888
2562367,19,2024
2562367,20,1575
2562367,21,2100
2562367,22,518.4
2562367,23,207.9
2562367,24,1224
2562367,25,612
2562367,26,612
2562367,27,204
2562367,28,
2562367,29,10560
2562367,30,
2562367,31,840
2562367,32,210
2562367,33,40
2562367,34,180
2562367,35,297.3
2562367,36,162.5
2562367,37,1920
2562367,38,640
2562367,39,80
2562367,40,100
2562367,41,17
2562367,42,54
2562367,43,280
2562367,44,14.8
2562367,45,4275
2562367,46,1160
2562367,47,3518.4
2562367,48,650
2562367,49,5700
2562367,50,1800
2562367,51,595
2562367,52,1288
2562367,53,94.5
2562367,54,94.5
2562367,55,32.5
2562367,56,1000
2562367,57,187
2562367,58,187
2562367,59,200
2562367,60,1008
2562367,61,315
2562367,62,1624
2562367,63,111
2562367,64,252
2562367,65,60
2562367,66,54
2562367,67,70
2562367,68,240
2562367,69,1000
2562367,70,240
2562367,71,873
2562367,72,100
2562367,73,180
2562367,74,68
2562367,75,184
2562367,76,3520
2562367,77,43008
2562367,78,2100
2562367,79,1750
2562367,80,688
2562367,81,1440
2562367,82,60
2562367,83,112
2562583,1,
2562583,2,18856.32
2562538,1,5982.6
2562538,2,620.88
2562538,3,4003.56
2562538,4,1583.04
2562538,5,315
2562538,6,12285
2562538,7,5033.16
2562538,8,1577.52
2562538,9,29676.84
2562538,10,1481.04
2562538,11,7380
2562538,12,6636
2562538,13,1548
2562538,14,1171.2
2562538,15,580.14
2562538,16,580.14
2562538,17,699
2562538,18,636.48
2562527,1,20800
2614998-1,1,3000
2614998-1,2,2750
2614998-1,3,1800
2614998-1,4,1100
2614998-1,5,1000
2614998-1,6,2200
2614998-1,7,1800
2614998-1,8,4324.5
2614998-1,9,9827
2614998-1,10,18300
2614998-1,11,8604
2614998-2,1,26940
2614998-2,2,8980
2614998-2,3,4490
2614998-2,4,20240
2614998-2,5,10120
2614998-2,6,24192
2614998-2,7,15072.75
2614998-2,8,13440
2614998-2,9,1224
2614998-2,10,4903.2
2614998-2,11,22656
2614998-2,12,15318
2614998-2,13,11400
2614998-2,14,1633.6
2614998-2,15,3030
2562607,1,8490
2562607,2,18120
2562606,1,8814
2562606,2,16308
2562606,3,1812
2562606,4,23556
105504267,1,46760
2562609,1,64469
2562610,1,64469
2562611,1,64469
2615042,1,49813.72
2562614,1,136159.83
2615018,1,23354.67
2615018,2,52249.21
4537815,1,4114.16
2615055,1,11634
2562954,1,183500
4537839,1,5790.89
4537839,2,621.63
4537849,1,4507.02
4537861,1,48.7
4537861,2,48.7
4537861,3,241.03
4537861,4,740.13
4537861,5,409.01
4537861,6,36.52
4537861,7,60.87
4537861,8,1580.08
4537861,9,30.44
4537861,10,258.07
4537861,11,2434.63
4537861,12,423.62
4537861,13,340.85
4537861,14,85.21
4537861,15,387.11
4537861,16,692.65
4537861,17,421.19
4537861,18,450.4
4537861,19,345.72
4537861,20,435.8
4537870,1,2443.03
4537872,1,18919.11
4537872,2,11169.74
4537872,3,941.02
4537872,4,3941.76
4537872,5,203.64
4537872,6,1831.04
4537872,7,470.18
4537872,8,935.18
4537872,9,446.66
4537872,10,1006.83
4537872,11,6486.67
4537872,12,8.23
4537872,13,1361.76
4537872,14,468.86
4537872,15,2134.57
4537872,16,1837.95
4537872,17,4.11
4537872,18,32.16
4537872,19,5641.19
4537872,20,123.39
4537872,21,130.95
4537872,22,427.74
4537872,23,0.99
4537872,24,486.8
4537872,25,3922.84
4537872,26,92.13
4537872,27,2243.97
4537872,28,42.94
4537872,29,477.09
4537872,30,46.72
4537872,31,3078.06
4537872,32,1061.12
4537872,33,0.82
4537873A,1,29636.5
4537857,1,5280
4537857,2,6600
4537857,3,16500
2562677,1,46932.48
2562678,1,46636.47
2615043,1,13543.22
2562553,1,104689.2
2614981,1,
2614981,2,103.95
2614981,3,26.25
2614981,4,187.5
2614981,5,22.5
2614981,6,82.5
2614981,7,105
2614981,8,319
2614981,9,186.06
2614981,10,155
2614981,11,264
2614981,12,382.52
2614981,13,225
2614981,14,3150
2614981,15,4680
2614981,16,4025
2614981,17,328.9
2614981,18,26
2614981,19,85
2614981,20,19
2614981,21,171
2614981,22,128
2614981,23,38.5
2614981,24,33
2562594,1,32130
2562620,1,32130
2615029,1,1864
2562657,1,74513.39
2562657,2,3902.32
2562657,1,74513.39
2562657,2,3902.32
2562685,1,46873.2
2562682,1,10320
2562659,1,22000.8
2562598,1,136400
2562706,1,85498.49
105504288,1,56006
2615058-1,1,8165
2562812,1,181677.38
2562780,1,28499.5
2562786,1,12749.04
2562786,1,12993.97
2562786,1,10685.3
2562786,1,12373.11
2562786,1,28242.78
2562786,1,27300.73
2562870,1,7592.13
2562806,1,33200
2562808,1,33200
2562908,1,11739.2
2562908,2,340.78
2562908,1,10488.05
2562908,2,152
2562908,3,552.67
2562908,4,2230.67
2562908,5,132.48
2562908,6,209.97
2562908,7,44.64
2562908,8,1105.32
2562908,9,363.9
2562908,10,89.28
2562908,1,14417.38
2562908,2,14594.2
2562908,1,5440.67
2562908,2,875.44
2562908,3,26.08
2562908,4,199.49
2562908,5,10.44
2562908,6,3372.16
2562908,7,260.8
2562908,8,3665.52
2562908,9,39.59
2562908,10,65.2
2562908,11,212.52
2562908,12,12.04
2562908,13,260.3
2562908,14,6.52
2562908,15,403.01
2562908,16,8.48
2562908,17,130.72
2562908,18,6.52
2562908,19,5350.51
2562908,20,547.82
2562908,21,16571.8
2562908,22,593.32
2562908,1,3055.07
2562908,2,146.11
2562908,3,2301.95
2562908,4,84.59
2562908,5,3312.87
2562908,6,123.04
2562908,7,561.86
2562908,8,7.69
2562908,9,441.6
2562908,10,15.38
2562908,11,13344.79
2562908,12,228
2562908,13,26689.58
2562908,14,456
2562908,15,71.66
2562908,16,5.22
2562910,1,10959.75
2562910,1,2957.66
2562910,2,93.24
2562910,3,28.76
2562910,4,0.93
2562910,6,4457.94
2562910,5,1.1
2562910,1,1903.02
2562910,2,2029.13
2562910,3,130.4
2562910,4,1187.35
2562910,5,10533.97
2562910,6,358.6
2562910,7,19.98
2562910,8,0.55
2562910,9,234.03
2562910,10,336.1
2562910,11,24.24
2562910,12,251.82
2562910,13,7.68
2562910,14,1767.01
2562910,15,30.72
2562910,16,3865.36
2562910,17,67.2
2562910,18,731.47
2562910,19,245.38
2562910,20,7.69
2562910,21,119.18
2562910,22,252.08
2562910,23,7.68
2562910,24,13597.35
2562910,25,119.39
2562910,26,260.8
2562910,27,218.49
2562910,28,7.69
2562910,29,4156.79
2562910,30,33.12
2562910,31,275.41
2562910,32,5.52
2562910,33,4994.49
2562910,34,145.8
2562910,35,205.41
2562910,36,4.24
2562910,37,885.53
2562910,38,41.76
2562910,39,571.97
2562910,40,6.52
2562910,41,1592.86
2562910,42,19.56
2562910,43,338.43
2562910,44,5.52
2562910,45,202.98
2562910,46,10.26
2562910,47,340.22
2562910,48,15.66
2562910,49,41.33
2562910,50,154.83
2562910,51,12.03
2562910,52,3319.88
2562910,53,7653.93
2562910,54,187.68
2562910,55,4810.66
2562910,56,66.24
2562910,57,447.2
2562910,58,276.69
2562910,59,2.43
2562910,60,735.25
2562910,61,12.15
2562910,62,1116.45
2562910,63,7.68
2562910,64,1130.53
2562910,65,7.68
2562910,66,1127.56
2562910,67,7.68
2562910,68,241.31
2562910,69,4.86
2562910,70,202.76
2562910,71,2
2562910,72,11536.92
2562910,73,122.3
2562910,74,221.68
2562910,75,12853.38
2562910,76,260.8
2562910,77,2982.03
2562910,78,66.24
2562910,79,251.06
2562910,80,7.68
2562910,1,1512.69
2562910,1,3869.35
2562910,2,125.28
2562910,3,1397.98
2562910,1,69.89
2562910,1,317.2
2562910,2,3620.61
2562910,3,5811.52
2562910,4,17.56
2562910,1,78.02
2562910,2,78.02
2562910,3,285.7
2562910,4,9.72
2562910,5,1163.11
2562910,6,42.4
2562910,7,5499.45
2562910,8,169.2
2562910,9,1543.97
2562910,10,25.44
2562910,11,6400.79
2562910,12,253.8
2562910,13,172.14
2562910,14,4.24
2562910,15,206.57
2562910,16,4.24
2562910,17,365.33
2562910,18,8.48
2562910,19,95.79
2562910,20,8.02
2562918,1,62012.74
2562918,2,3368.16
2562918,1,13007.18
2562918,1,41341.83
2562918,1,103354.56
2562918,1,90083.84
2562906,1,49831.69
2562906,1,50017.23
2562836,1,86303.7
2615100,1,1071.4
2615100,2,1034.73
2615100,3,1644.73
2615100,4,2124.6
2615100,5,2061.79
2615100,6,1965.04
2615100,7,2061.79
2615100,1,6853.46
2615100,2,7042.51
2562903,1,36007.91
2562955,1,21024.16
4537879,1,5355
4537859,1,90
4537859,2,4
4537859,3,5
4537859,4,10
4537859,5,10
4537859,6,150
4537859,7,20
4537859,8,100
4537859,9,120
4537859,10,90
4537859,11,400
4537859,12,1000
2562568,1,26510.53
2615068,1,9375.12
105504294,1,55016
4537888,1,39963.56
2562631,1,135321.89
2615070,1,107500
4537889,1,14116.14
4537889,2,1133.76
4537889,3,61.75
2562663,1,70081.26
2562664,1,6113.04
2562664,1,7266.97
2562664,2,58333.59
2562674,1,22490.91
2562675,1,44616.2
2562675,1,9787
2562733,1,69157.26
2562957,1,69858.93
4537848,1,134652.99
2615057,1,7936.56
4537855,1,1475.96
2562673,1,7434.43
2562372,1,15721.31
2562372,1,46554.1
2562372,2,28805.33
2562372,3,36775.94
2562372,4,20884.08
2562372,5,5599.15
2562585,1,14968.8
2562669,1,64469
2562670,1,64469
2562671,1,64469
2615034,1,72318.8
2562824,1,52763.98
2562824,1,42029.74
2562824,1,8331.15
2562824,1,68044.97
2562824,1,21014.87
4537832,1,1489.75
2562616,1,48385.65
2562899,1,16102.39
2562899,2,7715.92
2562899,1,12472.8
2562899,2,4623.14
2562899,1,19127.02
2562899,2,3667.56
2562899,1,36536.7
2562899,2,7638
2562899,1,20241.49
2562899,2,4870.94
2562901,1,38215.49
2562797,1,54155.92
2562797,1,7599.18
2562797,2,5467.94
2562797,3,972.93
2562797,4,24947.41
2562797,5,6443.58
2562797,1,24947.41
2562797,2,5066.12
2562797,3,2187.18
2562797,4,17512.78
2562797,1,54155.92
2562797,1,21060.63
2562797,1,22452.67
2562797,2,2915.89
2562797,3,3091.17
2562797,4,1266.53
2562797,5,1459.6
2562847,1,54155.92
2562847,1,19957.93
2562847,2,5467.94
2562847,3,3091.17
2562847,4,1457.94
2562847,5,2189.41
2562847,6,7783.46
2562847,7,8416.82
2562847,1,23284.25
2562847,2,1945.86
2562847,3,7599.18
2562847,4,7655.12
2562847,5,7289.73
2562847,1,44127.04
2562847,1,3221.79
2562847,1,31600.05
2562847,2,7783.46
2562847,3,2915.89
2615123,1,600
2562688,1,136375.89
2562689,1,137149.06
4537863,1,409.64
4537863,2,441.77
4537863,3,409.64
4537863,4,441.77
4537863,5,734.72
4537863,6,1165.69
4537863,7,1323.49
4537863,8,406.43
2614997,1,3305.36
2614997,2,39500
2614997,3,4774.76
2614997,4,480
2614997,5,3192
2614997,6,858
2562849,1,124489.66
2562779,1,13280
2615069,1,7092.93
2615071,1,1058.02
2615072,1,12190.97
2562953,1,6054.32
2562953,1,2043.38
2562953,1,5016.85
2562953,1,5295.98
2562953,1,25496.18
2562953,1,1950.28
2562953,2,2514.71
2562953,3,1208.64
2562953,4,2103.48
2562953,5,1472.05
2562953,6,1136.05
2562953,7,1870.41
2562953,8,2705.39
2562953,9,314.87
2562953,10,2450.11
2562953,11,1876.52
2562953,12,5997.26
2562953,1,22632.39
2562953,1,839.88
2562953,2,2957.43
2562953,3,1827.92
2562953,4,1969.5
2562953,1,23503.43
2562953,1,198.25
2562953,1,41431.76
2562953,1,23095.11
2562953,1,16937.62
2562953,1,58489.34
2562953,1,29027.5
2562953,2,6674
2562953,1,1776.72
2562953,1,1915.82
2562953,1,2002.9
2562953,1,2553.03
2562953,1,6037.72
2562953,1,4540.13
2562953,1,9474.58
2562953,1,3096.42
2562953,1,7547.15
2562953,1,2187.98
2562953,1,4347.16
2562953,1,1828.73
2562953,1,1246.79
2562953,1,9087.79
4537852,1,735
2562977,1,280561.46
4537883,1,716.5
4537853,1,13718.54
4537854,1,87552.58
4537874,1,1751.6
2615114,1,6295.43
4537900,1,988.4
4537900,1,135.26
4537900,1,100577.4
4537900,1,2392
4537900,1,151.12
2562409,1,21458.32
2562409,2,21458.32
2562409,3,1823.96
2562409,4,
2562409,1,
2562409,2,
2562409,3,
105504272,1,49690
105504274,1,26900
2562615,1,136013.45
105504292,1,62841
2562643,1,42608.51
2562643,1,3808.19
2562643,2,7582.79
2562643,3,16801.11
2562644,1,16165.52
2562644,2,33304.45
2562644,3,2421.96
2562975,1,8118.24
2562975,2,3047.8
2562975,3,64364.1
2562975,4,15782.41
2562975,5,337.76
2562975,6,8805.02
2562975,7,4173.76
2562975,8,3169.5
2562975,9,473.04
2562975,10,379.1
2562975,11,3349.35
2562975,12,8275.82
2562975,13,3349.35
2562975,14,8920.61
2562975,15,675.19
2562975,16,3993.16
2562975,17,1892.16
2562975,18,1892.16
2562975,19,5017.47
2562975,20,5017.47
2562975,21,22236.8
2562975,22,2785.56
2562975,23,12413.52
2562975,24,3993.16
2562975,25,1876.62
2562975,26,4173.76
2562975,27,1651.2
2562975,28,9255.58
2562975,29,2345.2
2562975,30,2782.35
2562975,31,2683.2
2562975,32,4689.6
2562975,33,11182.08
2562975,34,11182.08
2562672,1,7854.35
2562672,1,4420.86
2562672,2,5887.59
2562672,3,38303.28
2562672,4,8286.55
2562921,1,15535.52
2562921,2,15535.52
2562921,1,9886.24
2562921,2,9886.24
2562922,1,1104.53
2562922,2,1104.53
2562922,3,10572.58
2562922,4,11184.43
2562922,5,940.61
2562922,6,940.61
2562922,7,1924.18
2562922,8,1924.18
2562922,9,17015.04
2562922,10,8510.4
2562922,11,52219.8
2562922,12,660.08
2562922,13,15419.6
2562922,14,406.87
2562922,15,1606.06
2562922,16,3282.15
2562922,17,1871.42
2562922,18,1158.3
2562922,19,192.5
2562922,20,14123.2
2562922,21,14123.2
105504184,1,57950
105504257,1,46000
105504266,1,56740
2615026,1,2553.57
2615026,2,369.6
2615026,3,74.88
2615026,4,116.95
2615026,5,56.05
105504293,1,44042
2562831,1,25599.31
2562831,1,4919.46
2562798,1,7357.41
2562798,2,13488.58
2562798,3,2088.61
2562798,1,4246.14
2562798,2,2123.07
2562798,3,3193.68
2562798,1,14898.48
2562798,2,8762.04
4537892,1,1104
4537892,2,3424.75
4537891,1,19796.66
4537891,2,31815.22
4537891,3,245.99
4537891,4,14079.06
4537891,5,1574.36
4537891,6,491.99
4537891,7,13365.67
4537891,8,2459.94
4537891,9,13324.68
4537891,10,819.98
4537891,11,368.99
2562193,1,44547.5
2614964,1,8384
2562508,1,38467.1
2562508,1,32278.13
2562579,1,
2562579,2,
2614999,1,4250
2562547,1,7870.59
2562547,2,7430.31
2562547,3,11031.62
2562547,4,7795.63
2562547,5,472.27
2562547,6,15604.36
2562547,7,2333.37
2562547,8,2333.37
2562547,9,1753.05
2562547,10,8994.05
2562547,11,9224.67
2562547,12,5803.2
2562547,13,7465.58
2562547,14,9276.05
2562547,15,3702.56
2562547,16,2936.96
2562547,17,5232.96
2562547,18,350.61
2562547,19,1401.43
2562547,20,2285.01
2562547,21,9021.16
2562547,22,3615.92
2562547,23,1286.68
2562547,24,5883.8
2562547,25,7430.31
2562547,26,3526.25
2562547,27,4974.53
2562547,28,13853.13
105504273,1,100060
2615006-1,1,4243.54
2615006-1,2,1695.6
2615006-1,3,710.88
2615006-1,4,2698.05
2615006-1,5,2599.32
2615006-1,6,1429.63
2615006-1,7,1088.09
2615006-1,8,321.39
2615006-1,9,1926.82
2615006-1,10,1945.71
2615006-1,11,1537.43
2615006-1,12,977.26
2615006-1,13,695.17
2615006-1,14,628.67
2615006-1,15,628.67
2615006-1,16,3216.71
2615006-1,17,163.72
2615006-1,18,3889.91
2615006-1,19,3889.91
2615006-1,20,54.4
2615006-2,1,1230.12
2615006-2,2,832.14
2615006-2,3,832.14
2615006-2,4,195.98
2615006-2,5,2773.8
2615006-2,6,2462.25
2615006-2,7,2462.25
2615006-2,8,2462.25
2615006-2,9,640.69
2615006-2,10,919.58
2615006-2,11,2351.7
2615006-2,12,706.52
2615006-2,13,437.18
2615006-2,14,437.18
2615006-2,15,1319.06
2615006-2,16,648.23
2615006-2,17,648.23
2615006-2,18,1519.56
2615006-2,19,482.4
2615006-2,20,482.4
2615006-2,21,341.7
2615006-2,22,341.7
2615006-2,23,1238.66
2615006-2,24,1238.66
2615006-2,25,120.6
2615006-2,26,4403.91
2615006-2,27,64.32
2615006-2,28,5429.71
2615006-2,29,478.38
2615006-2,30,708.53
2615006-2,31,684.91
2615006-2,32,382.91
2615006-2,33,3185.85
2615006-2,34,2170.8
2615006-2,35,385.92
2615006-2,36,1105.5
2615006-2,37,482.4
2615006-2,38,482.4
2615006-2,39,464.31
2615006-2,40,464.31
2615006-2,41,2593.91
2562722,1,17600.64
2562716,1,10649.7
2562716,2,9366.61
2562662,1,7276.99
2562662,2,11600.16
2562662,1,9478.96
2562662,2,18733.23
2562662,1,9478.96
2562662,2,18733.23
2562662,1,5423.18
2562662,2,11600.16
2562666,1,56046.11
2562587,1,38748.6
2562635,1,6442.92
2562523,1,29869.36
2562792,1,27669.6
2562714,1,3382.65
2562714,2,17499.59
2562714,3,691.77
2562714,4,884.91
2562714,5,3267.91
2562804,1,56147.48
2562962,1,216655.35
2562764,1,34031.25
2562764,1,14157
2562764,1,18145.06
2562764,1,7370
2562764,1,25482.6
2562833,1,28499.5
2615073,1,449.73
2615073,2,614.86
2615073,3,116.44
2615073,4,3111.32
2615073,5,2918.84
2615073,6,1215
2615073,7,1215
2615073,8,1127.76
2562641,1,85498.49
2562862,1,104420.62
2562862,2,39561.83
2562862,3,29618.28
2562862,4,22637.73
2562862,5,14249.5
2562862,6,12954.11
2562862,7,4574.38
2562762,1,21115
4537866,1,1153.66
4537899,1,433
4537864,1,209.36
4537865,1,19.39
4537865,2,209.36
4537865,3,209.36
4537865,4,25.2
4537898,1,449.82
4537898,2,368.52
4537898,3,5024.7
4537898,4,1147.97
4537898,7,556.42
4537898,8,52.71
4537898,9,26.36
4537898,6,1170.58
4537898,5,1730.63
4537898,1,287.29
4537906,1,282.1
4537906,2,60.5
4537906,3,30.4
4537906,4,30
4537906,5,260.9
4537906,6,50.8
4537906,7,35.5
2562584,1,1989
2562697,1,17600.64
4537912,1,944.37
4537912,2,4600.77
4537912,3,774.87
4537907,1,345
2562965,1,21862.37
4537885,1,183567.66
4537885,2,424.34
2615111,1,13566
2562676,1,33570.11
2562676,1,17425.89
2562676,2,8159.06
4537842,1,2666.5
2562912,1,8565.28
2562912,1,8729.83
2562912,1,33205.44
2562912,1,32097.86
2562912,1,4888.51
2562912,1,32862.95
2562912,1,15092.4
2562912,1,18712
4537880,1,20936.04
4537880,2,1354.97
4537880,3,14.11
4537880,4,43.76
4537880,5,768.02
4537880,6,16.51
4537880,7,273.17
4537880,8,68.01
4537880,9,2.99
4537880,10,40.43
2562937,1,7592.13
4537813,1,605.49
4537902,1,1390.48
4537902,2,696.44
4537902,3,1623.42
4537902,4,497.11
4537902,5,3784.78
4537902,6,407.06
4537902,7,814.11
4537902,8,2478.36
4537902,9,2478.36
4537902,10,441.88
4537902,11,216.14
4537902,12,441.88
4537902,13,459.89
4537902,14,1621.02
4537902,15,48.03
4537902,16,160.9
4537902,17,662.81
4537902,18,389.04
4537902,19,417.87
4537902,20,389.04
4537902,21,216.14
4537902,22,108.07
4537904,1,138909.6
4537901,1,3332.1
4537827,1,400
4537915,1,5191.63
4537915,3,62.64
4537915,2,165.88
2562690,1,29978.55
2615080,1,150
2615080,2,750
2615080,3,450
2615080,4,150
105504276,1,52742
105504290,1,56857
2563156,1,52018.75
2563156,2,625
2562728,1,89011.89
2562787,1,11616.37
2562787,1,6968.77
2562787,1,13471.82
2562787,1,1700.73
4537905,1,9346.75
4537896,1,3948
2562734,1,64902.35
2562693,1,98230
2562693,2,121561.65
2562693,3,8218.35
2615049,1,4125
4537878,1,16356.35
2562835,1,26172.3
2562871,1,85049.43
2562861,1,62760.28
2615094,1,20447.09
2615099,1,44004.28
2615099,2,3044.32
2562988,1,4815.56
2562988,2,3556.32
2562988,3,4743.29
2562988,4,1938.92
2562988,5,9328.47
2562990,1,30646.61
2562990,2,6557.06
2562990,1,1462.01
2562991,1,28694.53
2562991,1,5603.11
2562991,1,687.5
2562948,1,638.67
2562948,2,728.34
2562948,3,747.24
2562948,4,977.16
2562948,1,3182.51
2562948,2,85.05
2562948,3,4546.45
2562948,4,121.5
2562948,1,28615.08
2562948,2,14483.01
2562948,3,14483.01
2562948,4,4827.67
2562948,1,120.4
2562948,2,4.24
2562948,3,6654.08
2562948,4,92.28
2562948,5,2215.54
2562948,6,92.28
2562948,7,1796.84
2562948,8,61.52
2562948,9,507.18
2562948,10,8.28
2562948,11,225.53
2562948,12,8.28
2562948,13,17655.17
2562948,14,304
2562948,15,245.95
2562948,16,4.24
2562948,17,334.61
2562948,18,30.76
2562948,19,26482.77
2562948,20,456
2562948,21,4413.8
2562948,22,76
2562948,23,7737.96
2562948,24,338.4
2562948,25,1696.17
2562948,26,76.9
2562948,27,562.28
2562948,28,25.44
2562948,29,272.82
2562948,30,8.46
2562949,1,4218.69
2562949,2,61.29
2562949,3,7893.06
2562949,4,122.59
2562949,1,104.17
2562949,2,20.16
2562949,1,52.07
2562949,2,10.08
2562949,1,564.5
2562949,2,157.8
2562949,3,53.37
2562949,4,4.01
2562949,5,125.26
2562949,6,8.96
2562949,7,240.62
2562949,8,10.44
2562949,9,463.23
2562949,10,10.44
2562949,11,256.13
2562949,12,2.43
2562949,13,284.02
2562949,14,4.86
2562949,15,178.58
2562949,16,2.43
2562949,17,4284.14
2562949,18,45.64
2562949,19,532.71
2562949,20,6.52
2562949,21,2544.65
2562949,22,537.73
2562949,23,6.52
2562949,24,238.94
2562949,25,6.52
2562949,26,5315.57
2562949,27,296.8
2562949,28,527.53
2562949,29,6.52
2562949,30,158.35
2562949,31,5.22
2562949,32,479.99
2562949,33,5.22
2562949,34,298.55
2562949,35,15.66
2562949,36,537.97
2562949,37,25.44
2562949,38,3031.78
2562949,39,127.2
2562949,40,4393.58
2562949,41,1082.25
2562949,42,15.38
2562949,43,205.17
2562949,44,5.52
2562949,45,864.66
2562949,46,11.04
2562949,47,432.32
2562949,48,5.52
2562949,49,584.88
2562949,50,11.04
2562949,51,8283.87
2562949,52,77.28
2562949,53,1542.82
2562949,54,22.08
2562949,55,4045.67
2562949,56,2470.09
2562949,57,216.32
2562949,59,70.5
2562949,60,1022.99
2562949,61,902.8
2562949,62,13.04
2562949,63,59.17
2562949,64,2.19
2562949,65,3302.61
2562949,66,33.41
2562949,67,38.64
2562949,68,766.01
2562949,69,11.04
2562949,70,837.55
2562949,71,11.04
2562949,72,3257.66
2562949,73,152.64
2562949,74,299.12
2562949,75,8.46
2562949,76,194.9
2562949,77,4.86
2562949,78,335.3
2562949,79,24.24
2562949,80,943.35
2562949,81,78.34
2562949,82,35.96
2562949,83,265.01
2562949,84,7.29
2562949,85,19853.74
2562949,86,427.6
2562949,87,368.59
2562949,88,1877.92
2562949,89,61.52
2562949,90,1649.02
2562949,91,52.2
2562949,92,690.85
2562949,93,15.66
2562949,94,10192.71
2562949,95,132.48
2562949,96,2054.98
2562949,97,78.3
2562949,98,1015.79
2562949,99,16.56
2562949,100,435.95
2562949,101,15.38
2562949,102,4194.49
2562949,103,147.2
2562949,104,567.56
2562949,105,6.52
2562949,106,11370.64
2562949,107,82.24
2562949,108,296.1
2562949,109,334.21
2562949,110,9.6
2562949,111,3973.95
2562949,112,10.94
2562949,113,65.2
2562949,114,55.5
2562949,115,1962.15
2562949,116,48.6
2562949,58,1225.1
2562949,1,15817.48
2562949,2,614.4
2562949,3,1716.81
2562949,4,46.08
2562949,5,604.96
2562949,6,70.18
2562949,7,175.52
2562949,8,10.14
2562949,9,4815.3
2562949,10,199.68
2562949,11,423.96
2562949,13,7984.62
2562949,14,245.76
2562949,1,172.49
2562949,2,30.24
2562949,1,1484.39
2562949,2,316.48
2562949,3,12902.42
2562949,4,1433.6
2562949,1,662.57
2562949,2,19.2
2562949,1,3470.11
2562949,2,169.6
2562900,1,252390.9
2562900,2,14552
2562900,3,129602.72
2562900,1,149551.35
2562900,2,14870
2562900,1,20868.43
2562900,2,2344
2562900,3,83951.6
2615106,1,42400
2615102,1,22450.28
2615102,1,22687.37
2615102,2,5201.22
2615102,1,10066.64
2615103,1,16837.71
2615103,1,22687.37
2615103,2,5201.22
4537895,1,1803.29
4537886,1,2817
2562661,1,30132
2562661,2,4126.2
2562661,3,92.04
2562661,4,17270.4
2562661,5,1146.24
2562661,6,1497.36
2562661,7,884.52
2562661,8,15498
2562715,1,42230
105504324,1,1000
105504325,1,800
2562738,1,43662.16
2562739,1,36465.21
2562739,2,24193.8
2562822,1,27074.52
2562735-1,1,15756.99
2562735-1,2,3478.38
2562735-2,1,41288.58
2562735-2,2,18220.21
2562767,1,46540.41
2562730,1,1802.85
2562730,2,13163.82
2562730,3,429.48
2562730,4,739.89
2562730,5,597.95
2562730,6,837.52
2562730,7,1293.65
2562730,8,5914.15
2562730,9,248.39
2562730,10,3354.31
2562730,11,104.16
2562730,12,476.75
2562730,13,591.34
2562730,14,2431.85
2562730,15,1675.05
2562730,16,428.36
2562730,17,525.63
2562730,18,165.26
2562730,19,854.55
2562730,20,2463.9
2562730,21,525.63
2562730,22,487.17
2562730,23,330.52
2562730,24,784.6
2562730,25,1622.97
2562730,26,390.62
2562730,27,2098.52
2562730,28,259.11
2562730,29,233.65
2562730,30,2989.73
2562730,31,885.8
2562730,32,560.39
2562730,33,2711.49
2562730,34,255.6
2562730,35,1923.44
2562730,36,3115.45
2562730,37,2703.08
2562730,38,346.95
2562730,39,255.6
2562730,40,525.63
2562730,41,243.59
2562730,42,594.94
2562730,43,2781.2
2562730,44,8630.83
2562730,45,525.63
2562730,46,663.45
2562730,47,388.61
2562730,48,312.49
2562730,49,330.52
2562730,50,190.7
2562730,51,2118.35
2562730,52,716.13
2562730,53,1607.42
2562730,54,7.44
2562730,55,3405.39
2562730,56,340.54
2562730,57,876.39
2562730,58,2284.85
2562730,59,4.29
2562730,60,1388.2
2562752,1,46288.34
2615092,1,1134.91
2615093,1,667.96
2615098,1,31494.84
2615098,1,6298.97
2615098,1,6298.97
2615098,1,3699.31
2562757,1,9511.65
2562757,2,8798.12
2562758,1,10654.3
2562759,1,25020.93
4537903,1,2896.45
4537938,1,584.22
4537938,2,2197.78
2562548,1,5350
2562369,1,36608
2562647,1,16980
2562647,2,8814
2562647,3,944
2562647,4,436.6
2562647,5,4824
2562647,6,536
2562647,7,3660
2562647,8,16950
2562647,9,15704
2562647,10,9248
2562647,11,1356
2562647,12,5352.25
2562647,13,20340
2562648,1,3465.28
2562648,2,3465.28
2562648,3,1242.06
2562648,4,1242.06
2562648,5,294.58
2562648,6,294.58
2562648,7,5382.26
2562648,8,5382.26
2562648,9,701.64
2562648,10,701.64
2562648,11,583.16
2562648,12,583.16
2562648,13,373.9
2562648,14,373.9
2562648,15,2101.76
2562648,16,256.36
2562648,17,7514
2562648,18,6806.8
2562648,19,2544
2562648,20,9457.68
2562648,21,9089.6
2562619,1,20740.55
2562619,2,2962.94
2562619,3,17729.53
2562619,4,17729.53
2562619,5,
2562619,6,
2562619,1,21962.51
2562619,2,18825.01
2562619,3,17413.04
2562619,4,
2562619,5,
2562814,1,1380
2562814,2,17461.28
2562814,3,7234.6
2562814,4,2496
2562815,1,93319.6
2562815,2,13828.6
2562859,1,1181.41
2562859,2,2731.15
2562859,3,9135.36
2562859,4,1181.41
2562859,5,1012.17
2562859,6,2731.15
2562859,7,8701.87
2562859,8,8946.11
2562859,9,3942.48
2562859,10,791.61
2562859,11,662.11
2562859,12,1499.96
2562859,13,21982.62
2562859,14,2119.99
2562859,15,4747.39
2562859,16,2710.17
2562859,17,8678.32
2562859,18,3208.95
2562667,1,38301.12
105504296,1,39140
105504299,1,30250
2615033,1,3810.4
2562968,1,169428.98
2562885,1,41760
4537884,1,353
4537930,1,860.17
4537930,2,144.37
4537930,3,1257.17
4537930,4,502.87
4537930,5,1304.09
4537930,6,2401.25
4537930,7,156.39
4537930,8,76.99
4537930,9,57.74
4537930,10,32.48
4537930,11,19.24
4537930,12,1843.04
4537930,13,623.17
4537930,14,4691.82
2562771,1,35844.28
2562725,1,51014.34
2562725,1,37444.86
2562732,1,80740.24
2562732,1,4876.18
2562744,1,64469
2562745,1,64469
2562746,1,64469
4537933,1,4221.68
4537933,2,325.32
4537933,3,448.89
4537933,4,493.63
4537933,5,65.82
4537933,6,129.28
4537933,7,246.81
4537933,8,211.55
4537933,9,56.41
4537933,10,55.53
4537933,11,70.68
4537933,12,566.49
4537933,13,86.03
4537933,14,420.17
4537933,15,3494.17
4537933,16,1070.44
4537933,17,4047.73
4537933,1,4154.69
4537933,2,577.66
4537933,3,2501.04
4537933,1,345.44
4537933,2,341.31
4537933,3,3656.36
4537936,1,493.63
4537916,1,21450
4537945,1,16155
4537947,1,652.2
2562490,1,28800
2615031,1,33000
4537816,1,3695.66
4537816,2,739.13
4537816,3,739.13
2562941,1,
2562726,1,43944.51
2562731,1,16892.55
2562731,2,58545.17
2562760,1,15475.76
2562760,1,7005.52
2562760,2,3107.93
2562760,1,19160.17
2562760,2,18478.09
2562823,1,33845.5
2562846,1,22000.8
2562866,1,25092
2562866,2,
2562866,3,
4537908,1,46656
4537908,2,5184
4537908,3,1728
4537911,1,124.76
4537911,2,121.13
4537911,3,73.16
4537911,4,715.83
4537911,5,84.83
4537911,1,55.04
4537911,2,341.64
4537911,1,391.95
4537911,1,296.01
4537911,2,312.88
4537911,3,312.88
4537911,4,312.88
4537911,1,11.71
4537911,2,20.48
4537911,3,14.33
4537911,1,1173.04
4537911,2,294.84
4537911,1,832.08
4537911,1,573.3
4537911,2,175.5
4537911,3,45.6
4537911,4,585
4537911,5,234
4537911,7,53
4537911,8,4621.5
4537911,6,585
4537911,1,8539.88
4537911,2,9048.31
4537911,1,1594.32
4537911,1,38.61
4537911,1,90.09
4537911,2,472.68
4537911,3,136.89
4537911,1,211.65
4537911,1,227.99
4537911,1,585
4537911,1,585
4537934,1,40.11
4537934,2,35730.51
4537934,3,7965.84
4537928,1,20796.3
4537910,1,26600
4537922,1,98.98
4537922,2,12.55
4537922,3,68.25
4537922,4,138.11
4537932,1,3014.75
4537951,1,2578.72
4537951,2,48.02
4537951,3,2623.55
4537953,1,1774.7
4537953,2,831.72
4537953,3,2356.38
4537955,1,7443.89
261506511,1,16523.5
261506511,2,30
261506511,3,22
261506514,1,8719.35
261506514,2,303.45
261506512,1,1212.86
261506512,2,9981.31
261506512,3,1395.79
2615012,1,14845.87
2615012,2,11779.45
2562796,1,85498.49
2615065-1,1,8335.05
2615065-1,2,8335.05
2615065-4,1,13960.55
2562795,1,17600.64
2615095-2,4,10.45
2615095-2,20,29.09
2615095-2,13,813.2
2615095-2,14,312.77
2615095-2,8,22.67
2615095-2,16,23.58
2615095-2,9,53.22
2615095-2,26,199.72
2615095-2,2,697.72
2615095-2,12,384.95
2615095-2,7,344.53
2615095-2,10,491.67
2615095-2,15,992.2
2615095-2,19,51.41
2615095-2,22,176.84
2615095-2,24,83.95
2615095-2,11,238.19
2615095-2,23,173.48
2615095-2,27,80.84
2615095-2,1,39.8
2615095-2,18,60.15
2615095-2,17,18.98
2615095-2,3,24.54
2615095-2,5,58.83
2615095-2,6,35.73
2615095-2,21,77.96
2615095-2,25,22.14
2615075-1,1,163.8
2615075-1,2,644.99
2615075-1,3,17.98
2615075-1,4,98.5
2615075-1,5,342.03
2615075-1,6,1026.11
2615075-1,7,3.7
2615075-1,8,15.22
2615075-1,9,32.4
2615075-1,10,114.35
2615075-1,11,663.15
2615075-1,12,44.61
2615075-1,13,252.75
2615075-1,14,133.89
2615075-1,15,123.6
2615075-1,16,140.21
2615075-1,17,28.25
2615075-1,18,82.55
2615075-1,19,27.93
2615075-1,20,14.98
2615075-1,21,91.73
2615075-1,22,53.1
2615075-1,23,1822.08
2615075-1,24,33.99
2615075-1,25,162.46
2615075-1,26,386.62
2615075-1,27,1396.14
2615075-1,28,109.46
2615075-1,29,145.86
2615075-1,30,663.15
2615075-1,31,50.43
2615075-1,32,52.21
2615075-1,1,152.8
2615075-1,1,220.98
2615075-1,2,70.08
2615075-1,3,388.21
2615075-1,1,17.13
2615075-1,1,178.61
2615075-1,2,469.11
2615075-1,3,59.28
2615075-1,4,137.89
2615075-1,5,22.54
2615075-1,6,173.76
2615075-1,7,330.2
2615075-1,8,63.41
2615075-1,9,195.03
2615075-1,10,434.49
2615075-1,1,602.85
2615075-1,1,88.77
2615075-1,2,145.09
2615075-1,3,105.25
2615075-1,4,57.76
2615075-1,5,26.43
2615075-1,6,437.14
2615075-1,7,141.82
2615075-1,8,677.05
2615075-1,9,161.87
2615075-1,10,21.54
2615075-1,11,391.54
2615075-1,12,248.83
2615075-1,13,11.14
2615075-1,14,137.88
2615075-1,15,221.39
2615075-1,16,58.07
2615075-1,17,667.39
2615075-1,18,163.47
2615075-1,19,96.9
2615075-1,20,172.79
2615075-1,21,117.39
2615075-1,22,131.14
2615075-1,23,164.53
2615075-1,24,76.66
2615075-1,25,431.9
2615075-1,26,32.18
2615075-1,27,89.16
2615075-1,28,302.33
2615075-1,29,460.09
2615075-1,30,81.87
2615075-1,31,87.15
2615075-1,32,151.98
2615075-1,33,122.92
2615075-1,34,276.53
2615075-1,35,280.39
2615075-1,1,13.79
2615075-1,2,136.14
2615075-1,3,820.41
2615075-1,4,1227.7
2615075-1,1,40.69
2615075-1,2,109.36
2615075-1,3,414.7
2615075-1,4,180.96
2615075-1,5,279.77
2615075-1,6,243.19
2615075-1,7,82.34
2615075-1,8,282.93
2615075-1,9,74.2
2615075-1,10,1520.58
2615075-1,11,27.83
2615075-1,12,96.36
2615075-1,13,828.8
2615075-1,14,163.44
2615075-1,15,18.91
2615075-1,16,766.59
2615075-1,17,107.41
2615075-1,18,475.02
2615075-1,19,650.95
2615075-1,20,42.6
2615075-1,21,341.36
2615075-1,22,71.93
2615075-1,23,89.82
2615075-1,24,238.55
2615075-1,25,76.48
2615075-1,26,65.59
2615075-1,1,697.52
2615075-1,1,217.44
2615075-1,1,219.73
2615075-1,2,322.5
2615075-1,1,394
2615075-1,2,395.57
2615075-1,3,139.85
2615075-1,1,60.41
2615075-1,2,18.5
2615075-1,3,23.34
2615075-1,4,91.36
2615075-1,1,9.4
2615075-1,2,37.2
2615075-1,3,27.9
2615075-1,4,167.13
2615075-1,5,132
2615075-1,6,278.28
2615075-1,7,135.25
2615075-1,8,262.8
2615075-1,9,19.5
2615075-1,10,320.4
2562809,1,50268
2562810,1,56008.3
2562826,1,79938.35
2562826,2,36968.2
2562826,3,15154.35
2562826,4,10021.34
2562826,5,28329.7
105504300,1,87265
2615065-2,1,50469.75
2615065-3,1,65441.25
2615065-3,2,20525.76
2615065-7,1,33648.75
2615065-8,1,45812.25
261506510,1,5951.7
105504302,1,74101
105504303,1,13728
105504303,1,13728
105504303,1,1065.29
105504303,2,1643.24
105504303,3,480.48
2615065-9,1,13269.39
2615065-9,2,4019.52
2615065-9,3,2751.82
2615065-9,4,7120.12
2615065-9,5,12200.89
2615065-9,6,41157.03
2615065-9,7,6988.68
2615065-9,8,6552.73
2615065-9,9,1513.8
2615065-9,10,2644.92
2615065-9,11,91.66
2615065-9,12,410.72
2615095-1,1,125925.5
2615095-7,1,48453.79
2615095-8,1,13119.68
2615095-8,2,13119.68
2615075-3,1,101120.22
2615075-3,2,11664.37
2615095-3,1,3319.12
2615095-3,2,93814.99
2615095-3,3,1999.47
2615095-3,4,3119.17
2615095-6,1,72173.9
2615095-5,1,7251.86
2615075-7,1,8624.4
2615075-7,2,2017
105504311,1,12888.82
2562802,1,73342.12
2615104,1,20625
2562940,1,32012.4
2562981,1,12528.78
2562981,1,8606.29
2562981,1,8771.63
2562981,1,33364.44
2562981,1,32251.56
2562981,1,10819.73
2563013,1,7592.13
2562996,1,92282.45
2563025,1,54976.46
2563025,1,33767.2
2563025,2,4938.37
2563025,3,4440.11
2563025,1,54976.46
2563025,1,25452.06
2563025,1,24481.22
2563025,1,1488.93
2563025,2,10130.16
2563025,3,6276.02
2563025,4,9000.04
2563025,5,5550.79
2563025,6,14815.1
2563025,7,2960.07
2563025,8,3270.6
2563006,1,66359.6
2563006,2,33209.67
2563006,3,3812
2563006,1,19343.66
2563006,2,1612
2563006,3,8382.27
2615128,1,17390.53
2615128,2,17390.53
2615128,3,21044.8
4537881,1,564.5
2562753,1,93982.18
4537921,1,6592.88
4537921,2,4420.88
4537921,3,60.04
4537921,4,288.2
4537921,5,108.08
4537921,6,304.21
4537921,7,1626.15
4537921,8,60.04
4537921,9,680.48
4537921,10,252.18
4537921,16,148.19
4537921,11,1901.34
4537921,12,200.14
4537921,13,118.48
4537921,14,177.07
4537921,15,1063.81
4537921,17,83.98
4537931,1,34688.62
4537909,1,1260
2562972,1,89543.37
4537939,1,1437.36
4537939,2,34540.64
4537939,3,34540.64
4537939,4,13961.25
4537939,5,27922.5
4537964,1,27079.01
2562646,1,36608
2615059,1,17560.79
2615066,1,43500
2562799,1,64469
2562800,1,64469
2562801,1,64469
2615065-6,1,5156.01
2615065-6,2,160.16
2615065-6,3,60.48
2615065-6,4,10312.02
2615065-6,7,19531.32
2615065-6,10,29296.98
2615065-6,13,10312.02
2615065-6,5,320.32
2615065-6,6,120.96
2615065-6,8,640.64
2615065-6,9,241.92
2615065-6,11,320.32
2615065-6,12,362.88
2615065-6,14,640.64
2615065-6,15,320.32
2615084,1,1875
2562850,1,1489.53
2562850,2,1489.53
2562850,3,1489.53
2562850,4,1489.53
2562850,5,1489.53
2562850,6,1489.53
2562850,7,1489.53
2562850,8,1489.53
2562850,9,1489.53
2562850,10,1489.53
2562850,11,1489.53
2562850,12,1489.53
2562850,13,1489.53
2562850,14,1489.53
2562850,15,1489.53
2562850,16,1489.53
2562850,17,1489.53
2562850,18,807.7
2615065-5,1,342
2615065-5,2,219
2615065-5,3,1179
2615065-5,4,1086
2615065-5,5,174
2615065-5,6,120
2615065-5,7,15
2562886,1,116904.15
2563028,1,3201.23
2563028,1,3201.23
2563028,1,3201.23
2563028,1,3201.23
2563028,1,3201.23
2563029,1,3201.23
2563029,1,3201.23
2563029,1,3201.23
2563029,1,3201.23
2563029,1,3201.23
105504309,1,48125
2563072,1,147498.82
2563073,1,152385.08
2563074,1,152385.08
2563075,1,132508.77
2563087,1,61573.23
2563087,2,1181.54
2563087,3,25851.88
2563087,4,443.08
2563087,5,7968.25
2563087,6,304.15
2563087,7,220
2563087,8,8.24
2563087,9,309.82
2563087,10,20.47
2563087,11,458.12
2563087,12,7.47
2563087,13,2026.88
2563087,14,74.72
2563087,15,102.38
2563087,16,3.9
2563087,17,563.28
2563087,18,20.6
2563087,1,560.34
2563087,2,5.52
2563087,3,4096.62
2563087,4,44.16
2563087,5,470.47
2563087,6,5.52
2563087,7,716.34
2563087,8,15.38
2563087,9,453.05
2563087,10,11.04
2563087,11,1114.76
2563087,12,16.56
2563087,13,5381.03
2563087,14,99.36
2563087,15,240.8
2563087,16,5.52
2563087,17,1386.43
2563087,18,38.64
2563087,19,385.38
2563087,20,5.52
2563087,21,669.2
2563087,22,16.56
2563087,23,1364.35
2563087,24,60.72
2563087,25,267.14
2563087,26,7.69
2563087,27,1134.94
2563087,28,22.08
2563087,29,2149
2563087,30,46.14
2563087,31,200.24
2563087,32,7.69
2563087,33,12992.82
2563087,34,3483.06
2563087,35,84.59
2563087,36,1224
2563087,37,70.5
2563087,38,422.04
2563087,39,5264.21
2563087,1,10627.76
2563087,1,1037.28
2563086,1,10162.41
2563086,1,2037.8
2563086,1,10032.32
2563086,1,719.44
2563086,2,25.44
2563086,3,1092.76
2563086,4,114.72
2563086,5,26.08
2563086,6,88.75
2563086,7,6.02
2563086,8,2183.64
2563086,9,32.6
2563086,10,3891.96
2563086,11,97.8
2563086,12,15642.08
2563086,13,293.4
2563086,14,363.99
2563086,15,6.02
2563086,16,1293.47
2563086,17,26.08
2563086,18,57912.56
2563086,19,222.9
2563086,20,521.6
2563086,21,9164.69
2563086,22,65.2
2563086,23,1676.3
2563086,24,58.88
2563086,25,9439.91
2563086,26,598.99
2563086,27,2092.67
2563086,28,76.3
2563086,29,1768.89
2563086,30,130.4
2563086,31,766.59
2563086,32,279.2
2563086,33,10.44
2563086,34,1283.92
2563086,35,16.56
2563086,36,156.28
2563086,37,6.02
2563086,38,1004.35
2563086,39,21.2
2563086,40,863.93
2563086,41,20.72
2615129,1,143080
2563041,1,21058.32
2563076,1,89200.7
2563076,1,52735.26
2563076,1,52539.63
4537927,1,232
4537927,2,544
4537927,3,476.56
4537927,4,8947.68
4537927,5,750
4537927,6,999.4
4537927,7,444.5
4537927,8,417.5
4537927,9,182
4537927,10,410.5
4537927,11,426
4537927,12,280
4537927,13,116.5
4537927,14,965
4537927,15,8308.68
4537927,16,324.66
4537927,17,728
4537927,18,605
4537927,19,204.5
4537927,20,72.3
4537927,21,837
4537927,22,1040
4537927,23,388.5
4537927,24,5166
4537927,25,8007.6
4537927,26,1757.8
4537927,27,997.23
4537927,28,3619.84
4537927,29,1059.4
4537927,30,2720.9
4537927,31,250
4537950,1,1969
4537952,1,5750
4537973,1,42
2615082,1,2300
2615082,2,5600
2562829,1,41073.62
2562829,2,2352.23
105504295,1,30250
2615064,1,2489.32
2615064,2,4121.21
2615064,3,3470.62
2615064,4,2198.11
105504297,1,38195
105504301,1,66500
2563037,1,104048
2563037,2,272
2563001,1,216655.35
2563088,1,933.62
2563088,2,10.16
2563088,3,151.02
2563088,4,2.37
2563088,5,380.25
2563088,6,9.46
2563088,7,103.21
2563088,8,2.37
2563088,9,275.31
2563088,10,63.43
2563088,11,360.76
2563088,12,274.88
2563088,13,79.43
2563088,14,21939.66
2563088,15,295.91
2563088,16,2439.32
2563088,17,127.03
2563088,18,194.2
2563088,19,8.25
2563088,20,212
2563088,21,7.49
2563088,22,297.62
2563088,23,7.49
2563088,24,182.68
2563088,25,8.25
2563088,26,666.18
2563088,27,25.41
2563088,28,276.7
2563088,29,5.37
2563088,30,24.62
2563088,31,0.54
2563088,32,843.51
2563088,33,17.29
2563088,34,291.34
2563088,35,10.98
2563088,36,791.53
2563088,37,25.93
2563088,38,323.16
2563088,39,607.88
2563088,40,16.91
2563088,41,15.74
2563088,42,177.98
2563088,43,10.98
2563088,44,576.93
2563088,45,704.38
2563088,46,27.84
2563088,47,0.54
2563088,48,37.95
2563088,49,0.54
2563088,50,290.54
2563088,51,8.64
2563088,52,243.15
2563088,53,6.48
2563088,54,2055.57
2563088,55,58.35
2563088,56,29.73
2563088,57,0.54
2563088,58,631.63
2563088,59,17.29
2563088,60,3100.28
2563088,61,16811.33
2563088,62,709.6
2563088,63,786.32
2563088,64,58.99
2563088,65,388.38
2563088,66,16.51
2563088,67,967.79
2563088,68,50.81
2563088,69,2146.59
2563088,70,111.78
2563088,71,1042.51
2563088,72,739.3
2563088,73,1634.63
2563088,74,101.62
2563088,75,10086.8
2563088,76,425.76
2563088,77,2373.89
2563088,78,3672.28
2563088,79,234.39
2563088,80,2196.07
2563088,81,3115.79
2563088,82,84.25
2563088,83,67.28
2563088,84,631.76
2563088,85,1838.35
2563088,86,75.69
2563088,87,246.54
2563088,88,6.83
2563088,89,9.34
2563088,90,109.25
2563088,91,2.37
2563088,92,270.71
2563088,93,77.74
2563088,94,2.37
2563088,95,81.52
2563088,96,5.9
2563088,97,21.61
2563088,98,2103.05
2563088,99,56.77
2563088,100,1228.06
2563088,101,37.38
2563088,102,12.18
2563088,103,0.54
2563088,104,982.55
2563088,105,58.6
2563088,106,1304.24
2563088,107,35.48
2563088,108,496.99
2563088,109,654.72
2563088,110,40.65
2563088,111,8741.32
2563088,112,365.34
2563088,113,16.51
2563088,114,174.4
2563088,115,8.25
2563088,116,115.63
2563088,117,3.46
2563088,1,12.76
2563088,2,46.46
2563088,3,2.19
2563088,4,28.51
2563088,5,1.1
2563088,6,4378.08
2563088,7,942.69
2563088,1,3202.31
2563088,2,169.2
2563088,3,1754.57
2563088,4,67.68
2563088,5,5316.92
2563088,6,211.5
2563088,7,1704.28
2563088,8,76.9
2563088,9,2105.19
2563088,10,76.9
2563088,11,1871.6
2563088,12,76.9
2563088,13,3392.5
2563088,14,153.8
2563088,15,2785.39
2563088,16,38.45
2563088,17,898.38
2563088,18,23.07
2563088,1,390.35
2563088,2,16.92
2563088,1,265.92
4537926,1,4086.65
2562717,1,17805.22
2562717,2,5834.4
4537918,1,3541.36
4537958,1,2270.15
4537948,1,6678.16
2615112,1,23875.64
2615030,1,7532.82
2615030,2,1787.98
2615047,1,4691.12
2615047,2,3180
2615047,3,3180
2615047,4,3180
2615047,5,4655.7
2615047,6,4256.32
2615047,7,2724.03
2615047,8,2022
2615047,9,27180
2615047,10,2634.24
2615047,11,15052.8
2615047,12,7840
2615047,14,7080
2615047,16,4900
2615047,18,1323.23
2615047,19,1046.38
2615047,13,960
2615047,15,720
2615047,17,600
2562794,1,17600.64
2562842,1,52344.6
2562878,1,8833.24
2562878,1,12585.63
2562878,1,12200.8
4537925,1,9689.18
2615096,1,4472.41
2615096,1,14646.62
2562983,1,111639.11
2562983,2,16069.27
4537943,1,233.46
4537935,1,1965.89
4537935,2,878.77
4537935,3,44.91
4537935,4,3254.88
4537935,5,249.81
4537935,6,3141.28
4537935,7,2781.41
4537935,8,130.34
4537935,9,789.06
4537935,10,255.98
4537935,11,465.92
4537935,12,116.54
4537935,13,245.11
4537935,14,1056.78
4537937,1,29055.56
4537981,1,25906.49
4537981,2,3917.16
2562865,1,9478.96
2562865,2,18733.23
2562865,1,15487.64
2562865,2,9366.61
2562865,1,6536.33
2562865,2,11600.16
2562872,1,71441.52
2562803,1,2031.72
2562803,3,72021.77
2562803,2,8551.49
2563141,1,41009.65
105504326,1,202300
105504326,1,202300
105504326,1,202300
105504326,1,202300
2562736,1,16258.06
2562736,2,3127.47
2562736,3,5183.97
2562737,1,37662.62
2562560,1,69753.6
2562683,1,48024
2562740,1,42230
2562684,1,
2562684,2,28506.24
2562765,1,222510.9
2562805,1,141749.05
2562668,1,91222.71
2562848,1,27074.52
2562907,1,16583
2562890,1,24898.51
2562890,1,402
2562890,1,26862.78
2562890,1,1331.2
2562890,1,24901.51
2562890,1,1701
2562890,1,25044.52
2562890,1,776.8
2562890,1,27626.78
2562890,1,5552
2563094,1,32216.4
2563094,1,20524.32
2563094,1,18505.92
2615150,1,11726
4537963,1,13776.47
4537972,1,53046.6
4537972,2,11458.16
4537972,3,32983.13
4537940,1,27884.18
4537982,1,990
4537982,2,59
4537982,3,84
4537970,1,906.29
4537970,2,339.23
4537970,3,419.52
2615027,1,1475.73
2615027,2,3132.8
2615027,3,3427.47
2562755,1,2809.76
2562755,2,67434.24
105504291,1,43026
2562938,1,28499.5
2562947,1,56998.99
2615085,1,363
2615085,2,100
2615085,3,215
2615085,4,395
2615085,5,200
2615085,6,170
2615085,7,80
2615085,8,95
2615085,9,80
2615085,10,1926.03
2615085,11,456.93
2615085,12,4260
2615085,14,165
2615085,15,55
2615085,16,35
2615085,17,70
2615085,18,5.75
2615085,19,65
2615085,20,155
2615085,21,15
2615085,22,75
2615085,23,168.3
2615085,24,2233.88
2615085,25,2961
2615085,26,280
2615085,27,700
2615085,28,155
2615085,29,144
2615085,30,200
2615085,31,30
2615085,32,95
2615085,33,60
2615085,34,5
2615085,35,25
2615085,36,20
2615085,37,85
2615085,38,62.5
2615085,39,333
2615085,42,406.16
2615085,41,315.63
2615085,40,280.5
2615085,43,6810.3
2615085,45,77.5
2615085,44,588
2615085,46,167.04
2615085,47,168
2615085,48,160
2615085,49,160
2615085,50,71.5
2615085,51,11
2615085,52,145
2615085,55,11
2615085,53,22
2615085,54,38.5
2615085,57,5.5
2615085,56,2898.5
2615085,58,5.5
2615085,59,45
2615085,61,20
2615085,60,30
2615085,63,15
2615085,62,5
2615085,64,6.25
2615085,65,29.1
2615085,13,2450
2562929,1,6350
2562929,1,5239.37
2562929,2,5950.63
4537946,1,3286.6
4537959,1,5276.96
4537914,1,4557.4
2615151,1,7984.2
4537974,1,58460
4537987,1,489.17
4537987,1,1197.26
4537987,2,619.28
4537987,3,786.52
4537987,4,2118.71
4537987,1,258.43
4537987,1,568.92
4537987,1,141.05
4537987,2,124.24
4537987,1,77.99
4537987,1,177.95
4537987,1,92.81
4537987,2,96.23
4537987,1,273.8
4537987,1,47.04
4537987,1,70.53
4537987,1,285.24
4537987,1,35.82
4537987,1,73.58
4537983,1,7650.06
4537983,2,3037.32
4537983,3,2070.32
4537983,4,2248.74
4537983,1,2575.78
4537983,1,164.22
4537983,1,144.32
4537983,1,2655.19
4537977,1,6.49
4537977,2,1081.39
4537977,3,70.8
4537977,4,6.49
4537977,5,1081.39
4537977,6,70.8
4537977,7,4.68
4537977,8,1751.17
4537977,9,13.69
4537977,10,936.73
4537977,11,20.48
4537977,12,19.64
4537977,13,225.89
4537977,14,162.81
4537977,15,210.46
4537977,16,4.68
4537977,17,43.73
4537977,19,23.1
4537977,20,425.66
4537977,21,104.04
4537977,22,23.38
4537977,23,88.86
4537977,1,286.82
4537977,2,1183.63
4537977,3,395.6
4537977,4,382.39
4537977,5,1578.17
4537977,6,527.5
4537961,1,1620
4537961,1,69.26
4537961,1,1653.56
4537961,2,175.18
4537961,1,681.51
4537961,1,775.94
4537961,1,29.66
4537961,2,109.98
4537961,1,285.48
4537961,1,282.32
4537961,1,500.76
4537961,1,351
4537961,2,234
4537961,3,351
4537961,1,9027.72
4537961,1,662.96
4537961,1,600.8
4537961,1,1753.83
4537960,1,160.5
4537960,1,139.71
4537960,1,136.89
4537960,1,179.16
4537960,1,450.45
4537960,1,1334.99
4537960,1,375.57
4537960,2,702
4537960,1,608.4
4537960,2,424.43
4537960,3,35.1
4537960,4,666.9
4537960,1,9608.63
4537960,1,836.69
4537960,2,368.83
4537960,1,301.28
4537960,2,21.94
4537960,1,112
4537960,1,492.99
4537960,1,92.78
4537960,1,12785.76
4537960,1,230.2
4537960,1,126.27
4537960,1,504.26
4537960,2,195.37
4537960,1,362.22
4537960,1,1771.5
4537960,2,2952.5
4537960,1,368.87
4537960,1,359.19
4537960,1,264.42
4537960,1,129.87
4537960,1,216.45
4537960,1,191.76
4537960,1,647.54
4537960,1,228.15
4537960,1,154.59
4537960,2,39.08
4537960,1,201.29
4537960,2,2213.64
4537960,3,295.89
4537960,1,153.12
4537960,1,58.5
4537960,1,607.93
4537960,1,2527.2
4537960,1,1386.45
4537960,1,145.08
4537960,2,290.16
4537960,1,58.5
4537960,1,1053
4537960,2,1216.8
4537960,1,643.5
4537960,2,50.6
4537960,1,2864.02
4537960,1,184.28
4537960,1,263.13
2562766-B,1,10710
2562766-C,1,10710
2562840,1,1032.24
2562840,2,18123.54
2562840,3,2896.08
2562840,4,1107.12
2562840,5,3174.24
2562840,6,8349.6
2562840,7,5726.88
2562840,8,451.36
2562840,9,1215
2562840,10,495.36
2562840,11,3376.56
2562840,12,488.4
2562840,13,2023.2
2562840,14,3655.68
2562840,15,183.52
2562840,16,126.24
2562840,17,10541.36
2562840,18,67.44
2562840,19,1143.12
2562840,20,1263.6
2562840,21,1531.62
2562840,22,23093.88
2562840,23,2106.72
2562840,24,3410.68
2562840,25,804.6
2562840,26,1479
2562840,27,1046.76
105504286,1,30250
2562770,1,26886.77
105504285,1,30250
105504287,1,37390
2562748-A,1,9945
2562766-A,1,10710
2562748-B,1,9945
2562788,1,78120
2562818,1,32351.59
2562818,1,10264.72
2562911,1,68454.32
2562819,1,28276.01
2562819,2,28439.28
2562820,1,16646.71
2562820,2,11892.17
2562820,3,8683.62
2562820,1,6436.26
2562821-1,2,16125.13
2562821-1,1,3991.91
2562821-2,1,339357.76
2562943,1,68798.28
2615113,1,15275
2563110,1,7592.13
2563134,1,21862.37
2563207,1,10920
2563207,2,3040
2563207,3,2974
2563207,4,4.5
2563207,5,1108.8
2563207,6,159.5
2563207,7,672.54
2563207,8,0.66
2563207,9,542.94
2563207,10,0.66
2563207,11,2091.48
2563207,12,1.32
2563207,13,3158.4
2563207,14,789.6
2563207,15,7061.6
2563207,16,2434.2
2563207,17,3.3
2563207,18,2123.02
2563207,19,1.98
2563207,20,2329.02
2563207,21,1.98
2563207,22,887.34
2563207,23,0.66
4537969,1,40832.39
4537969,2,4172.8
4537969,3,3078.8
4537966,1,70800
4537968,1,10096.43
4537978,1,990
4537990,1,2931.48
4537995,1,86.4
2562634-1,1,1027.65
2562634-1,2,1027.65
2562634-1,3,1057.87
2562634-1,4,1475.48
2562634-1,5,33203.37
2562634-1,6,2871.37
2562634-1,7,3503.08
2562634-1,8,91.28
2562634-1,9,7274.15
2562634-1,10,2863.31
2562634-1,11,2962.05
2562634-1,12,9338.52
2562634-1,13,3438.09
2562634-1,14,3949.4
2562634-1,15,599.46
2562634-1,16,599.46
2562634-1,17,4241.57
2562634-1,18,4241.57
2562634-1,19,2357.55
2562634-1,20,1095.66
2562634-1,21,2352.01
2562634-1,22,1614.01
2562634-1,23,9058.43
2562634-1,24,1783.27
2562634-1,25,1531.4
2562634-1,26,15085.3
2562634-1,27,5736.7
2562634-1,28,881.56
2562634-1,29,3058.77
2562634-1,30,1450.8
2562634-1,31,1904.17
2562634-1,32,9218.62
2562634-1,33,1259.37
2562634-2,1,20391.8
2562634-2,2,14302.47
2562634-2,3,23012.31
2562974,1,42230
2562964,1,5291.78
2562964,2,70305.08
2562964,3,3769.92
2562768,1,50871.57
105504307,1,59088
105504308,1,49918
105504318,1,66500
105504321,1,23995
105504322,1,29900
2562966,1,35905.8
2563145,1,152892.43
2563147,1,152892.43
2563149,1,152892.43
2563161,1,10419.42
2563161,2,475.09
2563161,3,7998.38
2563161,4,380.07
2563161,5,17031.25
2563161,6,712.64
2563161,7,96.15
2563161,8,4.14
2563161,9,11295.33
2563161,10,382.42
2563161,11,6640.63
2563161,12,64.75
2563161,13,5297.94
2563161,14,165.38
2563161,15,1568.36
2563161,16,21.58
2563161,17,461.86
2563161,18,5.4
2563161,19,839.66
2563161,20,10.79
2563161,21,857.2
2563161,22,5.4
2563161,23,695.93
2563161,24,5.4
2563161,25,1238.54
2563161,26,5.4
2563161,27,463.82
2563161,28,5.4
2563161,29,389.69
2563161,30,7.52
2563161,31,895.67
2563161,32,22.55
2563161,33,1341.11
2563161,34,37.59
2563161,35,2738.25
2563161,36,22.55
2563161,37,415.35
2563161,38,7.52
2563161,39,2712.54
2563161,40,64.75
2563161,41,5779.77
2563161,42,180.42
2563161,43,4895.17
2563161,44,75.55
2563161,45,405.39
2563161,46,5.4
2563161,47,13194.94
2563161,48,325.55
2563161,49,215.84
2563161,50,3494.76
2563161,51,35.93
2563161,52,95.6
2563161,53,8840.27
2563161,54,248.1
2563161,55,3048.57
2563161,56,64.75
2563161,57,1104.84
2563161,58,10.79
2563161,59,5370
2563161,60,64.75
2563161,61,3923.61
2563161,62,51.03
2563161,63,1233.15
2563161,64,10.79
2563161,1,2564.85
2563161,2,7914.34
2563161,3,3639.82
2615126,1,16856.33
2615126,1,22949.76
2615126,2,4969.66
2563160,1,21128.43
2563197,1,152892.43
2563199,1,152892.43
2563200,1,128296.69
2563192,1,152892.43
2563148,1,19577.62
2563148,1,47443.1
2563148,1,34392.04
2563148,1,61529.66
2563148,1,5271.46
2563148,1,26455.42
2563139,1,21128.43
2563191,1,13407.7
2563191,2,9917.65
2563191,3,9133.84
2563191,4,11271.13
4537971,1,552
4537971,2,5366.75
4537994,1,7064
4537993,1,4509.78
4537993,2,2630.71
4537993,3,1030.81
4537993,4,22817.36
4537993,5,19092.08
4537993,6,4509.78
4537993,7,4939.29
4537993,8,1610.64
4537993,9,2899.15
4537993,10,3844.05
4537993,11,1610.64
4538003,1,1428
4538003,2,1412
4538003,3,592
4538003,4,380
2562902,1,52344.6
2562971,1,108669.12
2615081,1,8645
2615081,2,2375
2615081,3,2432
2615081,4,1104.38
2615081,5,2208.75
2615081,6,2525.12
2615081,7,2517.84
2615081,8,2525.12
2615081,9,2514.2
2615081,10,2327.5
2615081,12,2327.5
2615081,13,2327.5
2615081,14,1629.25
2615081,15,869.25
2615081,16,869.25
2615081,17,3858.9
2615081,18,3858.9
2615081,19,466.69
2615081,20,5012.96
2615081,11,2327.5
2562874,1,21723.46
2562874,2,5372
2562874,3,39.72
2562874,4,4.68
2562874,5,271.65
2562874,6,161.92
2562926,1,2700
2562896,1,64469
2562897,1,64469
2562898,1,64469
2562952,1,18560.26
2562952,2,65475.7
2562817,1,7777.64
2562817,1,62369.8
2562817,2,6391.38
2615109,1,51151.05
2562916,1,283498.1
2615124,1,2715.41
4537875,1,296138.59
4537975,1,6657.36
4537975,1,11319.39
4538010,1,20
4538010,1,1169.83
4538010,2,35.7
2562655,1,88890
2615037,1,18474.14
2562960,1,26852.6
2562961,1,27074.52
2562761,1,45750.9
2562864,1,42560
2562895,1,99289.55
2562813,1,38748.6
2562841,2,6636.17
2562841,1,211936.03
2562841,1,211936.03
2562841,2,6636.17
2563102,1,17604.5
2563102,2,2752.8
2563102,3,1969.8
2562883,1,28467.86
2563077,1,65992.05
2563163,1,588.31
2563163,2,14.96
2563163,3,3479.08
2563163,4,53.69
2563163,5,4308.5
2563163,6,126.84
2563163,7,573.27
2563163,8,10.74
2563163,9,1458.06
2563163,10,21.48
2563163,11,3479.08
2563163,12,53.69
2563163,13,1949.2
2563163,14,37.58
2563163,15,5467.73
2563163,16,80.54
2563163,17,2350.18
2563163,18,26.85
2563163,19,1739.53
2563163,20,26.85
2563163,21,24.81
2563163,22,0.53
2563163,23,850.12
2563163,24,17.27
2563163,25,304.64
2563163,26,797.82
2563163,27,25.91
2563163,28,325.63
2563163,29,612.55
2563163,30,17.02
2563163,31,15.84
2563163,32,179.43
2563163,33,10.97
2563163,34,561.62
2563163,35,19.73
2563163,36,709.77
2563163,37,28.05
2563163,38,0.53
2563163,39,38.25
2563163,40,0.53
2563163,41,292.85
2563163,42,8.64
2563163,43,245.07
2563163,44,6.48
2563163,45,2071.82
2563163,46,58.3
2563163,47,29.97
2563163,48,0.53
2563163,49,636.62
2563163,50,17.27
2563163,51,24.81
2563163,52,0.53
2563163,53,850.12
2563163,54,17.27
2563163,55,293.67
2563163,56,10.97
2563163,57,797.82
2563163,58,25.91
2563163,59,325.63
2563163,60,612.55
2563163,61,17.02
2563163,62,15.84
2563163,63,179.43
2563163,64,10.97
2563163,65,581.34
2563163,66,709.77
2563163,67,28.05
2563163,68,0.53
2563163,69,38.25
2563163,70,0.53
2563163,71,292.85
2563163,72,8.64
2563163,73,245.07
2563163,74,6.48
2563163,75,2071.82
2563163,76,58.3
2563163,77,29.97
2563163,78,0.53
2563163,79,636.62
2563163,80,17.27
2563163,81,103.94
2563163,82,0.97
2563163,83,219.94
2563163,84,7.8
2563163,85,2378.93
2563163,86,282.15
2563163,87,7.48
2563163,88,1876.95
2563163,89,26.85
2563163,90,89.11
2563163,91,2.36
2563163,92,9095.7
2563163,93,390.15
2563163,94,80.54
2563163,95,188.95
2563163,96,3.74
2563163,97,3640.21
2563163,98,132.59
2563163,99,148.69
2563163,100,4.73
2563163,101,567.84
2563163,102,14.92
2563163,103,131.05
2563163,104,3.74
2563163,105,4444.68
2563163,106,29.88
2563163,107,762.72
2563163,108,20.54
2563163,109,224.17
2563163,110,4.12
2563163,111,439.5
2563163,112,20.62
2563163,113,699.95
2563163,114,25.39
2563163,115,975.71
2563163,116,45.7
2563163,117,472.99
2563163,118,4.12
2563163,119,699.95
2563163,120,25.39
2563163,121,129.05
2563163,122,5.08
2563163,123,177.89
2563163,124,8.25
2563163,125,797.82
2563163,126,25.91
2563163,127,171.93
2563163,128,0.82
2563163,129,4.12
2563163,130,2596.08
2563163,131,31.71
2563163,132,181.09
2563163,133,2.36
2563163,134,70.46
2563163,135,236.64
2563163,136,9.34
2563163,137,2269.98
2563163,138,30.46
2563163,139,2720.91
2563163,140,26.85
2563163,141,2176.74
2563163,142,21.48
2563163,143,998.59
2563163,144,10.15
2563163,145,850.12
2563163,146,17.27
2563163,147,304.64
2563163,148,709.77
2563163,149,581.34
2563163,150,797.82
2563163,151,25.91
2563163,152,325.63
2563163,153,612.55
2563163,154,24.81
2563163,155,0.53
2563163,156,28.05
2563163,157,0.53
2563163,158,38.25
2563163,159,0.53
2563163,160,17.02
2563163,161,15.84
2563163,162,179.43
2563163,163,10.97
2563163,164,292.85
2563163,165,8.64
2563163,166,245.07
2563163,167,6.48
2563163,168,2071.82
2563163,169,58.3
2563163,170,29.97
2563163,171,0.53
2563163,172,636.62
2563163,173,17.27
2563163,174,344.15
2563163,175,9.45
2563163,176,5642.68
2563163,177,683.18
2563163,178,194.47
2563163,179,1052.04
2563163,180,19.03
2563163,181,128.28
2563163,182,4.73
2563163,183,228.6
2563163,184,1.87
2563163,185,344.8
2563163,186,21.77
2563163,187,215.62
2563163,188,4.73
2563163,189,4294.25
2563163,190,449.66
2563163,191,564.13
2563163,192,34.24
2563163,193,1.37
2563163,194,76.23
2563163,195,88.39
2563163,1,1043.37
2563163,2,1523.32
2563163,1,3311.79
2563163,1,7247.72
2563163,2,338.8
2563163,3,4866.29
2563163,4,678.82
2563163,5,82.08
2563163,6,3183.66
2563163,7,2433.14
2563163,1,102.14
2563163,2,5.22
2563163,1,5169.42
2563163,2,169.52
2563163,1,84.47
2563163,1,6656.8
2563163,2,230.7
2563163,3,3233.75
2563163,4,153.8
2563163,5,1984.43
2563163,6,84.8
2563163,7,1117.89
2563163,8,42.3
2563163,9,3328.41
2563163,10,115.35
2563163,11,1092.4
2563163,12,15.38
2563163,13,171.12
2563163,14,7.69
2563163,15,4913.16
2563163,16,76.9
2563163,1,743.39
2563163,1,966.86
2563163,1,2624.29
2615108,1,38340.84
2615108,1,4045.07
2615108,1,139.9
2615121,1,1151.33
2615074,1,35864.04
2615074,2,14714.92
2615163,1,4006.32
2615153,1,3042
2615153,2,1176
2615153,3,1104
4537988,1,5805
4538005,1,12392.25
105504356,1,404.22
105504356,2,53.9
105504356,3,148.21
4538020,1,4320.93
4538020,2,5496.05
4538020,3,4744.73
2562828,1,150.17
2562828,2,1414.47
2562828,3,6307.27
2562828,4,8006.47
2562828,5,432.28
2562828,6,271.34
2562828,7,309.94
2562828,8,275.95
2562828,9,270.44
2562828,10,2977.8
2562828,11,2606.67
2562828,12,251.04
2562828,13,177.77
2562828,14,613.13
2562828,15,2505.62
2562828,16,265.24
2562828,17,181.25
2562828,18,255.15
2562828,19,204.75
2562828,20,135.92
2562828,21,284.81
2562828,22,4241.58
2562828,23,276.14
2562828,24,164.39
2562828,25,191.69
2562828,26,257.74
2562828,27,238.74
2562828,28,218.69
2562828,29,420.24
2562828,30,398.39
2562828,31,384.52
2562828,32,482.78
2562828,33,373.41
2562828,34,2877.2
2562923,1,2460
2562857,1,17863.24
2562857,2,30754
2562857,3,2432.86
2562858,1,12041.3
2615152,1,1515.48
4537991,1,3023.5
2562827,1,26813.72
2562920,1,17088
2562837,1,41753.21
2562837,2,8487.47
105504315,1,75822
2563196,1,35648.93
2563158,1,24151.69
2563098,1,49200
2615125-1,1,22625.35
2615125-2,1,3948
2615125-3,1,46526.04
2615125-4,1,5181.45
2615125-4,2,4962.75
2615125-4,3,13701.2
2615125-4,4,9557.4
2615125-4,5,13700.36
2615125-5,1,57353.97
2615125-6,1,770.3
2615125-6,2,1823.73
2615125-6,3,3702.97
2615125-6,4,5135.65
2615125-6,5,1104.86
2615125-6,6,1159.05
2615125-6,7,1792.14
2615125-6,8,2855.99
2615125-6,9,1287.64
2615125-6,10,718.15
2615125-7,1,5274.9
2615125-7,2,529.2
2615125-7,3,346.5
2615125-7,4,642.6
2615135-1,1,4056.56
2615135-1,2,5025.19
2615135-1,3,1213.8
2615135-1,4,519.78
2615135-1,5,1064.28
2615135-1,6,1387.68
2615135-1,7,118.91
2615135-1,8,1365.67
2615135-1,9,356.43
2615135-1,10,392.7
2615135-1,11,178.36
2615135-1,12,1387.68
2615135-1,13,6244.58
2615135-1,14,1387.68
2615135-1,15,18.84
2615135-1,16,1113.25
2615135-1,17,333.06
2615135-1,18,6945.48
2615135-1,19,423.83
2615135-1,20,70.64
2615135-1,21,67.11
2615135-1,22,65.93
2615135-1,23,11.77
2615135-1,24,565.1
2615135-1,25,1710.03
2615135-1,26,4885.8
2615135-1,27,653.05
2615135-1,28,1050.15
2615135-1,29,971.27
2615135-1,30,2554.74
2615135-1,31,977.87
2615135-1,32,916.41
2615135-1,33,1659.99
2615135-1,34,200.14
2615135-1,35,153.05
2615135-1,36,37.67
2615135-1,37,49.45
2615135-1,38,11.77
2615135-1,39,8.24
2615135-1,40,77.7
2615135-1,41,2043.79
2615135-1,42,909.46
2615135-1,43,153.52
2615135-1,44,153.52
2615135-1,45,5516.67
2615135-1,46,240.69
2615135-1,47,769.95
2615135-1,48,1248.28
2615135-1,49,2021.52
2615135-1,50,709.21
2615135-1,51,301.68
2615135-1,52,419.12
2615135-1,53,1411.45
2615135-1,54,692.25
2615135-1,55,633.39
2615135-1,56,1487.52
2615135-1,57,2411.35
2615135-1,58,277.02
2615135-1,59,492.82
2615135-1,60,5670.11
2615135-1,61,7802.46
2615135-1,62,16.25
2615135-1,63,509.06
2615135-1,64,78.78
2615135-1,65,2666.58
2615135-1,66,2442.43
2615135-1,67,141.28
2615135-1,68,141.28
2615135-1,69,98.89
2615135-1,70,115.38
2615135-1,71,35.32
2615135-1,72,5545.08
2615135-1,73,376.74
2615135-1,74,29.43
2615135-1,75,40.03
2615135-1,76,235.46
2615135-1,77,57.69
2615135-1,78,18.84
2615135-1,79,7.06
2615135-1,80,11.77
2615135-1,81,65.93
2615135-1,82,64.75
2615135-1,83,260.54
2615135-1,84,1818.93
2615135-1,85,1036.26
2615135-1,86,27.31
2615135-1,87,2472.33
2615135-1,88,720.86
2615135-1,89,1441.72
2615135-1,90,455.03
2615135-1,91,3037.43
2615135-1,92,3686.79
2615135-1,93,282.55
2615135-1,94,282.55
2615135-1,95,747
2615135-1,1,513.3
2615135-1,2,247.23
2615135-1,3,2435.6
2615135-1,4,2215.56
2615135-1,5,1342.12
2615135-1,6,513.3
2615135-1,7,1788.55
2615135-1,8,3752.57
2615135-1,9,4072.42
2615135-1,10,2378.15
2615135-1,11,560.98
2615135-1,12,494.47
2615135-1,13,1878.97
2615135-1,14,10686.06
2615135-1,15,2137.21
2615135-1,1,
2615135-1,1,1694.18
2615135-1,2,5488.18
2615135-1,3,2910.87
2615135-1,4,186.3
2615135-2,1,993.92
2615135-2,2,3574.3
2615135-4,1,15157.37
2615135-4,2,5153.1
2615135-5,1,705000
2615135-5,2,10000
2563031,1,111369.96
2563031,2,3977.78
2563140,1,20860.51
2563140,2,84964.63
2563140,3,48284.29
4537954,1,3800
2563036,1,145502.15
4537985,1,234.94
4537992,1,6326.93
4537998,1,746.22
4537998,2,1790.1
4537998,1,413.01
4537998,1,280.3
4537998,1,58.03
4537998,1,560.33
4537998,1,2457
4537998,1,2547
4537998,1,148.26
4537998,1,263.9
4537998,1,561.6
4537998,1,546.62
4537998,1,839.75
4537998,2,11.91
4537998,1,755.94
4537998,1,375.67
4537956,1,2984.18
4537997,1,35055.6
2563095,2,39811.42
2563095,4,7343.64
2563095,6,43214.99
2563095,7,20687.53
2563095,1,7554.65
2563095,3,110.32
2563095,5,1800.65
2562959,1,29443.84
2562928,1,73240.92
2615137,1,22528.56
2615137,1,10101.74
2563159,1,46203.39
2563198,1,46203.39
2562892,1,137546.78
2563026,1,960.38
2563026,2,23049.06
2563026,3,960.38
2563026,4,23049.06
2563026,5,420.31
2563026,6,6584.78
2563101,1,15463.8
2563101,2,1656
2563101,3,5750
2563101,4,1040
2563101,5,6000
2563101,6,35211
2563101,7,798
2563101,8,870.2
2563101,1,2039.85
2563101,2,1075.6
2563101,3,3483.6
2563101,4,709.2
2563101,5,904.4
2563101,6,1220.8
2563101,7,9590
2563101,8,15110
2563101,9,2356.2
2563101,10,3105
2563101,11,3082
2563101,12,2800
2563101,13,4533
2563101,14,6549.4
2562882,1,80700.4
2563027,1,55272.77
2563027,1,30554.28
2563027,2,7755.89
2563027,3,3154.92
2563027,4,1489.7
2563027,5,4464.04
2563027,6,5957.98
2563027,1,55272.77
2563027,1,29683.52
2563027,1,744.85
2563027,2,3877.95
2563027,3,2976.02
2563027,4,16125.87
2563027,1,35646.66
2563027,2,3348.42
2563027,3,4464.04
2563027,4,4932.35
2563027,1,2234.56
2563027,2,27159.36
2563027,3,4964.98
2563027,4,7755.89
2563027,5,2976.02
2563027,6,6309.84
2563027,7,748.48
2563027,1,17873.94
2563027,2,10045.27
2563027,3,5726.93
2563027,4,2976.02
2563027,5,10184.76
2563027,6,5170.6
2563081,1,55272.77
2563081,1,22066.98
2563081,2,9929.97
2563081,3,6309.84
2563081,4,2976.02
2563081,5,5580.71
2563081,6,744.85
2563081,7,3288.23
2563081,1,1496.96
2563081,2,3154.92
2563081,3,3724.26
2563081,4,1697.46
2563081,5,5952.05
2563081,6,2232.28
2563081,7,6950.98
2563081,8,23267.68
2563081,9,4932.35
2563081,1,55272.77
4537984,1,8403.98
4537984,2,12978.49
4537984,3,5411.58
4537984,4,915.05
2563018,1,2609.99
2563018,2,8553.74
2563018,3,11293.07
2563018,4,3636.08
2563018,1,18243.37
2563018,2,2135.33
2563018,1,8539.28
2615164,1,9200
2615164,2,368
2615164,3,368
2615164,4,368
4538007,2,89.78
4538007,5,7.05
4538007,6,7.05
4538007,7,65.43
4538007,1,175.74
4538007,3,509.39
4538007,4,1088.64
4538007,1,92.63
4538007,2,380.96
4538007,3,121.29
4538007,1,119.82
4538007,2,104.2
2562636,1,432
2562636,2,1127
2562636,3,483
2562636,4,322
2562636,5,324
2562636,6,6448
2562636,7,832
2562636,8,1761.76
2562636,9,3020.16
2562636,10,900
2562636,11,
2562636,12,6426
2562636,13,525
2562636,14,1625
2562636,15,1226
2562636,16,210
2562636,17,640
2562636,18,100
2562636,19,200
2562636,20,520
2562636,21,1080
2562636,22,50
2562636,23,2040
2562636,24,2040
2562636,25,1836
2562636,26,1224
2562636,27,612
2562636,28,32.5
2562636,29,2673
2562636,30,594
2562636,31,297
2562636,32,1782
2562636,33,14.8
2562636,34,240
2562636,35,3200
2562636,36,3200
2562636,37,3200
2562636,38,1120
2562636,39,332.64
2562636,40,1740
2562636,41,350
2562636,42,1258.4
2562636,43,560
2562636,44,275
2562636,45,275
2562636,46,1248
2562636,47,7368
2562636,48,6140
2562636,49,208
2562636,50,208
2562636,51,17
2562636,52,1160
2562636,53,1160
2562636,54,3520
2562636,55,375
2562636,56,240
2562636,57,240
2562636,58,2052
2562636,59,390
2562636,60,240
2562636,61,2750
2562636,62,29304
2562636,63,1616
2562636,64,339
2562636,65,452
2562636,66,339
2562636,67,280.5
2562636,68,6875
2562636,69,108
2562636,70,94.5
2562636,71,500
2562636,72,1008
2562636,73,525
2562636,74,2491.2
2562636,75,672
2562636,76,1624
2562636,77,6120
2562636,78,830.4
2562636,79,18432
2562636,80,2025
2562636,81,3456
2562636,82,8870.4
2562636,83,1822.5
2562636,84,379.92
2562636,85,120
2562636,86,252
2562636,87,340
2562636,88,400
2562636,89,2800
2562636,90,700
2562636,91,4320
105504314,1,70600
105504319,1,63365
105504320,1,35000
2563215,1,7592.13
4537967,1,20577.92
4538004,1,4891.25
4538015,1,21343.01
4538015,2,106.71
4538015,3,10625.88
4538015,4,37.51
4538015,5,944.76
4538015,6,0.5
4538015,7,1747.09
4538015,8,22.99
4538015,9,273.96
4538015,10,1.4
4538015,11,0.23
4538015,12,1084.63
4538015,13,4959.64
4538015,14,2546.35
4538015,15,87.65
4538015,16,2562.85
4538015,17,60.44
4538015,18,11538.02
4538015,19,8132.17
4538015,20,1863.41
4538015,21,593.18
4538015,22,0.3
4538015,23,0.54
4538015,24,577
4538015,25,8905.2
4538015,26,15.39
4538015,27,8.68
4538015,28,79.46
4538015,29,3089.92
4538015,30,190.63
4538015,31,1.07
4538015,32,3634.86
4538015,33,25.12
4538015,34,856.44
4538015,35,10
4538015,36,483.04
4538015,37,2546.35
4538015,38,454.03
4538015,39,332.95
4538015,40,53.46
4538015,41,3.29
4538015,42,366.23
4538015,43,17.18
4538015,44,390.72
4538015,45,15.39
4538015,46,595.28
4538015,47,372.68
4538015,48,848.78
4538015,49,636.59
4538019,1,469.88
4538019,2,140.96
4538019,3,70.48
4538019,4,11.75
4538019,5,140.96
4538019,6,234.94
4538019,7,35.24
4538019,8,35.24
4538019,9,93.98
4538019,10,46.99
4538023,1,6081.92
2562951,1,18017.93
2562951,2,14731.52
2562951,1,6536.33
2562951,2,11600.16
2562951,1,18185.1
2562951,2,9366.61
105504316,1,42454
105504298,1,81385
2562853,1,15362.45
2562727-1,1,9183.87
2562727-1,2,5203.74
2562727-1,3,1728.87
2562727-1,4,15973.91
2562727-1,5,3803.31
2562727-1,6,8515.89
2562727-1,7,3627
2562727-1,8,3627
2562727-1,9,3012.43
2562727-1,10,2698.09
2562727-1,11,1256.35
2562727-1,12,6576.96
2562727-1,13,1057.88
2562727-1,14,1429.64
2562727-1,15,1160.64
2562727-1,16,2974.14
2562727-1,17,6514.5
2562727-1,18,6300.91
2562727-1,19,97.73
2562727-1,20,2150.01
2562727-1,21,1181.8
2562727-1,22,2669.88
2562727-1,23,1307.74
2562727-1,24,967.2
2562727-1,25,198.48
2562727-1,26,306.48
2562727-1,27,1728.87
2562727-1,28,3498.04
2562727-1,29,191.43
2562727-1,30,346.58
2562727-1,31,685.1
2562727-1,32,196.46
2562727-1,33,2704.13
2562727-1,34,651.25
2562727-1,35,256.91
2562727-2,1,2773.8
2562727-2,2,691.44
2562727-2,3,587.93
2562727-2,4,2261.25
2562727-2,5,1079.87
2562727-2,6,1079.87
2562727-2,7,889.43
2562727-2,8,216.08
2562727-2,9,216.08
2562727-2,10,3382.83
2562727-2,11,759.78
2562727-2,12,2185.88
2562727-2,13,2178.59
2562727-2,14,545.21
2562727-2,15,298.49
2562727-2,16,142.71
2562727-2,17,249.24
2562727-2,18,4657.17
2562727-2,19,4507.43
2562727-2,20,2357.53
2562727-2,21,698.48
2562727-2,22,552.75
2562727-2,23,112.56
2562727-2,24,337.68
2562727-2,25,289.44
2562727-2,26,615.56
2562727-2,27,221.1
2562727-2,28,522.6
2562727-2,29,522.6
2562727-2,30,331.65
2562727-2,31,331.65
2562727-2,32,639.18
2562727-2,33,1668.55
2562727-2,34,2420.04
2562727-2,35,2366.78
2562727-2,36,1893.42
2562727-2,37,1748.7
2562727-2,38,388.94
2562727-2,39,1407
2562978,1,29443.84
2562909,1,156781.32
2562909,2,399.99
2562931,1,64469
2562932,1,64469
2562933,1,64469
2563194,1,28419.12
2563194,1,2939.62
2563083,1,85498.49
2563089,1,491.77
2563089,2,4300.91
105504331,1,47198
2563133,1,28499.5
2562979,1,85498.49
2563152,1,19759.52
2563208,1,216655.35
2615090,1,35451.88
2563121,2,27116.54
2563121,1,1129.86
2563121,4,27116.54
2563121,3,1129.86
2563122,2,27116.54
2563122,1,1129.86
2563122,4,27116.54
2563122,3,1129.86
2563123,1,3047.94
2563123,2,63217.02
2563123,3,31710.81
2563123,4,92.96
2563123,5,1456.31
2563123,6,285.37
2563123,7,297.69
2563123,8,4663.83
2563123,9,7868.8
2563265,1,1209.4
2563265,1,60769.17
2563265,1,9593.29
2563265,1,1264
2563265,1,16976.78
2563232,1,18009.72
2563239,1,13227.95
2563239,2,2242.53
2563239,3,42592.2
2563240,1,21018.77
4537989,1,217.52
4537989,2,256.46
4537989,3,60.53
4537989,4,2227.64
4537989,5,314.51
4537989,6,78.8
4537989,7,180.72
4537989,8,291.26
4537989,9,312.32
4537989,10,0.26
4537989,11,480.53
4537989,12,96.22
105504355,1,40390
2563360,1,3995.22
2563360,2,3249.2
2563360,3,56.49
2563360,4,1355.83
2563360,5,56.49
2563360,6,1355.83
2563360,7,340.91
2563360,8,1006.39
2563360,9,24153.3
2563360,10,1006.39
2563360,11,24153.29
2563360,12,728.71
2563360,13,11416.49
2563360,14,744.81
2563360,15,11668.71
2563360,16,239.59
2563360,17,3753.57
2563360,18,671.06
2563360,19,10513.36
2563360,20,528.3
2563360,21,8276.72
2563360,22,624.21
2563360,23,9779.36
2563360,24,634.35
2563360,25,9938.22
2563360,26,583.61
2563360,27,9143.21
2563360,28,510.45
2563360,29,7997.07
2563360,30,170.46
2563360,31,420.31
2563360,32,6584.79
2563360,1,69.76
2563360,2,1674.24
2563360,3,448.39
2563360,4,2474.78
2563360,5,4173.76
2563360,6,9255.58
2563360,7,4548.67
2563360,8,5615.24
2563360,9,2576.2
2563360,10,6384.14
2563360,11,190.35
2563360,12,2982.13
2563360,13,790.9
2563360,14,18981.58
2563360,15,790.9
2563360,16,18981.58
2563235,1,28134.09
2563235,2,14067.04
2563235,3,18528.81
2563235,1,2546.72
2563235,2,2447.62
2563235,3,305.18
2563235,4,5872.95
2563235,1,1939.77
2563235,2,41.31
2563235,3,594.27
2563235,4,14.58
2563235,5,364.57
2563235,6,9.72
2563235,7,3090.95
2563235,8,1842.36
2563235,9,48.6
2563235,10,2732
2563235,11,60.75
2563235,1,5152.69
2563235,2,8.46
2563235,1,3346.89
2563235,2,115.35
2563235,3,5560.1
2563235,4,169.2
2563235,5,722.14
2563235,6,24.3
2563235,7,26980.04
2563235,8,456
2563235,9,18898.19
2563235,10,769
2563235,11,208.82
2563235,12,4.24
2563235,13,1764.03
2563235,14,63.6
2563235,15,583.17
2563235,16,12.15
2563235,17,1286.83
2563235,18,34.02
2563235,19,2059.86
2563235,20,76.9
2563235,21,853.24
2563235,22,23.07
2563235,23,1785.92
2563235,24,61.52
2563235,25,1831.15
2563235,26,61.52
2563235,27,4077.61
2563235,28,53.46
2563235,29,6213.74
2563235,30,84.59
2615180,1,19500
2615180,1,5144
2563236,1,1381.83
2563236,2,28850.93
2563236,3,28122.12
2563236,4,474.12
2563236,5,3163.01
2563236,6,61.26
2563236,7,67113.94
2563236,8,1813.87
2563236,1,5666.4
2563236,2,515.63
2563236,3,17.28
2563236,4,630.21
2563236,5,21.12
2563236,6,1192.75
2563236,7,1217.92
2563236,8,1173.77
2563236,9,4542.59
2563236,10,165.12
4538033,1,1310
2615181,1,6295.43
2562839,1,22000.8
2562946,1,17081.2
4538024,1,19140
2562967,1,26429.27
2562958,1,24665.68
2562855,1,61002
4537996,1,53.76
4537996,2,1263.85
4537996,3,1263.85
4537996,4,1235.19
4537996,5,89.6
4537996,6,1813.36
4537996,7,215.02
4537996,8,2025.99
4537996,9,1462.15
4537996,10,137.38
4537996,11,231.75
4537996,12,630.74
4537996,14,132.6
4537996,13,627.15
2563234,1,1726.48
2563234,2,8.32
2563234,3,3.81
2563234,4,4639.97
2563234,5,193.14
2563234,1,33831.52
2563234,2,638.28
2563234,1,5282.09
2563234,2,192
2563234,3,2235.3
2563234,4,2462
2563234,5,3024.07
2563234,6,123.04
2563234,7,1890.04
2563234,8,76.9
2563234,9,12908.09
2563234,10,165.6
2563234,11,3026.28
2563234,12,52.2
2563234,13,6804.16
2563234,14,276.84
2563234,15,419.58
2563234,16,15.38
2563234,17,839.14
2563234,18,30.76
2563234,19,1268.29
2563234,20,11.04
2563234,21,424.93
2563234,22,7.69
2563234,23,2835.07
2563234,24,115.35
2563234,25,1478.72
2563234,26,33.12
2563234,27,1156.9
2563234,28,22.08
2563234,29,1331.91
2563234,30,22.08
2563234,31,1317.52
2563234,32,22.08
2563234,33,28593
2563234,34,278.41
2563234,35,5.52
2563234,36,7005.1
2563234,37,241.24
2563234,38,4454.05
2563234,39,130.4
2563234,40,4363.35
2563234,41,78.24
2563234,42,438.2
2563234,43,7.68
2563234,44,105.69
2563234,45,1.92
2563234,46,3.59
2563234,47,170.75
2563234,48,4.86
2563234,49,149.44
2563234,50,7.8
2563234,51,63.28
2563234,52,6.52
2563234,53,75.05
2563234,54,2.43
2563234,55,50.38
2563234,56,2.2
2563234,57,51.62
2563234,58,1.92
2563234,59,195.33
2563234,60,3.84
2563234,61,1918.84
2563234,62,11.52
2563234,63,69.96
2563234,64,2.43
2563234,65,317.48
2563234,66,5.52
2563234,67,349.99
2563234,68,9.72
2563234,69,4618.53
2563234,70,254.4
2563234,71,2775.24
2563234,72,65.2
2563234,73,3293.81
2563234,74,55.2
2563234,75,2458.51
2563234,76,76.9
2563234,77,1718.41
2563234,78,1718.41
2563234,79,1365.06
2563234,80,52.2
2563234,81,714.9
2563234,82,19.2
2563234,83,1383.19
2563234,84,24.3
2563234,85,1715.43
2563234,86,22.08
2563234,87,100.2
2563234,88,1
2563234,89,768.16
2563234,90,45.15
2563234,91,76.31
2563234,92,5.22
2563234,93,285.66
2563234,94,32.6
2563234,95,4153.26
2563234,96,52.16
2563234,1,1466.18
2563234,2,231.11
2563234,3,15.05
2563234,1,371.14
2563234,2,5.22
2563234,1,1001.55
2563234,2,50.22
2563234,3,3
2563234,1,3826.07
2563234,2,115.2
2563234,1,3740.06
2563234,2,153.6
4537999,1,4708.8
4538002,1,1091.55
2562969,1,20500
2562904,2,75726.08
2562904,3,4288.95
2562904,1,2838.24
2615083-1,1,22450
2615083-1,2,8980
2615083-1,3,20240
2615083-1,4,10120
2615083-1,5,24192
2615083-1,6,15072.75
2615083-1,7,15318
2615083-1,8,3268.8
2615083-2,1,4482
2615083-2,2,19008
2615083-2,3,5580
2615105,1,17306.66
2563014,1,2435
2563014,2,20218.48
2563014,3,2580.5
2563014,4,860.64
2563014,5,26512.5
4538038,1,3488.03
4538038,2,4717.41
4538038,3,792.19
4538038,4,148.91
4538038,5,2681.54
4538038,6,220.38
4538038,7,506.28
4538038,8,131.04
4538038,9,266.84
4538038,10,11.91
4538038,11,362.15
2563084,1,288.16
2563084,2,8698.82
2563084,3,11063.87
2563084,4,99.57
2563084,5,128.85
2563084,6,70.28
2563069,1,34195.12
2563070,1,33436.74
2562881,1,74110.02
2562881,1,12894.96
2563143,1,20567.55
2563144,1,34530.12
2615131,1,4009.89
2615141,1,3858.89
2563201,1,116623.31
2615110-A,1,1196.88
2615110-A,2,797.92
2615110-A,3,398.96
2615110-A,4,797.92
2615110-A,5,797.92
2615110-A,6,398.96
2615110-A,7,797.92
2615110-A,8,797.92
2615110-A,9,1196.88
2615110-A,10,797.92
2615110-A,11,1196.88
2615110-A,12,1196.88
4538006,1,11062.08
4538006,2,8194.13
4538006,3,10652.37
4538006,4,11062.08
4538028,1,611.2
4538029,1,10573.64
4538021,1,16366.2
2562905,1,24722.88
2562905,2,32513.6
2562880,1,69568.76
2562879,1,68298.4
2562884-1,1,60014.34
2562884-2,1,3962.52
2563288,1,20955.66
2563288,1,88293.19
2563288,1,65521.37
2563288,1,96954.87
2563281,1,26974.56
2563281,1,22365.32
2563281,1,7889.92
2563281,2,3325.64
2563281,3,4433.66
2563281,4,2567.71
2563281,5,6266.91
2563281,6,8531.95
2563281,7,20230.92
2563281,8,3265.86
2563281,1,54896.68
2563281,1,37090.02
2563281,2,3944.96
2563281,3,4434.19
2563281,1,11801.37
2563281,2,5917.44
2563281,3,4898.79
2563281,1,22365.32
2563242,1,147694.79
2563193,1,48194.67
2563193,1,54896.68
2563193,1,53847.63
2563193,1,40664.21
2563193,1,11801.37
2563193,1,2033.21
2563193,1,53561.12
2615160,1,33592.37
2615160,1,22867.88
2615160,2,4951.93
2615160,1,10041.82
2563361,1,152748.06
2563361,1,152748.06
2563361,1,84371.37
4538039,1,49
4538039,2,47
4538014,1,2535.06
2562915,1,27060
2562807,1,36608
2562873,1,141749.05
2562891,1,208714.05
2562887,1,26917.54
2562877,1,41518.5
2562927,1,50688
2562942,1,38748.6
4538036,1,292125.02
4538036,2,10567.83
4538036,1,25664.73
4538036,2,9058.14
4538036,3,13616.24
4538036,4,8982.66
4538036,5,830.33
4538036,6,3170.35
4538036,7,1509.69
105504327,1,202300
105504327,1,202300
2563119,1,45619
2563119,2,3161.2
105504329,1,46210
105504330,1,45623
2563195,1,48020
2563096,1,35905.8
105504342,1,40498
4538054,1,74085.13
4538054,2,34419.4
4538054,3,9640.28
2563205,1,22743.67
2615089,1,49274.76
2562889,1,11464.85
2562889,2,6621.24
2562889,3,3522.88
4538017,1,5940
4538017,1,11700
4538017,1,14300
4538012,1,5821.84
4538012,2,160.18
4538045,1,235.09
4538045,2,54.87
4538045,3,284.52
4538045,4,1093.94
4538045,5,482.29
4538045,6,260.6
4538045,7,132.39
4538045,8,251.54
4538045,9,4.65
4538045,10,87.1
4538045,11,1364.76
4538045,1,569.62
4538045,2,303.68
4538045,3,607.36
4538045,4,276.68
4538045,5,553.36
4538045,6,254.55
4538045,7,1273.95
4538045,8,1592.43
2615060,1,111785.22
2615060,2,4818.45
2615060,3,27648
2615107,1,3306
2615107,2,132
2563008,1,36709.2
2563107,1,28499.5
2563108,1,28499.5
2563136,1,20213.75
105504336,1,43605
2562888,1,16457.23
2562888,2,13272.85
2562888,3,1205.39
2562888,4,1642.77
4538044,1,3626.86
4538044,2,3
4538044,3,7253.72
4538044,4,6
4538044,1,2550.02
4538044,2,2070.32
4538044,1,1888.28
4538044,1,1722.58
4538044,2,3
4538044,3,1722.58
4538044,4,3
4538044,1,476.14
4538044,1,4761.4
4538062,1,29371.6
4538062,2,396
4538062,3,98.8
4538063,1,25715.79
4538063,2,171.57
4538063,3,39.49
4538064,1,46420.32
4538064,2,45.33
4538064,3,190.17
4538065,1,1097.19
4538065,2,747.75
4538065,3,2851.95
4538065,4,47.6
4538065,7,1722.19
4538065,8,952.93
4538065,9,0.7
4538065,10,2.03
4538065,5,430.85
4538065,6,0.01
4538067,1,3960
2563146A,1,34303.45
2563146A,2,7854.27
2563146A,3,20904.41
2563146A,4,24572.7
2563146A,5,16884.38
2563146A,6,2621.02
2563146A,7,2587.03
2563146A,8,15557.31
2563146A,9,40061.63
2563146A,10,11662.46
2563146A,11,4183.93
2563004,1,49475.89
2615077,1,
2563129,1,58968
4538050,1,5094.31
2615165,1,517.44
2615165,2,517.44
2615165,3,517.44
2615165,4,517.44
2615165,5,517.44
2615165,6,517.44
2615165,7,517.44
2615165,8,517.44
2615165,9,517.44
2563100,1,6587.07
2563100,2,76676.3
2563153,1,38810.4
4538052,1,928.2
2563000,1,216655.35
2563246,1,247807.44
4538009,1,7522.89
4538009,1,1518.66
4538009,1,1141.44
4538009,2,489
4538009,1,143.68
4538009,1,2117.7
4538009,1,406.86
4538009,2,29.07
4538009,3,1476.84
4538009,4,508.06
4538009,5,167.92
4538009,6,167.92
4538009,7,251.88
2563298,1,8683.78
2563359,1,1440.57
2563359,2,22568.87
2563359,3,1440.57
2563359,4,22568.87
2563359,1,32152.05
2563359,2,2334.44
2563359,3,36572.82
2563359,4,572.54
2563359,5,837.96
2563359,6,3677.04
2563359,7,4689.6
2563359,8,535.24
2563359,9,8385.37
2563359,10,48.25
2563359,11,755.84
2563359,12,27.34
2563359,13,428.28
2563359,14,232.39
2563359,15,3640.78
2563359,16,55.44
2563359,17,868.57
2563359,18,200.96
2563359,19,3148.39
2563359,20,53.68
2563359,21,840.94
2563359,22,931.98
2563359,23,222.17
2563359,24,1440.4
2563359,25,71.32
2563359,26,1117.33
2563359,27,187.79
2563359,28,433.38
2563359,29,4.41
2563359,30,4.41
2563359,31,1340.69
2563359,32,65.17
2563359,33,65.17
2563359,34,65.84
2563359,35,65.84
2563359,36,134.69
2563359,37,134.69
2563359,38,463.58
2563359,39,463.58
2563359,40,258.1
2563359,41,3429.07
2563359,42,258.1
2563359,43,3429.07
2563359,44,173.84
2563359,45,2309.55
2563359,46,173.84
2563359,47,2309.55
2563359,48,351.22
2563359,49,4666.25
2563359,50,351.22
2563359,51,4666.25
2563359,52,41.69
2563359,53,551.35
2563359,54,72.83
2563359,55,967.63
2563359,56,649.16
2563359,57,58.05
2563359,58,14.7
2563359,59,195.36
2563359,60,14.54
2563359,61,227.72
2563359,62,102.31
2563359,63,1602.83
2563359,64,168.88
2563359,65,227.61
2563359,66,3565.82
2563359,67,231.25
2563359,68,3622.93
2563359,69,40.93
2563359,70,641.23
2563359,71,138.53
2563359,72,29.53
2563359,73,1029.85
2563359,74,16134.31
2563359,75,143.81
2563359,76,2252.98
2563359,77,229.84
2563359,78,3600.9
2563359,79,14.64
2563359,80,229.47
2563359,81,34843.04
2563359,83,610.01
2563359,84,9556.77
2563359,85,16091.02
2563359,86,58.58
2563359,87,58.58
2563359,88,865.84
2563359,89,865.84
2563359,90,874.77
2563359,91,874.77
2563359,92,1789.49
2563359,93,1789.49
2563359,94,6158.98
2563359,95,6158.98
2563359,1,24.54
2563359,2,384.46
2563359,3,98.16
2563359,4,1537.82
2563359,5,122.7
2563359,6,1922.28
2563359,7,5109.11
2563359,8,634.36
2563359,9,9938.23
2563359,10,2257.68
2563359,11,554.83
2563359,12,8692.37
2563359,13,481.61
2563359,14,3282
2563359,15,3282
2563359,16,508.44
2563359,17,12202.44
2563359,18,508.44
2563359,19,12202.44
2563359,20,1782
2563359,21,113.41
2563359,22,1776.81
2563359,23,234.44
2563359,24,318.81
2563359,25,4994.72
2563359,26,68.93
2563359,27,1079.85
2563359,28,1523.9
2563359,29,46.96
2563359,30,719.89
2563359,31,1276.72
2563359,32,69.65
2563359,33,1090.08
2563359,1,329.3
2563324,1,63087.26
2615162,1,19589.25
4538031,1,936.01
4538031,2,1073.04
4538031,3,20.9
4538031,4,0.79
4538031,5,0.79
4538031,6,13.94
4538031,7,13.94
4538031,8,11.61
4538031,9,16.26
4538031,10,16.26
4538031,11,1333.17
4538032,1,13783.7
4538032,2,427.32
4538032,3,11.65
4538032,4,271.86
4538032,5,24.97
4538057,1,38470.23
4538066,1,35846
4538068,1,2338.29
4538068,2,3325.64
4538068,3,4950.7
4538074,1,1957.49
4538074,2,1399.32
4538074,3,699.57
4538074,4,766.46
4538074,5,3706.87
2562838,1,1886.32
2562838,2,45271.68
2562838,3,12480
2562956,1,70252.67
4538013,1,1677.65
2563022,1,53155.21
2562993,1,64469
2562994,1,64469
2562995,1,64469
256286301,1,71981.4
256286301,2,88733.8
256286302,1,40480
2563202,1,41000.45
2563203,1,29307.25
105504338,1,40390
2563024,1,2549.29
2563024,1,11452.03
2563024,1,4646.94
4538055,1,8264.1
4538055,3,4496.45
4538055,4,5548.32
4538055,5,3675.76
4538055,6,47.39
4538055,2,3541.76
2563151,1,108669.12
2615136,1,1938.15
2615136,2,21.24
2615136,1,17112.07
2615169,1,26310
2615169,2,3250
2615169,3,2390
2615169,4,1550
2563020,1,62937.8
2563106,1,63760.42
2563335,1,28250.4
4538022,1,27540
2563021,1,45004.51
2563021,1,30423
4538037,1,2468.05
4538037,2,2150.32
4538046,1,110486.8
4538046,2,2694.8
2562811,1,6152.37
2562811,2,11623.06
2562811,3,7433.78
2562811,4,15332.16
2562811,5,
2562811,6,
2562811,7,
105504335,1,86280
2615097,1,1500
2615097,2,7380
2562939,1,8119.62
2562939,2,97641.98
2562939,3,4137.6
2563093,1,33840.57
2563093,2,4012.65
2563093,3,157.68
2615122,1,48640
2562963,1,52800
2562963,1,52800
2562963,1,52800
105504341,1,62138
2615166,1,5331.45
2615166,2,426.52
2615166,3,853.03
4538047,1,2206.36
4538047,2,190.16
4538047,3,26.84
4538047,4,17.36
4538047,5,11537.52
4538047,6,4693.66
4538047,7,85.59
4538047,8,170.6
4538047,9,90.23
4538047,10,2109.37
4538047,11,230.76
4538047,12,94.21
4538047,13,170.6
4538047,14,170.6
4538047,15,170.6
4538047,16,170.6
4538047,17,11.64
4538047,18,36.4
4538047,19,371.44
4538047,20,6.5
4538047,21,93.16
4538047,22,94.21
4538047,23,94.21
4538047,24,17.46
4538047,25,170.6
4538047,26,170.6
4538047,27,170.6
4538047,28,1646.67
4538047,29,718.2
4538047,30,170.6
4538047,31,94.21
4538047,32,62.6
4538047,33,31.18
4538047,34,6035.24
4538047,35,8423.66
4538047,36,6035.24
4538047,1,53.3
4538047,1,5150.14
4538047,1,239.01
4538047,1,765.42
4538047,2,902.01
4538047,1,558.38
4538047,1,229.66
4538047,1,108.74
4538047,1,1223.34
4538047,1,529.27
4538047,2,441.06
4538047,1,356.73
4538047,1,12494.92
4538047,1,3484.32
4538047,2,227.46
4538047,3,427.62
4538047,4,1104.32
4538047,5,2011.93
4538047,6,5084.82
4538047,7,5627.82
4538047,1,460.29
4538047,1,138.5
4538047,2,119.05
4538047,1,21.68
4538047,1,1885.11
4538061,1,65345.53
4538061,2,4373.18
4538061,3,5203.76
4538061,4,6190.25
4538061,5,6443
105504360,1,202300
105504360,1,202300
105504360,1,202300
105504360,1,202300
105504360,1,202300
105504360,1,202300
105504360,1,202300
105504360,1,202300
2563327,1,2048.8
2563327,2,6272.44
2563327,3,25.16
2563327,5,9539.48
2563327,6,372.08
2563327,7,9971.15
2563327,8,284.58
2563327,9,245.89
2563327,10,62185.21
2563327,11,1010.82
2563327,4,126.35
2563327,1,1953.67
2563327,2,62.64
2563327,3,3160.51
2563327,4,3160.51
2563327,5,15386.6
2563327,6,323.2
2563327,7,19405.83
2563327,1,20525.2
2563327,2,380
2563327,3,2163.87
2563327,4,76.9
2563327,5,3941.67
2563327,6,170.73
2563327,7,1896.2
2563327,8,76.9
2563327,9,927.76
2563327,10,42.4
2563327,11,3437.26
2563327,12,153.8
2563327,13,2559.27
2563327,14,92.28
2563327,15,20662.84
2563327,16,615.2
2563326,1,18830.55
2563326,2,750.38
2563326,3,9639.28
2563326,4,421.44
2563326,5,8655.05
2563326,6,114.39
2563326,7,812.47
2563326,8,14.66
2563326,9,261.23
2563326,10,7.33
2563326,11,5723.35
2563326,12,133.46
2563326,13,6995.92
2563326,14,812.59
2563326,15,9.53
2563326,16,1572.11
2563326,17,38.07
2563326,18,183.15
2563326,19,10341.75
2563326,20,527.95
2563326,1,76188.21
2563326,2,1474.78
2563326,1,1528.15
4538059,1,864
4538059,2,864
4538059,3,288
4538059,4,11520
4538059,5,2736
4538059,6,576
4538059,7,1008
4538059,8,336
4538071,1,42765.46
4538060,1,610
4538060,2,138
4538060,3,45
4538060,4,15
4538060,5,130
4538060,6,50
4538060,7,2
4538056,1,12024.75
4538035,1,12393.75
4538035,1,1252
4538035,2,3744
2563032,1,12640
2563032,2,12320
2563032,1,52200
2563033,1,37500
2563033,2,14500
2563033,1,24400
2563033,2,43920
2563033,3,12150
4538051,1,34150.04
4538051,4,7234.74
4538051,2,13020.6
4538051,3,4090.29
4538051,5,9762.33
4538051,6,4351.42
2563302,1,7921.66
2563302,2,17060.23
2563302,3,6684.16
2563302,4,21.84
2563302,5,126.58
2563341,1,194733.85
2563341,2,20735.64
2563341,3,14325.51
2563341,1,188988.78
2563341,1,11158.82
2563341,1,9082.98
2563341,1,9591.76
2563341,2,17267.98
2563341,1,30655.65
2563341,1,7323.99
2563341,2,1978.22
2563341,1,61391.83
4538001,1,200
4538026,1,16788
4538070,1,2185.84
4538090,1,406.62
2615184,1,1383.2
2615184,2,712.2
2615184,3,357.6
2615184,4,501.6
2615184,5,89.34
4538095,1,36
2563003,1,49004.78
2563023,1,42576.29
2563023,1,26171.08
2563023,2,6001.03
2563206,1,34206.31
2562869,1,3879.87
2562869,1,5594.7
2562869,2,2044.5
2562869,3,2932.75
2562869,4,16300
2562869,5,7612.5
2562869,1,26399.27
2615086,1,41102.67
2562987,1,108669.12
2563209,1,163002
2563015,1,38748.6
2615119,1,4250
2563132,1,26852.6
2563103,1,56088
2563115,1,27074.52
2563079,1,139142.7
2615130,1,3822.69
2615130,2,5533.76
2615130,3,1513.7
2615130,4,5900.79
2615130,5,5837.68
2615130,6,1215
2615130,7,1215
2615130,8,412.8
2615130,9,419.4
2615130,10,236.55
2563252,1,31762.8
2563296,1,19423.47
2563085,1,1347.87
2563085,1,45626.39
2563085,1,2795.57
4538069,1,430
4538081,1,21246.68
4538081,2,158853.96
4538081,3,3065.59
4538075,1,80
4538092,1,267.92
4538092,2,192.62
4538092,3,33.05
4538092,6,17.51
4538092,7,11.67
4538092,8,132.38
4538092,9,280.18
4538092,10,255.42
4538092,11,220.64
4538092,12,2.37
4538092,15,1669.38
4538092,16,1.26
4538092,19,28.69
4538092,22,48.38
4538092,25,33.12
4538092,28,702.07
4538092,29,38.44
4538092,4,362.21
4538092,5,1317.32
4538092,13,55.05
4538092,14,14.06
4538092,20,547.3
4538092,21,1518.55
4538092,23,891.13
4538092,24,217.8
4538092,26,770.75
4538092,27,196.85
4538092,30,708.33
4538092,31,173.14
4538092,17,412.37
4538092,18,0.85
4538092,1,572.61
4538092,2,4126.76
4538092,3,589.54
4538092,1,77.36
4538092,2,2936.77
4538092,3,2846.52
4538092,1,116.74
4538092,1,59.26
4538092,1,17277.52
2615183,1,1400
4538058,1,16142.2
4538058,2,540
4538058,3,322
4538058,4,3428.7
4538098,1,111
4538098,1,42809.84
4538098,2,1021.44
4538098,4,4
4538098,3,2288.66
4538098,1,301.07
4538098,1,853.6
4538078,1,5696.39
4538078,2,20380.73
4538078,3,840.98
4538078,4,313.43
4538078,5,374.95
4538078,6,420.57
2562913,1,53423.8
2562944,1,113755.1
2562914,1,1819.02
2562914,2,1255.8
2562914,3,831.6
2562914,4,1713.75
2562914,5,1891.56
2562914,6,5361.3
2562914,7,1174.5
2562914,8,9720.54
2562914,9,34788
2562914,10,16893.72
105504312,1,35999
2615087-1,1,2919.74
2615087-1,2,2686
2615087-1,3,8513.38
2615087-1,4,2065.38
2615087-1,5,1386.32
2615087-1,6,1157.42
2615087-1,7,3211.51
2615087-1,8,3015.45
2615087-1,9,2150.01
2615087-1,10,118.89
2615087-1,11,1365.36
2615087-1,12,222.15
2615087-1,13,222.15
2615087-1,14,1115.91
2615087-2,1,46691.35
2562980,1,46607.94
2562982,1,45094.31
2562917,1,4428
2562917,2,785.95
2562917,3,1966
2562917,4,1028.5
2562917,5,122.64
2562917,6,547.56
2562917,7,1560
2562917,8,582.96
2562917,9,388.64
2562917,10,5760
2562917,11,377.6
2562917,12,650
2562917,13,758.4
2562917,14,144.57
2562917,15,464
2562917,16,116
2562917,17,215
2562917,18,190
2562917,19,141.9
2562917,20,330
2562917,21,1051.2
2562917,22,399
2562917,23,450
2562917,24,173.13
2562917,25,298.5
2562917,26,616
2562917,27,72.8
2562917,28,182
2562917,29,7870
2562917,30,787
2562917,31,3778
2562917,32,0
2562917,33,190.24
2562917,34,232.8
2562917,35,870
2562917,36,261.6
2562917,37,2872.8
2562917,38,1286.4
2562917,39,1688.4
2562917,40,5729.82
2562917,41,1578.1
2562917,42,1625
2562917,43,1716
2562917,44,297
2562917,45,119
2562917,46,1893.36
2562917,47,2304.48
2562917,48,1420
2562917,49,260
2562917,50,1627.5
2562917,51,39.06
2562917,52,2100
2562917,53,2330
2562917,54,2100
2562917,55,176
2562917,56,2116.8
2562917,57,59.8
2562917,58,2947.84
2562917,59,1861.92
2562917,60,4640.02
2562917,61,662.86
2562917,62,6800
2563113,1,30600
105504339,1,82620
105504340,1,76125
105504344,1,46125
105504345,1,43999
2615146,1,1068.22
2615144,1,1139.48
105504346,1,47005
105504347,1,61750
2563248,1,77904.03
2563248,1,13159.05
2563248,1,30605.15
2563248,1,10488.19
2563248,1,57899.84
105504348,1,70840
2615154,1,24384.52
105504354,1,28500
4537980,1,7183.86
2615142,1,14427.9
2563323,1,39662.86
2563323,1,65859.56
2615140-2,1,8827.08
2615140-3,1,8644.01
2615140-4,1,57557.25
261514011,1,8415.32
261514011,2,19084.79
261514011,4,266.15
261514011,5,1729.18
261514011,6,2374.06
261514011,3,706.78
2615140-5,1,285.09
2615140-5,2,714.33
2615140-5,3,68.57
2615140-5,4,240.02
2615140-5,5,51.65
2615140-5,6,40.08
2615140-5,7,124.62
2615140-5,8,57.54
2615140-5,9,570.17
2615140-5,10,134.85
2615140-5,11,32.78
2615140-5,12,215.76
2615140-5,13,320.39
2615140-5,14,29.95
2615140-5,15,91.96
2615140-5,16,257.78
2615140-5,17,1408.91
2615140-5,18,256.44
2615140-5,19,569.46
2615140-5,20,28.45
2615140-5,1,327.85
2615140-5,2,138.44
2615140-5,3,102.03
2615140-5,4,25.05
2615140-5,5,145.35
2615140-5,6,565.24
2615140-5,7,3.75
2615140-5,8,99.51
2615140-5,9,289.58
2615140-5,10,208.14
2615140-5,11,173.26
2615140-5,12,234.57
2615140-5,13,158.27
2615140-5,14,21.99
2615140-5,15,128.75
2615140-5,16,193.81
2615140-5,17,19.76
2615140-5,18,62.63
2615140-5,19,42.58
2615140-5,20,830.44
2615140-5,21,111.33
2615140-5,22,22.48
2615140-5,23,1823.66
2615140-5,24,776.53
2615140-5,1,77.55
2615140-5,2,56.14
2615140-5,1,118.63
2615140-5,2,341.49
2615140-5,3,154.52
2615140-5,4,71.54
2615140-5,5,226.44
2615140-5,6,46.92
2615140-5,7,65.28
2615140-5,8,9.96
2615140-5,1,87.8
2615140-5,1,105.82
2615140-5,2,79.58
2615140-5,3,21.12
2615140-5,4,150.61
2615140-5,5,94.56
2615140-5,1,29.92
2615140-5,2,774.09
2615140-5,3,104.97
2615140-5,4,109.42
2615140-5,5,239.99
2615140-5,6,83.42
2615140-5,7,431.4
2615140-5,8,163.64
2615140-5,9,139.23
2615140-5,10,145.23
2615140-5,11,311.97
2615140-5,12,93.49
2615140-5,13,25.64
2615140-5,14,294.43
2615140-5,15,51.82
2615140-5,16,107.21
2615140-5,17,52.52
2615140-5,18,113.79
2615140-5,19,246.58
2615140-5,20,112.76
2615140-5,1,28.58
2615140-5,2,103.29
2615140-5,3,13.57
2615140-5,4,79.65
2615140-5,5,487.61
2615140-5,6,37.08
2615140-5,7,1370.31
2615140-5,8,126.81
2615140-5,9,1199.67
2615140-5,10,34.82
2615140-5,11,170.94
2615140-5,12,408.85
2615140-5,13,1096.67
2615140-5,14,24.98
2615140-5,15,26.76
2615140-5,16,52.03
2615140-5,1,113
2615140-5,2,69.3
2615140-5,3,106.49
2615140-5,4,202.82
2615140-5,5,12.8
2615140-5,6,959.04
2615140-5,7,72.43
2615140-5,8,261.26
2615140-5,9,130.39
2615140-5,10,10.48
2615140-5,11,74.37
2615140-5,12,807.16
2615140-5,13,26.59
2615140-5,14,198.18
2615140-5,15,478.51
2615140-5,16,220.14
2615140-5,17,57.85
2615140-5,18,526.08
2615140-5,19,219.95
2615140-5,20,177.72
2615140-5,21,56.02
2615140-5,22,54.93
2615140-5,23,426.28
2615140-5,24,167.33
2615140-5,25,736.44
2615140-5,26,145.49
2615140-5,27,661.7
2615140-5,28,91.87
2615140-5,29,93.38
2615140-5,30,461.06
2615140-5,31,121.88
2615140-5,32,167.33
2615140-5,33,122.78
2615140-5,1,1395.9
2615140-5,1,102
2615140-5,2,19.2
2615140-5,3,8.8
2615140-5,4,244.3
2615140-5,1,890.64
2615140-5,2,111.9
2615140-5,3,599.3
2615140-5,4,843
2615140-5,5,2299.5
2615140-5,6,243.81
2615140-5,1,224.76
2615140-5,1,176.72
2615140-5,2,200.46
2615140-5,1,520
2615140-5,1,339.5
2615140-5,2,56.47
2615140-5,3,2343.55
2615140-5,4,584.41
2615140-5,5,54.04
2615140-5,6,190.45
2615140-5,7,336.31
2615140-5,8,44.95
2615140-5,9,137.52
2615140-5,10,539.46
2615140-5,11,109.58
2615140-5,12,179.25
2615140-5,13,131.7
2615140-5,14,141.24
2615140-5,15,143.4
2615140-5,16,67.64
2615174,1,15215.35
2615174,2,3294.82
2615174,1,20044.26
2615148,1,18336
2563356,1,54760.73
2563356,1,55124.61
2563356,1,55124.61
2563356,1,45708.57
2563356,1,36749.74
2563356,1,16836.36
4537976,1,6751.25
4537976,2,6751.25
4538082,1,8967.42
4538086,1,717.5
4538089,1,5652.15
4538089,2,7097.79
4538089,3,2334.8
2615182,1,1472
2615182,2,1472
2615182,3,736
2615182,4,1104
2615182,5,958.08
2615182,6,2208
2615182,7,1472
2615182,8,2208
2615182,9,736
2615182,10,1472
2615182,11,1472
2615182,12,1472
2615182,13,1472
2615182,14,1472
4538076,1,3142.95
4538097,1,69936
4538094,1,3997
4538105,1,3904.31
4538105,2,6.64
4538105,3,1480.46
4538105,4,1348.4
4538105,5,4.31
4538105,6,22746.63
4538105,7,8.17
4538105,8,47.06
2563017,1,18560.26
2563017,2,61573.37
2563017,3,3902.32
2563017,1,18560.26
2563017,2,61573.37
2563017,3,3902.32
2563017,1,18560.26
2563017,2,61573.37
2563017,3,3902.32
2563017,1,18560.26
2563017,2,61573.37
2563017,3,3902.32
2563017,1,18560.26
2563017,2,61573.37
2563017,3,3902.32
2563017,1,18560.26
2563017,2,61573.37
2563017,3,3902.32
2563017,1,18560.26
2563017,2,61573.37
2563017,3,3902.32
2563017,1,18560.26
2563017,2,61573.37
2563017,3,3902.32
2563017,1,18560.26
2563017,2,61573.37
2563017,3,3902.32
2563017,1,18560.26
2563017,2,61573.37
2563017,3,3902.32
2563017,1,18560.26
2563017,2,61573.37
2563017,3,3902.32
2563017,1,18560.26
2563017,2,61573.37
2563017,3,3902.32
2563111,2,61573.37
2563111,3,3902.32
2563111,1,18560.26
2563111,2,61573.37
2563111,3,3902.32
2563111,1,18560.26
2563111,2,61573.37
2563111,3,3902.32
2563111,1,18560.26
2563111,2,61573.37
2563111,3,3902.32
2563111,1,18560.26
2563111,2,61573.37
2563111,3,3902.32
2563111,1,18560.26
2563111,2,61573.37
2563111,3,3902.32
2563111,1,18560.26
2562875,1,4860
2562875,2,22500
2562875,3,15000
2562875,4,280
2562875,5,612
2562875,6,1350
2562876,2,71529.6
2562876,1,2980.4
105504313,1,40375
2563007,1,17600.64
2562867,2,57565.04
2562867,3,3648.29
2562867,1,17352.02
2562867,2,57565.04
2562867,3,3648.29
2562867,1,17352.02
2562867,2,57565.04
2562867,3,3648.29
2562867,1,17352.02
2562867,2,57565.04
2562867,3,3648.29
2562867,1,17352.02
2562867,2,57565.04
2562867,3,3648.29
2562867,1,17352.02
2562867,2,57565.04
2562867,3,3648.29
2562867,1,17352.02
2563157,1,38810.4
2563112,1,146000
2563112,2,115300
2563016,1,14807.02
2563016,2,9366.61
2563016,1,9478.96
2563016,2,18733.23
2563016,1,9478.96
2563016,2,18733.23
2563016,1,9478.96
2563016,2,18733.23
2563282,1,216560.5
2563364,1,8683.78
2563357,1,6486.73
2563357,2,406
2563357,3,78.15
2563357,4,1023.12
2563357,5,51.37
2563357,6,1523.9
2563357,7,18691.19
2563357,8,762.44
2563357,9,72.47
2563357,10,343.8
2563357,11,10191.75
2563357,12,380.83
2563357,13,304.8
2563357,14,1508.85
2563357,15,3736.01
2563357,16,279.22
2563357,17,4280.73
2563357,18,342.87
2563357,19,585.12
2563357,20,388.97
2563357,21,2232.26
2563357,22,207.81
2563357,23,21491.03
2563357,24,3678.32
2563357,25,3611.89
2563357,26,2667.41
2563357,27,108.5
2563357,28,32182.05
2563357,29,1440.4
2563357,30,416.4
2563357,31,931.36
2563357,32,1479.69
2563357,33,52.01
2563357,34,2219.54
2563357,35,78.02
2563357,36,2219.54
2563357,37,78.03
2563357,38,8561.47
2563357,39,685.73
2563357,40,4499.02
2563357,41,424.66
2563357,42,20275.19
2563357,43,3916.81
2563128,1,8671.22
4538093,1,1488.03
4538093,2,1488.03
4538093,3,1488.03
4538093,5,59.24
4538093,6,1386.15
4538093,7,187.19
4538093,8,1279.52
4538093,9,2938.16
4538093,10,753.5
4538093,11,8158.15
4538093,12,810.36
4538093,13,287.89
4538093,14,540.24
4538093,15,585.27
4538093,16,1104.18
4538093,17,435.98
4538093,18,3511.58
4538093,4,1488.03
4538101,1,7916
4538101,2,736
4538101,3,48
4538101,4,636.8
2563216,1,8671.22
4538103,1,3702.17
4538113,1,35970.82
4538113,2,8934.96
4538113,3,578.94
4538116,1,354900
105504317,1,54542
2562930,1,5320
2563225,1,1530
2615133,1,6450
2615133,2,6100
2563280,1,14416.75
2563280,2,5499.75
2563280,3,1203.75
2563350,1,41068.57
2563338,1,96328.68
2563338,1,4818.6
2563338,2,74.92
2563338,1,210
2563338,2,204.36
2563338,3,397.66
2563338,1,8752.15
2563328,1,513.53
2563328,2,6.21
2563328,1,33907.99
2563328,2,626.4
2563328,1,269.03
2563328,2,7.88
2563328,3,110.03
2563328,4,37.56
2563328,5,177.36
2563328,6,47.04
2563328,1,1271.83
2563328,2,1501.83
2563328,3,11.04
2563328,4,566.5
2563328,5,5870.79
2563328,6,449.07
2563328,7,3019.85
2563328,8,3106.29
2563328,9,461
2563328,1,2533.19
2563328,2,211.2
2563328,3,3030.57
2563328,4,211.2
2563328,5,2063.54
2563328,6,435.21
2563328,7,1150.13
2563328,8,108.8
2563328,9,798.8
2563328,10,19.8
2563328,1,5435.55
2563328,2,99.36
2563328,3,11373.72
2563328,4,195.84
2563328,5,4751.47
2563328,6,107
2563328,7,5.52
2563328,8,2605.89
2563328,9,65.2
2563328,10,1056.05
2563328,11,16.96
2563328,12,2920.05
2563328,13,58.68
2563328,14,481.18
2563328,15,25.44
2563328,16,3.05
2563328,17,2721.1
2563328,18,84.6
2563328,19,282.17
2563328,20,218.74
2563328,22,122.17
2563328,23,2.43
2563328,24,19.88
2563328,25,2.82
2563328,26,5325.43
2563328,29,153.8
2563328,28,5053.7
2563328,31,0.55
2563328,32,875.07
2563328,33,20.42
2563328,34,314.5
2563328,35,819.77
2563328,36,30.64
2563328,37,336.17
2563328,38,632.37
2563328,39,17.58
2563328,40,16.36
2563328,41,185.3
2563328,43,600.18
2563328,44,732.76
2563328,45,28.97
2563328,46,0.55
2563328,47,39.49
2563328,48,0.55
2563328,49,301.03
2563328,50,10.21
2563328,51,252.04
2563328,52,7.66
2563328,53,2130.18
2563328,54,68.93
2563328,55,30.93
2563328,56,0.55
2563328,57,654.65
2563328,58,20.42
2563328,59,618.41
2563328,60,322.4
2563328,61,942.77
2563328,62,1058.97
2563328,63,1775.71
2563328,64,984.59
2563328,65,19.2
2563328,66,1055.61
2563328,67,11.52
2563328,68,214.76
2563328,69,483.31
2563328,70,9.72
2563328,71,594.16
2563328,72,42.42
2563328,73,633.82
2563328,74,24.3
2563328,75,320.25
2563328,77,4379.86
2563328,78,97.2
2563328,79,259.64
2563328,80,9.6
2563328,81,138.35
2563328,82,2.7
2563328,83,87.25
2563328,84,1.92
2563328,85,5736.01
2563328,87,7865.66
2563328,89,1808.47
2563328,90,9438.57
2563328,94,201.36
2563328,92,207.65
2563328,96,1376.75
2563328,21,5.11
2563328,27,66.24
2563328,30,25.62
2563328,76,4.86
2563328,86,38.4
2563328,88,77.28
2563328,91,384.5
2563328,93,5.52
2563328,95,5.52
2563328,97,33.12
2563328,98,2731.95
2563328,99,38.64
2563328,100,1364.46
2563328,101,38.45
2563328,102,2167.22
2563328,103,27.6
2563328,104,796.85
2563328,105,15.38
2563328,42,11.28
2563328,1,1553.41
2563328,1,162.44
2563328,2,7.66
2563328,3,229.97
2563328,4,7.88
2563328,5,5485.4
2563328,6,76.6
2563328,1,402.12
2563328,2,11.76
2563328,1,3721.79
2563328,2,87.3
4538041,1,6830.42
2563080,1,88362.95
2563080,2,11967.99
2563080,1,421.86
2563325,1,22619.52
105504337,1,65110
2563214,1,23161.04
2563395,1,63087.26
2563105,1,3161.08
2563105,2,11600.16
2563105,1,9478.96
2563105,2,18733.23
2563105,1,9478.96
2563105,2,18733.23
2563105,1,16261.67
2563213,1,3915.61
2563213,2,18733.23
2563213,1,9478.96
2563213,2,18733.23
2563213,1,9478.96
2563213,2,18733.23
2563213,1,6895.05
2563213,2,9366.61
2563332,1,30801.42
2563333,1,130132.93
2563331,1,130161.03
2563331,1,1.06
2563331,4,0.59
2563362,1,3201.23
2563362,1,3201.23
2563362,1,3201.23
2563362,1,3201.23
2563362,1,3201.23
2563362,1,3201.23
2563362,1,3201.23
2563408,1,28647.65
2563408,1,63560.21
2563408,1,88431.6
4538099,1,235
4538099,2,266.27
4538099,3,18488.24
4538099,1,12302.92
4538099,1,156.81
4538099,2,200.44
4538099,3,610.98
4538099,4,957.86
4538099,5,1093.49
4538099,6,780.22
4538099,1,555.13
4538099,1,1053.88
4538099,1,235.72
4538099,2,11.94
4538099,3,56.36
4538099,4,41.6
4538099,5,93.71
4538099,6,0.44
4538099,7,74.15
4538099,8,63.96
4538099,9,90.98
4538099,10,163.78
4538099,11,2.43
4538099,12,0.77
4538099,13,0.48
4538099,14,81.52
4538099,15,23.11
4538099,16,34.64
4538099,17,34.64
4538099,18,68.53
4538099,19,324.84
4538099,20,0.58
4538099,21,745.42
4538099,22,127.38
4538099,23,1.22
4538099,24,0.9
4538099,25,3.66
4538099,26,7.23
4538099,27,66.99
4538099,28,196.52
4538099,29,67.32
4538099,30,134.2
4538099,31,129.97
4538099,32,30.98
4538099,33,5.32
4538099,34,1.46
4538099,35,13.98
4538099,36,10.92
4538099,37,17.3
4538099,38,17.44
4538099,39,90.28
4538099,40,138.57
4538099,41,41.6
4538099,42,52.16
4538099,43,558.69
4538099,44,68.12
4538099,45,73.9
4538099,46,907.63
4538099,47,600.47
4538099,48,69.03
4538099,49,1.73
4538099,50,4.66
4538099,51,18.42
4538099,52,134.38
4538099,53,328.41
4538099,54,179.78
4538099,55,496.68
4538099,56,127.98
4538099,57,454.92
4538099,58,17.24
4538099,59,2.71
4538099,60,19.99
4538099,61,123.35
4538099,62,60.23
4538099,63,193.86
4538099,64,116
4538099,65,116
4538099,66,32.57
4538099,67,1469.4
4538099,68,1546.72
4538099,69,272.95
4538099,71,1469.4
4538099,72,1469.4
4538099,73,527.7
4538099,74,8588.89
4538099,70,906.43
4538099,1,189.44
4538099,1,108.32
4538099,1,241.55
4538099,1,384.69
4538099,2,2281.97
4538099,1,2022.7
4538099,1,2084.4
4538099,1,1172.07
4538099,1,1306.02
4538120,1,200
4538118,1,1000
105504305,1,64607
105504306,1,44900
2563002,1,81647.45
105504349,1,72356
105504350,1,48482
2563219,1,12244.24
2563219,1,12346.75
2615168,1,3816.5
2615168,1,1128.78
2563370,1,124588.33
2614883,1,106246.92
2563238,1,28499.5
4538085,1,254.16
4538085,2,476.44
4538085,3,535.11
4538109,1,13584.88
4538109,1,9591.51
4538109,1,5793.23
4538109,1,2867
4538084,1,1244.81
4538119,1,800
4538127,1,783.24
4538096,1,14464.78
4538126,1,90.72
4538139,1,2591.12
4538139,2,863.71
4538139,3,1964.93
4538139,4,2116.08
4538139,5,19885.09
4538139,6,19541.34
4538139,7,2159.26
2615207,1,6295.43
2562985,1,41838.42
2562985,2,41858.53
2563040,1,26868.84
2563035,1,148340.6
2563319,1,26840
2563104,1,20600
4538111,1,37514.4
4538112,1,37514.4
2563489,1,4122.08
4538104,1,39788.69
4538143,1,26880
2562984,1,61002
2615167,1,150500
2563300,1,14726.88
2563300,2,26411
2563300,3,5824
2563300,4,7186.2
2563301,1,4802
2563301,2,2913.4
2563301,3,3370
2563301,2,8569.12
2563301,1,734.5
2563301,3,14661.5
2563346,1,38524.2
2563346,1,38524.2
2563005,1,61883.1
4538114,1,1296
4538134,1,31887.24
4538133,1,34104
4538138,1,1303.27
4538138,2,854.51
4538138,3,139.51
4538138,4,41.85
4538138,5,2748.39
4538138,6,67.59
4538138,7,2.67
4538138,8,283.09
4538138,9,317.39
4538138,1,4948.03
4538138,2,618.5
4538138,3,285.71
4538138,4,285.71
4538138,5,304.02
4538138,6,1766.22
4538138,7,1766.22
4538138,8,588.74
4538138,1,906.48
4538034,1,109440.84
4538083,1,200
4538083,2,200
2615206,1,1521
2615206,2,507
2615206,3,507
2615206,4,507
2615206,5,507
2615206,6,507
2615206,7,1014
2562999,1,17600.64
4538144,1,1387.66
2615208,1,23875.64
2615208,2,11724.24
2615208,3,59756.04
2562945,1,4602.6
2562945,2,96471.44
2562945,3,6272
2563091,1,64469
2563090,1,64469
2563092,1,64469
105504351,1,50946
2563251,1,13280
2563320,1,18967.41
105504363,1,4200
105504363,2,7600
105504363,3,13600
105504363,4,8200
105504363,5,4000
2563419,1,85156.04
2563419,2,6499.23
4538108,1,177.65
4538108,2,594.51
4538108,3,36.12
4538108,1,266.88
4538108,2,77.96
4538108,1,327.82
4538108,1,241.51
4538108,1,115.4
4538087,1,150380
2563509,1,59747.1
4538106,1,1215
4538140,1,8180.24
105504394,1,298659.15
4538141,1,3579.47
105504397,1,1058200
2563071,1,41186.6
105504352,1,98645
105504353,1,42590
105504357,1,36999
105504358,1,70540
105504359,1,40390
2563336,1,22371.98
2563114,1,91277.2
2563434,1,8683.78
2615223,1,19500
2615223,1,2572
2563039,1,16018.56
4538147,1,294342.36
4538146,1,1412.88
4538146,2,877.88
2563228,1,156716.04
2563217,1,46028.25
2563398,1,106448.3
4538102,1,18569.09
4538102,2,466.56
4538128,1,58142.71
4538129,1,2530.42
4538129,1,1475.55
4538129,1,573.21
4538048,1,1770.68
4538149,1,1369.11
4538149,2,2.38
4538149,3,4904.66
4538149,4,5.17
4538149,5,343.81
4538149,6,930.61
4538149,7,5.01
4538149,8,6246.94
4538149,9,124.87
4538149,10,421.47
4538149,11,1326.47
4538149,12,1.19
4538149,13,136.65
4538149,14,0.16
4538149,15,4415.08
4538149,16,51.88
4538149,17,0.1
4538149,18,1685.87
4538149,19,450.25
4538149,20,0.65
4538148,1,4310.24
4538148,2,663.2
4538131,1,2800
4538122,1,178940.61
4538122,2,254.61
2563019,1,17888.02
2563019,1,142243.87
2615118,1,1800
2615118,2,1800
2615118,3,2250
2615118,4,2250
2563175,1,35940
2563334,1,105371.33
2563322,1,5556.45
2563322,1,9262.15
2563322,1,18294.24
2563383,1,58572
2563479,1,124381.18
2563479,1,10718.92
2563479,1,83.92
2563479,2,61.54
2563479,3,114.56
2563479,4,30.77
2563479,5,30.77
2563479,6,30.77
2563479,7,37.77
2563479,8,30.77
2563479,9,30.77
2563479,10,30.77
2563479,11,23.08
2563479,12,57.52
2563479,13,174.61
2563479,14,245.48
2563479,15,81.59
2563479,16,61.68
2563479,17,95.58
2563479,18,119.94
2563479,1,291.4
2563479,2,349.68
2563479,1,28533.89
2563479,2,1433.69
2563479,3,1419.7
2563396,1,175.64
2563396,2,75.12
2563396,1,270.56
2563396,2,112.32
2563396,1,442.09
2563396,3,672.32
2563396,4,38.88
2563396,5,1.47
2563396,6,0.96
2563396,7,1218.48
2563396,8,40.08
2563396,9,215.03
2563396,10,43.3
2563396,11,10070.16
2563396,12,418.28
2563396,13,5421.22
2563396,14,223.08
2563396,15,816.77
2563396,16,21.52
2563396,17,3982.74
2563396,2,46.86
2563396,1,6691.55
2563396,2,196.8
2563396,3,2927.54
2563396,4,86.1
2563396,5,23102.34
2563396,6,870.74
2563396,7,20.8
2563396,8,313.12
2563396,9,185.07
2563396,11,277.21
2563396,13,98.31
2563396,14,1.65
2563396,15,739.29
2563396,16,308.28
2563396,17,36.2
2563396,18,486.9
2563396,19,63.35
2563396,20,1019.32
2563396,21,39
2563396,22,786.98
2563396,23,392.74
2563396,24,25.65
2563396,25,14.46
2563396,26,1.83
2563396,27,15.69
2563396,28,1.81
2563396,29,26.53
2563396,30,0.55
2563396,31,25.51
2563396,32,0.55
2563396,33,30.02
2563396,34,0.55
2563396,35,30.06
2563396,36,0.55
2563396,37,53.74
2563396,38,0.55
2563396,39,34.36
2563396,40,0.55
2563396,41,29.08
2563396,42,0.55
2563396,43,32.95
2563396,44,0.55
2563396,45,37.3
2563396,46,0.55
2563396,47,1894.01
2563396,48,70.2
2563396,50,4946.15
2563396,51,96
2563396,52,2037.12
2563396,53,6313.14
2563396,54,196
2563396,55,6126.02
2563396,56,112.37
2563396,57,1581.69
2563396,58,60.76
2563396,59,44.57
2563396,60,2522.07
2563396,61,78.4
2563396,62,13183.51
2563396,63,396.6
2563396,64,5067.07
2563396,65,170.1
2563396,66,10479.02
2563396,67,1886.54
2563396,68,39.66
2563396,69,10714.45
2563396,70,2803.22
2563396,71,52.88
2563396,72,145.56
2563396,73,3.2
2563396,74,6442.59
2563396,75,59.64
2563396,76,416.86
2563396,77,7.64
2563396,78,6158.24
2563396,79,191
2563396,82,545.57
2563396,81,15.28
2563396,80,616.7
2563396,84,3475.86
2563396,85,74.55
2563396,86,1327.42
2563396,87,14.91
2563396,88,11728.25
2563396,89,28433.17
2563396,90,1768.42
2563396,91,307.7
2563396,92,4413.79
2563396,93,54.09
2563396,94,1.94
2563396,10,10.64
2563396,49,2.6
2563396,83,4.97
2563396,95,1
2563396,12,10.4
2563396,1,225.23
2563396,2,8.1
2563451,1,143.92
2563451,2,37.32
2563451,1,213.26
2563451,2,58.5
2563451,1,33839.1
2563451,2,621.9
2563451,1,78.12
2563451,2,24805.89
2563451,3,430.3
2563451,4,3666.19
2563451,5,134.52
2563451,6,3492.45
2563451,7,141.6
2563451,8,249.39
2563451,9,5.94
2563451,10,1964.07
2563451,11,70.8
2563451,12,542.73
2563451,13,18.17
2563451,14,5961.24
2563451,15,225.29
2563451,1,442.75
2563451,2,2977.34
2563451,3,910.05
2563451,4,315.69
2563451,1,7338.25
2563451,2,172.68
2563451,3,29050.98
2563451,4,19132.66
2563451,5,2408.89
2563451,6,3151.95
2563451,7,1440.38
2563451,8,66.24
2563451,9,3899.5
2563451,10,76.32
2563397,1,913.24
2563397,2,36.79
2563397,3,5.89
2563397,4,47023.72
2563397,5,1245.27
2563397,1,70.75
2563397,2,4.09
2563397,3,160.36
2563397,4,38.19
2563397,5,194.95
2563397,6,20.4
2563397,7,25.49
2563397,8,1.71
2563397,9,326.77
2563397,10,11
2563397,11,102.19
2563397,12,169.71
2563397,13,4.92
2563397,14,1438.17
2563397,15,37.95
2563397,16,1299.16
2563397,17,49.2
2563397,18,2257.91
2563397,19,66.1
2563397,21,33230.17
2563397,22,330.5
2563397,25,15.72
2563397,26,2095.66
2563397,27,19.83
2563397,29,10978.2
2563397,30,396.6
2563397,31,940.01
2563397,32,61
2563397,33,2329.48
2563397,34,33.05
2563397,35,610.41
2563397,36,36.6
2563397,37,40054.26
2563397,38,396.6
2563397,40,260.13
2563397,39,3900.8
2563397,41,9.6
2563397,45,5375.32
2563397,46,114.6
2563397,47,5419.26
2563397,48,168.08
2563397,49,2771.24
2563397,50,456.12
2563397,20,148.37
2563397,23,3399.04
2563397,24,735.56
2563397,28,11
2563397,42,8696.56
2563397,43,74.55
2563397,44,1061.6
2563397,1,7815.32
2563397,2,69.95
2563397,3,3425.61
2563397,1,1668.95
2563397,2,61.12
2563397,3,1144.8
2563397,4,19.65
2563397,5,3358.15
2563397,6,121.5
2563397,7,18793.24
2563397,8,764
2563397,1,3690.88
2563397,2,89.1
2563397,1,1384.2
2563397,1,3705.24
2563397,2,87.06
2563397,3,3416.35
2563397,4,76.8
2615171,1,6592.77
2615171,2,6245.78
2563478,1,88759.04
2563478,1,11094.88
2563478,1,41823.59
2563478,1,49850.44
4538135,1,2036.3
4538135,2,543.02
4538135,4,1787.29
4538135,3,1191.53
4538132,1,11772.01
4538080,1,48533.4
4538150,1,27540.02
2615186,1,37670.81
2615186,1,3974.38
2562919,1,17463.6
2562919,2,3355.2
2563584,1,1227.07
2563584,2,1418.35
2563584,3,9488.43
2563584,4,1227.07
2563584,5,1401.72
2563584,6,1418.35
2563584,7,12653.46
2563584,8,13937.79
2563584,9,822.2
2563584,10,1557.94
2563584,11,1906
2563584,12,22832.22
2563584,13,4403.83
2563584,14,5629.84
2563584,15,9013.73
2563241,1,278285.4
2615161,1,9928.98
2563285,1,126529.2
2563299,1,30713.64
2615187,1,70.74
2615187,1,37670.81
2563286,1,10750
4538125,1,34104
4538124,1,37514.4
4538049,1,14580.94
4538049,2,539
4538049,3,7107.22
4538049,4,3661.3
4538049,5,8761.47
4538049,6,2582.8
4538049,7,31.19
4538049,8,3087.45
4538049,9,276.04
4538049,10,87.17
4538049,11,675.12
4538049,12,1744.02
4538166,1,25701.25
4538166,2,40.73
4538166,3,184.87
4538136,1,16000
4538171,1,14917.49
4538171,2,15469
4538171,3,813.24
2563099,1,26752.19
2563250,1,33200
2563384,1,128808
2563343,1,144332.95
2563343,2,2907.05
2563344,1,354240
2563439,1,22573.81
2563439,2,266
2563439,3,307.04
2563439,4,3710.4
2563439,5,83.5
2563439,6,1160.04
2563439,7,2620.01
2563439,8,44.6
2563439,9,404.32
4538161,1,1145.1
4538154,1,11002.5
4538154,2,1915.9
4538154,3,980
4538154,4,189
4538154,5,2061.5
2563082,1,28499.5
2563038,1,39360
2563189,1,27669.6
2563135,1,148340.6
2563204,1,31969.27
2563204,2,7821.44
2563204,3,1733.16
2563204,4,1288.76
2563432,1,21031.47
2563218-1,1,59090.94
2563218-2,1,4110.16
2563345,1,259546.5
2563345,2,23468.47
2563433,1,21031.47
2563368,1,4875.36
2563368,1,9836.62
2563368,1,16227.98
4538091,1,19951.14
4538091,2,14873.9
4538091,3,3367.94
4538091,4,31431.25
4538091,5,31431.25
4538091,6,11616.12
4538091,7,4912.56
4538091,8,12936
4538091,9,3968.64
4538175,1,46399.92
4538175,2,47.16
4538175,3,208.73
4538178,1,2692.9
4538178,2,2437.46
4538178,3,1624.97
2562970,1,81647.45
2563130,1,770.4
2563130,2,18489.6
2563130,3,2640
2563221,1,46629.69
2563221,2,97645.86
2563221,3,1139.21
2563221,4,1139.21
2563222,1,10152.79
2563222,2,12244.46
2615139,1,6959.59
2615139,2,172.33
105504362,1,82431
105504370,1,70600
105504371,1,58995
105504372,1,44005
105504373,1,37403
105504376,1,64385
4538100,1,1998.27
2563220,1,34439.65
2563220,2,28740.85
2563224,1,9060.81
2563224,3,11380.62
2563224,2,13544.32
4538153,1,3850
4538153,2,1296
2563615,1,6636.24
2563615,2,2082.56
4538164,1,4592.5
4538162,1,578.5
4538162,2,292.5
4538167,1,315.86
4538167,2,3065.01
4538167,3,744.03
4538167,4,8348.06
4538167,5,754.55
4538167,6,1328.95
4538167,7,1188.57
4538167,8,499.53
4538167,9,800.17
4538167,10,46.79
4538167,11,146.23
4538167,12,699.57
4538167,13,580.24
4538167,14,318.2
4538167,15,280.76
4538167,16,1169.85
4538167,17,1169.85
4538167,19,294.8
4538167,20,2515.18
4538167,22,584.93
4538167,23,1722.03
4538167,24,678.52
4538167,25,194.19
4538167,26,70.2
4538167,27,339.26
4538167,28,407.11
4538167,29,308.84
4538167,30,448.05
4538167,31,325.22
4538167,18,1228.35
4538167,21,1228.35
4538177,1,45316.83
4538179,1,276.09
4538179,2,20429.5
2563401,1,444285.52
2563401,2,19614.48
2562992,1,187720
2562992,2,89880
2615145,1,3352.68
2615145,2,21198.87
2615145,3,685.64
2615145,4,626.48
2615145,5,1619.48
2615145,6,184.93
2563127,1,6330.68
2563127,2,1304.58
2563127,3,581.4
2563127,4,15387
2563127,5,7708.68
2563127,6,15534.9
2563127,7,22528.8
105504328,1,66096
2563010,2,61573.37
2563010,3,3902.32
2563010,1,18560.26
2563349,1,69405.76
2563304,1,126174.51
105504365,1,46995
105504366,1,55595
105504367,1,59995
105504368,1,61795
105504375,1,51700
2563097,1,49992.08
2563097,2,1833.7
2563155,1,146285.02
2563229,1,77620.8
105504377,1,58060
105504378,1,44466
2563353,1,32597.34
2563363,1,99762.21
2563386,1,24457.36
105504390,1,202300
105504390,1,202300
105504390,1,202300
105504390,1,202300
4538110,1,105516.02
2563117,1,187812.5
2563117,2,86732
2563504,1,8683.78
2563515,1,30801.42
2615222,1,441.2
2615222,2,1323.6
2615222,3,882.4
2615222,4,441.2
2615222,5,441.2
2615222,6,882.4
2615222,7,882.4
2615222,8,1323.6
2615222,9,882.4
2615222,10,882.4
2615222,11,441.2
2615222,12,1764.8
2615222,13,441.2
2615210,1,15275
2615209,1,25290
4538194,1,4878.24
4538194,2,3642.63
4538194,3,197.29
2563372,1,36873.3
2563373,1,29290.42
2563374,1,34772.03
105504310,1,62000
105504343,1,44360.29
2563382,1,2151.2
2563382,2,5480
2563382,3,3022
2563382,4,2019.6
2563382,5,616.4
2563382,6,4030.4
2563382,1,11500
2563382,2,1040
2563382,3,5500
2563382,4,35211
2563382,1,81876.45
2563382,2,65.55
2563371,1,38307.28
2563120,1,75390
2615116,1,69672.43
2563260,1,62238
2563258,1,62238
2563259,1,62238
2563394,1,10320
2563409,1,32386.8
2563466,1,105179.42
2615190,1,5381.68
2615190,1,7286.7
2615190,2,1577.89
2615190,1,9785.37
2615190,2,1577.89
2615190,1,7286.7
2615190,1,19905.57
2615190,1,9785.37
2615170,1,8250.84
2615224,1,4658.5
2563399,1,56807.71
2563399,1,54372.45
2563399,1,54372.45
2563399,1,48248.74
2563399,1,12082.77
2563399,1,41715.17
2563406,1,124336.93
2615202,1,16125.58
2615202,1,14555.84
2615202,2,3152
2615202,1,9773.59
2615202,1,14555.84
2615202,2,3152
2615202,1,9773.59
2615202,1,16125.58
4538170,1,34327.93
4538170,2,63.84
4538170,3,452.92
4538172,1,34909.74
4538172,2,89.44
4538172,3,221.26
4538199,1,333.52
4538199,2,1200.66
2563390,1,26390.89
105504333,1,57599
105504334,1,41057
2563057,1,200053.42
2563057,2,21508.98
2563347,1,304328.4
105504369,1,63380
4538168,1,8182.1
4538168,2,41.75
4538168,3,26.98
4538168,4,1642.24
4538168,5,5.4
4538168,6,2.53
4538168,7,272.08
4538168,8,4.2
4538168,9,32.16
4538168,10,187.16
4538168,11,0.79
4538168,12,0.24
4538168,13,276.32
4538168,14,0.47
4538168,15,1132.05
4538168,16,0.38
4538168,17,5.73
4538168,1,276.32
4538168,2,0.47
4538168,1,326.75
4538168,1,1393.88
4538168,2,199.32
4538168,3,1.9
4538168,4,23.43
4538168,5,6188.53
4538168,6,9.23
4538163,1,42560
4538163,1,32610
4538186,1,75860
2615236,1,5679
4538077,1,2172.39
2563223,1,27506.8
2563223,2,4476.04
4538151,1,267.98
4538151,1,733.83
4538151,1,489.22
4538151,2,612.92
4538151,1,612.92
4538151,1,445.86
4538151,1,1337.57
4538151,1,1604.39
4538151,2,3197.15
4538151,3,639.43
4538151,4,45.34
4538151,5,54.06
4538151,6,94.75
4538151,7,1379.42
4538151,8,106.38
4538151,9,465.04
4538151,10,162.76
4538151,11,691.75
4538151,12,769.06
4538151,13,82.54
4538151,14,121.49
4538151,15,618.5
4538151,16,3673.82
4538151,17,287.16
4538151,18,313.9
4538151,19,97.66
4538151,20,48.83
4538169,1,4838.03
4538169,2,0.24
4538169,3,3.92
4538169,4,588.68
4538169,5,1430.67
4538169,6,2.19
2563375,1,17611.37
2563375,2,11385.53
2563375,1,9303.58
2563375,2,18386.62
2563375,1,14213.59
2563375,2,9193.31
2563375,1,9303.58
2563375,2,18386.62
2562998,1,29520
2563358,1,9303.58
2563358,2,18386.62
2563358,1,7220.2
2563358,2,18386.62
2563358,1,9303.58
2563358,2,18386.62
2615177,1,4221.22
105504391,1,52195
2563124,1,51029.66
2563402,1,32597.34
2563243,1,146285.02
2563264,1,97792.01
2615197,1,1130.05
2563594,1,23120.21
2563266,1,14490
2563614,1,468
2563614,2,85
2563614,3,100.8
2563614,4,520.8
2563614,5,476.8
2563614,6,428.4
2563614,7,381.6
2563614,8,325
2563614,9,712
2563614,10,495.6
2563614,11,696
2563614,12,336
2563614,13,355.32
2563614,14,175
2563614,15,448
2563614,16,322
2563614,17,240
2563614,18,257.92
2563614,19,420
2563614,20,172.8
2563614,21,128
2563614,22,372
2563614,23,514.58
2563614,24,851.17
2563614,25,640
2563614,26,220.8
2563614,27,210
2563614,28,483.6
2563614,29,147.2
2563614,30,350.67
2563611,1,114723.04
2615242,1,5733.54
2615225,1,7800.48
4538188,1,7901.5
2615251,1,6295.43
2563138,1,2261.28
2563138,2,49380.72
2563138,3,12544
2563316,1,15865.82
2563316,2,41309.1
2563316,3,5000
4538176,1,18000
4538185,1,5582.91
4538185,3,2264.66
4538185,1,2182.45
4538198,1,1191.89
2563154,1,133076
2563400,1,27922.33
2615205,1,25167.01
4538137,1,519550
105504405,1,150514
4538201,1,30855.37
4538201,2,24473.58
4538201,3,20018.36
4538201,4,14449.34
4538201,5,3160.79
4538201,6,1204.11
4538204,1,656.44
4538204,2,783.95
4538204,3,543.1
4538204,4,224.32
4538204,5,436.84
4538204,6,436.84
4538204,7,3410.87
4538204,8,637.54
4538204,9,47.22
4538204,10,564.35
4538204,11,3264.48
4538204,12,1119.24
4538204,13,1492.33
4538204,14,1827.63
4538204,15,720.19
4538204,16,247.94
4538204,17,206.62
4538204,18,59.03
4538204,19,17.71
4538211,1,1104.82
2615243,1,2572
2563366,1,21602.4
2563310,1,64361.66
2562997,1,3200
2563306,1,63923.21
2615117,1,20761.1
2615117,2,18419.21
2563411,1,7140
105504374,1,57990
2615157,1,9444
2563307,2,19971.58
2563307,1,54618.79
2563407,1,32182.05
2563407,2,32182.05
2563407,3,15420.57
2563407,4,8289.7
2563407,5,454.18
2563407,6,15.4
2563407,7,1021.4
2563407,8,28036.79
2563407,9,1143.65
2563407,10,7311.91
2563407,11,274.93
2563407,12,2311.14
2563407,13,76.43
2563407,14,722.41
2563407,15,1862.72
2563407,16,4000.86
2563407,17,3866.34
2563407,18,3169.5
2563407,19,4990.27
2563407,20,326.56
2563407,21,876.6
2563407,22,2518.47
2563407,23,79.79
2563407,24,50.82
2563407,25,1958.4
2563407,26,1958.4
2563407,27,244.84
2563407,28,4.03
2563407,29,992.17
2563407,30,588.29
2563407,31,1532.56
2563407,32,34.54
2563407,33,194.18
2563407,34,7.56
2563407,35,1147.45
2563407,36,10.85
2563407,37,250.6
2563407,38,3113.46
2563407,39,573.71
2563407,40,3108.9
2563407,41,578.27
2563407,42,259.59
2563407,43,11.23
2563407,44,1864.08
2563407,45,105.99
2563407,46,424.96
2563407,47,13.73
2563407,48,259.36
2563407,49,11.45
2563407,50,189.02
2563407,51,21.05
2563407,52,250
2563407,53,445.15
2563407,54,40.88
2563407,55,193.79
2563407,56,11.38
2563407,57,130.33
2563407,58,11119.02
2563407,59,1294.5
2563407,60,4244.08
2563407,61,248.23
2563407,62,4798.64
2563407,63,334.89
2563407,64,9789.83
2563407,65,436.56
2563407,66,2286.49
2563407,67,225.87
2563407,68,1019.1
2563407,69,138.53
2563407,70,1193.85
2563407,71,10375.69
2563407,72,1423.81
2563407,73,20275.19
2563407,74,3916.81
2563407,75,111.55
2563407,76,41.81
2563407,77,1651.68
2563407,78,3282
2563407,79,3282
4538079,1,1529.82
4538079,2,3361.58
4538079,3,124.77
4538079,4,166.1
4538079,5,7.26
4538079,6,139.95
4538158,1,99.4
2563317,1,33677.46
2563318,1,33677.46
4538181,1,13525.02
4538182,1,443084.24
4538208,1,11952.92
4538208,2,9892.08
4538208,1,1920
4538208,1,636
4538208,1,28550
4538208,1,12730
4538208,1,7630
4538209,1,30557.3
4538209,2,2527.76
4538209,1,5056.44
4538209,3,369.46
4538209,4,320.15
4538209,2,1505.68
4538209,1,12989.95
4538209,1,5056.44
4538209,2,1505.68
4538209,3,1114.76
4538209,4,369.46
4538209,1,377.24
4538209,1,1102.75
4538210,1,179.7
4538210,2,25.7
4538210,3,4283.4
4538210,4,280.42
4538210,5,4.58
4538210,6,50.29
4538210,7,182.91
4538210,8,21.37
4538210,9,655.65
4538210,10,1033.51
4538210,11,158.39
4538210,12,862.33
4538210,13,87.24
4538210,14,1512.3
4538210,15,4216.97
4538210,16,791.94
4538210,17,1.59
4538210,18,95.54
4538210,19,29.35
4538210,20,8.1
4538210,21,31.16
4538210,22,540.1
4538210,23,1506.07
4538210,1,273.87
4538210,2,1126.42
4538210,3,358.64
4538196,1,25972.8
2615241,1,49623
4538183,1,775.8
2563142,1,16200
2563042,1,150389.42
2615132,1,10410
2615156-1,1,135825
2615156-1,2,20208
2615156-2,2,39420
2615156-2,3,105921.95
2615156-2,4,1548
2615156-2,1,990
2615159,1,5425
2563391,1,144195.52
2563391,2,1500.6
2563391,3,144195.52
2563391,4,1500.6
2563391,5,144195.52
2563391,6,1500.6
2563391,7,144195.52
2563391,8,1500.6
2563391,9,144195.52
2563391,10,1500.6
2563391,11,7855.65
2563391,12,30521.82
2563391,13,7841.68
2563391,14,1745.7
2563574,1,82327.73
2563574,1,78748.26
2563637,1,18831.96
2563637,2,299.35
2563637,3,28.68
2563585,1,7371
4538219,1,9652.78
4538219,2,3995.58
4538219,3,857.93
4538203,1,799.1
4538203,2,11920.33
4538203,3,2364.83
4538203,4,13045.85
4538203,1,3758.76
4538203,2,85.89
4538203,3,425.73
4538222,1,198882.48
2563339,1,51000.33
2563339,2,35198.5
2563340,1,47358
2563355,1,48498.12
2563418,1,53838.7
2615193,1,4216.97
2563292,1,106.59
2563292,2,330.98
2563292,3,2877.85
2563292,4,1664.52
2563292,5,1928.82
2563292,6,1555.05
2563292,7,214.22
2563292,8,3133.9
2563292,9,
2563292,10,738.26
2563292,11,820.44
2563292,12,1761.21
2563292,13,330.58
2563292,14,546.96
2563292,15,294.52
2563292,18,1845.64
2563292,19,2713.76
2563292,20,2961.7
2563292,21,3214.14
2563292,22,375.16
2563292,23,3426.01
2563292,24,1845.64
2563292,25,1539.02
2563292,26,1120.97
2563292,27,1627.86
2563292,28,651.14
2563292,29,5976.22
2563292,30,421.59
2563292,31,1969.46
2563292,32,122.86
2563292,33,1030.31
2563292,34,506.33
2563292,35,206.76
2563292,36,6640.25
2563292,37,836.27
2563292,38,574.31
2563292,39,165.89
2563292,40,398.7
2563292,41,190.73
2563292,42,525.72
2563292,43,584.22
2563292,44,466.42
2563292,45,388.68
2563292,46,
2563292,47,429.55
2563292,48,1675.34
2563292,49,2145.76
2563292,50,364.64
2563292,51,190.33
2563292,16,195.34
2563292,17,1081.4
2563519,1,4498.44
2563519,2,59.28
2563519,3,411.7
2563519,4,7.59
2563519,5,19173.64
2563519,6,396.6
2563519,7,1137.85
2563519,8,13.22
2563519,9,899.95
2563519,10,13.22
2563519,11,1608.22
2563519,12,19.83
2563519,13,1124.06
2563519,14,19.83
2563519,15,645.21
2563519,16,13.22
2563519,17,2124.18
2563519,18,26.44
2563519,19,525.89
2563519,20,6.61
2563519,21,565.81
2563519,22,6.61
2563519,23,3372.64
2563519,24,49.4
2563519,25,1686.19
2563519,26,24.7
2563519,27,745.23
2563519,28,14.82
2563519,29,44.25
2563519,30,3.03
2563519,31,1673.28
2563519,32,19.76
2563519,33,360.51
2563519,34,4.94
2563519,35,574.6
2563519,36,9.88
2563519,37,2766.01
2563519,38,29.64
2563519,39,114.48
2563519,40,3.18
2563519,41,207.76
2563519,42,3.18
2563519,43,3557.6
2563519,44,122.06
2563519,45,14348.16
2563519,46,356.73
2563519,47,656.94
2563519,48,159.98
2563519,49,6.36
2563519,50,18523.97
2563519,51,732
2563519,52,7303
2563519,53,757.5
2563519,54,1690.54
2563519,55,19.76
2563519,1,27243.87
2563519,2,457.71
2563519,3,17648.26
2563519,4,416.36
2563519,5,1875.72
2563519,6,36.73
2563519,7,27948.3
2563520,1,1043.48
2563520,2,1273.61
2563520,1,7583.01
2563520,2,153.94
2563520,3,11.07
2563520,4,513.31
2563520,5,14.64
2563520,6,836.8
2563520,7,24.4
2563520,8,567.78
2563520,9,2792.5
2563520,10,90.96
2563520,11,1725.99
2563520,12,144
2563520,13,1347.22
2563520,14,144
2563520,1,144.22
2563520,2,173.06
2563520,1,28136.8
2563520,2,474.48
2563520,3,1937.11
2563520,4,38.16
2563520,1,11305.33
2563520,2,237.24
2563520,1,71730.93
2563520,2,1401.53
2563566,1,158490.52
2563521,1,1912.23
2563521,2,39.6
2563521,1,312.1
2563521,2,129.78
2563521,1,86.65
2563521,2,36.96
2563521,3,95.06
2563521,4,18.48
2563521,5,0.24
2563521,1,7788.01
2563521,2,195.2
2563521,3,56.71
2563521,4,58.55
2563521,5,1.94
2563521,6,245.26
2563521,7,19.76
2563521,8,0.55
2563521,9,1615.67
2563521,10,1256.53
2563521,11,19.68
2563521,12,938.59
2563521,13,5.82
2563521,14,1080.58
2563521,15,19.4
2563521,16,516.89
2563521,17,5.82
2563521,18,251.34
2563521,19,7.32
2563521,20,165.17
2563521,21,2.44
2563521,22,10297.55
2563521,23,3305.32
2563521,24,29.52
2563521,25,6745.93
2563521,26,127.92
2563521,27,9529.16
2563521,28,240.9
2563521,29,211.5
2563521,30,1920.7
2563521,31,52.72
2563521,32,345.06
2563521,33,7107.04
2563521,34,98.85
2563521,35,15899.39
2563521,36,322.91
2563521,37,7787.45
2563521,38,158.16
2563521,39,9026.8
2563521,40,248.32
2563521,41,758.86
2563521,42,11.67
2563521,43,386.42
2563521,44,9.54
2563521,45,9090.29
2563521,46,65.9
2563521,47,988.94
2563521,48,32.95
2563521,49,231.51
2563521,50,3.18
2563521,51,1025.05
2563521,52,13.18
2563521,53,503.14
2563521,54,15.9
2563521,55,2582.62
2563521,56,131.8
2563521,57,1287.33
2563521,58,14.76
2563521,59,2196.24
2563521,60,24.6
2563521,61,2456.17
2563521,62,44.28
2563521,63,1323.21
2563521,64,37.9
2563521,65,1231.3
2563521,66,45.48
2563521,67,8713.82
2563521,68,227.4
2563521,69,711.06
2563521,70,242.7
2563521,71,7.58
2563521,72,513.26
2563521,73,7.58
2563521,74,745.65
2563521,75,15.16
2563521,76,4437.2
2563521,77,181.92
2563521,1,3482
2563521,2,132
2563521,3,6299.85
2563521,4,406.02
2563521,1,2210.66
2563521,2,97.25
2563521,3,170.54
2563521,4,3.89
2563521,5,1506.6
2563521,6,45.48
2563521,7,1907.44
2563521,8,68.22
2563521,9,2561.48
2563521,10,75.8
2563521,1,5120.22
2563521,2,211.96
2563421,1,125462.07
4538226,1,1520
4538165,1,9464
4538237,1,21590.68
4538237,2,21.83
4538237,3,30.77
4538237,4,851.7
4538237,5,1837.42
2615155-1,1,22276.24
2615155-7,1,124872
2615155-3,1,35478
2563233,1,15362.45
2563188,1,76173.56
2563188,2,82890.09
2563291,1,75390
2615155-2,1,4488.42
2615155-2,1,16670.47
2615155-4,1,45260.1
2615155-5,1,87543.33
2615155-9,1,281.34
2615155-9,2,3848.92
2615155-9,3,61.76
2615155-9,4,395.75
2615155-9,5,723.79
2615155-9,6,1095.02
2615155-9,7,2880.68
2615155-9,8,1067.12
2615155-9,9,731.38
2615155-9,10,23.49
2615155-9,11,486.7
2615155-9,12,133.52
2615155-9,13,3.05
2615155-9,14,824.7
2615155-9,15,118.67
2615155-9,16,285.14
2615155-9,17,2181.25
2615155-9,18,781.18
2615155-9,19,490.86
2615155-9,20,132.38
2615155-9,21,3848.92
2615155-9,22,1013.3
2615155-9,23,304.46
2615155-9,24,174.64
2615155-9,25,803.87
2615155-9,26,451.2
2615155-9,27,15.4
2615155-9,28,283.33
2615155-9,29,69.24
2615155-9,30,46.45
2615155-9,31,5201.86
2615155-9,32,989.1
2615155-9,33,350.22
2615155-9,34,21.01
2615155-9,35,560.35
2615155-9,36,583.7
2615155-9,37,162.56
2615155-9,38,558.02
2615155-9,39,1762.77
2615155-9,40,9689.42
2615155-9,41,1937.88
2615155-9,42,6.6
2615155-9,43,1079.6
2615155-9,44,70.7
2615155-9,45,2590.23
2615155-9,46,3149.06
2615155-9,47,508.99
2615155-9,48,1805.38
2615155-9,49,246.91
2615155-9,50,98.06
2615155-9,51,58.37
2615155-9,52,12.84
2615155-9,53,163.44
2615155-9,54,473.96
2615155-9,55,49.03
2615155-9,56,147.09
2615155-9,57,147.09
2615155-9,58,32.69
2615155-9,59,915.24
2615155-9,60,2467.88
2615155-9,61,996.96
2615155-9,62,653.74
2615155-9,63,424.93
2615155-9,64,968.94
2615155-9,65,581.37
2615155-9,66,896.56
2615155-9,67,1295.11
2615155-9,68,490.31
2615155-9,69,803.87
2615155-9,70,3072.6
2615155-9,71,2301.6
2615155-9,72,879.05
2615155-9,73,3064.43
2615155-9,74,686.43
2615155-9,75,908.7
2615155-9,76,1116.03
2615155-9,77,921.08
2615155-9,78,548.68
2615155-9,79,942.09
2615155-9,80,3247.24
2615155-9,81,225.6
2615155-9,82,3294.67
2615155-9,83,3970.99
2615155-9,84,452.26
2615155-9,85,2530.58
2615155-9,86,5403.75
2615155-9,87,89.31
2615155-9,88,506.11
2615155-9,89,1081.9
2615155-9,90,27.75
2615155-9,91,1870.13
2615155-9,92,40.94
2615155-9,93,36.56
2615155-9,94,2493.96
2615155-9,95,54.56
2615155-9,96,27.75
2615155-9,97,1870.13
2615155-9,98,40.94
2615155-9,99,45.48
2615155-9,100,3117.65
2615155-9,101,68.23
2615155-9,102,245.15
2615155-9,103,3730.61
2615155-9,104,33.85
2615155-9,105,280.18
2615155-9,106,130.75
2615155-9,107,5.84
2615155-9,108,2.33
2615155-9,109,77.05
2615155-9,110,133.08
2615155-9,111,11.67
2615155-9,112,105.07
2615155-9,113,83.05
2615155-9,114,166.11
2615155-9,115,41.52
2615155-9,116,94.33
2615155-9,117,647.56
2615155-9,118,258.35
2615155-9,119,3440.04
2615155-9,120,1132.96
2615155-9,121,436.02
2615155-9,122,879.05
2615155-9,123,254.49
2615155-9,124,3187
2615155-9,125,166.94
2615155-9,126,73.91
2615155-9,127,7793.67
2615155-9,128,1488.55
2615155-9,129,3054.36
2615155-9,130,873.22
2615155-9,131,2676.85
2615155-9,132,731.38
2615155-9,133,1462.75
2615155-9,134,52.26
2615155-9,135,963.33
2615155-9,136,235.49
2615155-9,137,60.28
2615155-9,138,1134.5
2615155-9,139,277.07
2615155-9,1,3.74
2615155-9,2,851.54
2615155-9,3,86.96
2615155-9,4,1307.44
2615155-9,5,2019.09
2615155-9,6,3721.02
2615155-9,7,362.48
2615155-9,8,11162.67
2615155-9,9,1190.29
2615155-9,10,2314.6
2615155-9,11,3.96
2615155-9,12,852.1
2615155-9,13,86.46
2615155-9,14,1316.83
2615155-9,15,1316.83
2615155-9,16,2111.97
2615155-9,17,409.42
2615155-9,18,13034.94
2615155-9,19,1390.32
2615155-9,20,368.34
2615155-9,21,1513.66
2615155-9,22,482.68
2615155-9,1,0.7
2615155-9,2,17.15
2615155-9,3,5.24
2615155-9,4,81.02
2615155-9,5,1988.79
2615155-9,6,608.76
2615155-6,1,38455.91
2563210,1,21828
2563417,1,31026.65
2563500,1,13280
2563305,1,56160
2563403,1,45900
4538246,1,2160.05
4538213,1,296.41
4538213,2,239.32
4538213,3,42.23
4538214,1,1107
4538230,1,1403.96
4538230,2,3885.98
4538230,3,462.02
4538230,4,1387.85
4538230,5,1830.17
4538230,6,333.08
4538230,7,100283.21
4538230,8,247.12
4538216,1,3405.15
4538174,1,36603.23
4538174,2,682.57
4538225,1,2990.74
4538225,2,504.25
105504417,1,207293.97
105504417,1,206897.78
105504418,1,168925.64
105504418,1,195449.52
2563775,1,182
2563775,2,344.52
2563775,3,740.28
2563775,4,1380
2563775,5,864
2563775,6,1909.44
2563775,7,1496
2563775,8,3199.36
2563775,9,1696.8
2563775,10,876.8
2563775,11,1596
2563775,12,1400.32
2563775,13,1760
4538173,1,4277.48
2615211,1,3941.25
2615221,1,14210.49
2563685,1,1186.18
2563685,2,2192.79
2563685,3,18280.94
2563685,4,2725.52
2563685,1,58136.73
2563685,1,63008.66
2563685,2,4808.9
2563685,1,2559.33
2563685,1,5303.09
2563685,1,1728.84
2563685,1,32182.77
2563685,1,61916.75
4538145,1,9690
2563379,1,51005.47
2563380,1,51922.82
2563381,1,51040.61
2615259,1,480
2615259,2,264
2615259,3,1032
2615259,4,552
4538233,1,5361.3
4538223,1,5049.75
2615261,1,6295.43
4538249,1,18215.19
4538249,2,69065.91
2563009,1,18560.26
2563009,2,61573.37
2563009,3,3902.32
2563437,1,5658.18
2563437,2,23525.2
2563437,3,20911.29
2563437,1,1262.72
2563437,2,3657.04
2563437,1,2530.43
2563437,2,9319.34
2563437,3,11435.39
2563437,1,28898.8
2563437,1,4892.6
2563437,2,10386.28
2563437,1,3184.85
2563437,2,1735.45
2563437,1,20332.76
2563437,1,5194.58
2563437,2,4519.57
2563437,3,7309.71
2563437,1,292
2563354,1,70421.5
2563376,1,19420.98
105504381,1,59795
105504382,1,60995
105504383,1,62495
105504384,1,59795
105504385,1,59995
105504386,1,59995
105504387,1,36290
2563457,1,31543.63
2563501,1,33200
2615175-5,1,248131.5
2615175-1,1,24616.95
2615175-1,1,24616.95
2615175-9,1,17447.68
2615175-9,2,427.02
261517512,1,6927.2
261517512,2,44417.35
2615175-2,1,40138.32
2615175-6,1,6939.6
2615175-6,2,6939.6
2615175-6,3,253.44
2615175-6,4,144
2615175-6,5,30.72
2615175-7,1,17278.4
2615175-7,2,6389.64
261517510,1,5513.19
261517511,1,6265.38
261517513,1,41205.25
261517513,2,292.5
105504395,1,68551
2563476,1,53973.57
2563476,1,57368.16
2563476,1,36180.21
2563476,1,17991.19
2563476,1,37295.12
2563476,1,26509.1
2563476,1,27986.3
2563579,1,48824.08
2563579,1,55511.06
2563579,1,26986.79
2563579,1,29358.94
2563579,1,53973.57
2563579,1,28985.81
2563579,1,20719.51
2563641,1,701.84
2563641,2,27.74
2563641,3,0.54
2563641,4,605.72
2563641,5,302.15
2563641,6,19.85
2563641,7,241.21
2563641,8,7.53
2563641,9,178.08
2563641,10,10.2
2563641,11,29.61
2563641,12,0.54
2563641,13,301.25
2563641,14,37.83
2563641,15,0.54
2563641,16,288.08
2563641,17,10.04
2563641,18,13.91
2563641,19,1.76
2563641,20,837.63
2563641,21,20.09
2563641,22,2038.57
2563641,23,67.79
2563641,24,626.51
2563641,25,20.09
2563641,26,784.41
2563641,27,30.13
2563641,28,501.7
2563641,29,73.16
2563641,30,15.09
2563641,31,1.74
2563641,32,24.53
2563641,33,0.54
2563641,34,3808.07
2563641,35,94.59
2563641,36,225.24
2563641,37,4.73
2563641,38,736.66
2563641,39,630.85
2563641,40,104.52
2563641,41,860.42
2563641,42,2188.21
2563641,43,1237.78
2563641,44,372.62
2563641,45,36.02
2563641,46,3.29
2563641,47,37.78
2563641,48,2.36
2563641,49,1270.22
2563641,50,47.3
2563641,51,405.74
2563641,52,29.78
2563641,53,1156.91
2563641,54,23.65
2563641,55,836.04
2563641,56,18.92
2563641,57,1174.08
2563641,58,89.34
2563641,59,347.18
2563641,60,1.89
2563641,61,107.13
2563641,62,3.08
2563641,63,74.91
2563641,64,3.08
2563641,65,171.82
2563641,66,327.71
2563641,67,24.08
2563641,68,1.07
2563641,69,176.56
2563641,70,5.66
2563641,71,94.36
2563641,72,2.36
2563641,73,110.27
2563641,74,2.36
2563641,75,2757.72
2563641,76,35.47
2563641,77,67.91
2563641,78,2.14
2563641,79,7109.03
2563641,80,221.01
2563641,81,1717.93
2563641,82,19.15
2563641,83,5434.5
2563641,84,67.03
2563641,85,408.7
2563641,86,7.37
2563641,87,1030.51
2563641,88,19.15
2563641,89,1267.93
2563641,90,44.2
2563641,91,7932.93
2563641,92,159.36
2563641,93,121.9
2563641,94,5.88
2563641,95,6606.79
2563641,96,121.11
2563641,97,20225.53
2563641,98,382.46
2563641,99,168.18
2563641,100,2.94
2563641,101,9645.82
2563641,102,422.28
2563641,103,994.69
2563641,104,64.66
2563641,105,5084.8
2563641,106,44.62
2563641,107,25.26
2563641,108,66.66
2563641,109,2.51
2563641,110,784.41
2563641,111,30.13
2563641,112,784.41
2563641,113,30.13
2563641,114,2038.57
2563641,115,67.79
2563641,116,288.08
2563641,117,10.04
2563641,118,626.51
2563641,119,20.09
2563641,120,241.21
2563641,121,7.53
2563641,122,784.41
2563641,123,30.13
2563641,124,288.08
2563641,125,10.04
2563641,126,241.21
2563641,127,7.53
2563641,128,2038.57
2563641,129,67.79
2563641,130,784.41
2563641,131,30.13
2563641,132,266.64
2563641,133,10.04
2563641,134,549.96
2563641,135,6.37
2563641,1,373.84
2563641,2,4.95
2563641,3,1.93
2563641,4,245.75
2563641,5,4.4
2563641,6,972.36
2563641,7,23.28
2563641,8,11195.21
2563641,9,465.6
2563641,10,249.23
2563641,11,7.76
2563641,12,3.82
2563641,13,520.54
2563641,14,19.4
2563641,15,497.21
2563641,16,13.2
2563641,17,238.9
2563641,18,48.3
2563641,1,28271.12
2563641,2,473.88
2563642,1,1646.81
2563642,2,24.5
2563642,1,1116.23
2563642,2,19.6
2563642,3,1421.23
2563642,4,24.5
2563642,5,8745.04
2563642,6,98
2563642,7,2366.07
2563642,8,49
2563642,9,260.47
2563642,10,3
2563642,11,239.39
2563642,12,3
2563642,13,367.06
2563642,14,6.48
2563642,15,105.58
2563642,16,3.16
2563642,1,2602.32
2563642,2,31.6
2563642,3,2331.51
2563642,4,49
2563642,5,5761.4
2563642,6,122.5
2563642,7,2143.91
2563642,8,49
2563642,9,1301.17
2563642,10,15.8
2563642,11,1111.6
2563642,12,218.88
2563642,1,1341.88
2563642,2,184.32
2563642,3,1447.02
2563642,4,426.24
2563642,1,163.65
2563642,2,3.5
2563642,3,7336.82
2563642,4,142.7
2563642,5,1543.44
2563642,6,57.08
2563642,7,74.02
2563642,8,2.85
2563642,9,2.69
2563642,10,583.19
2563642,11,53.25
2563642,12,252.09
2563642,13,3349.02
2563642,14,164.75
2563642,15,9.44
2563642,16,288.63
2563642,17,1524.88
2563642,18,41.92
2563642,19,229.77
2563642,20,6.99
2563642,21,317.62
2563642,22,5.24
2563642,23,1321.36
2563642,24,21.88
2563642,25,604.99
2563642,26,360.78
2563642,27,2177.22
2563642,28,10.02
2563642,29,0.76
2563642,30,2301.57
2563642,31,3582.52
2563642,32,109.05
2563642,1,1411.63
2563642,2,38.8
2563642,3,15741.99
2563642,4,620.8
2563642,1,1131.71
2563642,2,19.45
2563642,3,2237.66
2563642,4,105.98
2563642,5,6036.18
2563642,6,227.1
2563642,7,126.82
2563642,8,3.68
2563642,9,332.87
2563642,10,3.89
2563642,11,1699.53
2563642,12,75.7
2563642,13,13255.74
2563642,14,229.92
2563642,15,3509.37
2563642,16,121.12
2563469,1,32597.34
2563471,1,32597.34
2563516,1,64384.32
2563525,1,5176.37
2563525,1,76896.3
2563525,1,7793.64
2563533,1,95373.09
2615203,1,31800
2563629,1,27095.2
2563629,1,30.34
2563629,2,30.34
2563629,1,42.13
2563629,2,42.13
2563629,3,42.13
2563629,4,42.13
2563629,5,44.88
2563629,1,69220.67
2563630,1,20657.43
2563631,1,9836.87
2563631,2,13223.84
2563631,3,11763.91
2615226,1,16026.99
2615226,1,14466.84
2615226,2,3132.72
2615175-3,1,4812.74
2563118,1,4858.32
2563118,2,78599.68
2563118,3,6336
2563230,1,2816.9
2563230,2,78031.1
2563230,3,5135.85
2563237,1,26141.23
2563412,1,18321.81
2563405,1,25164.22
2563367,1,1990.37
2563367,2,70211.52
2563468,1,59941.5
4538221,1,250
4538207,1,70142.2
4538242,1,111.52
4538242,2,160.14
4538242,3,1937.86
4538242,4,906.45
4538242,5,1.96
4538242,6,78.65
4538242,7,21.63
4538242,8,20.91
4538242,9,26.72
4538242,10,23.23
4538242,11,686.56
4538242,12,205.97
4538242,13,20.91
4538242,14,182.1
4538242,15,52.86
4538242,16,6.97
4538242,17,6.39
4538242,18,1.53
4538242,19,6.89
4538242,20,28.19
4538242,21,613.3
4538242,22,494.59
4538242,23,339.8
4538242,1,91.54
4538242,2,120
4538242,3,376.74
4538242,1,744.42
4538242,2,744.42
4538242,3,8436.73
4538242,4,992.56
4538242,1,42.98
4538242,2,184.83
4538242,3,548.09
4538242,4,50.81
4538242,5,218.46
4538242,6,647.87
4538242,7,253.02
4538242,8,597.53
4538242,9,421.7
4538242,10,85.36
4538254,1,5880
4538255,1,4108.36
4538255,2,1416.67
4538255,3,871.8
4538255,4,1743.6
4538255,5,980.77
4538255,6,4500.67
4538255,7,4794.9
4538255,8,2179.5
4538255,9,326.92
4538255,10,964.43
4538255,11,1285.9
4538255,12,2746.17
4538255,13,4250.02
4538255,14,2767.96
4538255,15,3552.58
4538255,16,980.77
4538255,17,1492.96
4538255,18,5339.77
4538255,19,4903.87
4538255,20,14684.38
4538255,21,4576.95
4538256,1,8267.25
4538257,1,10755.02
4538257,1,29124.21
4538257,2,6306.71
105504398,1,34453
2563503,1,433328
2563287,1,18560.26
2563287,2,65691.77
2563287,3,3902.32
2563287,1,18560.26
2563287,2,65691.77
2563287,3,3902.32
2563287,1,18560.26
2563287,2,65691.77
2563287,3,3902.32
105504379,1,46250
105504380,1,46990
2563351,1,31543.63
2563416,1,
2563387,1,238724.29
2563423,1,8279.57
2563423,2,11385.53
2563423,1,9204.72
2563423,2,11385.53
2563423,1,19825.62
2563423,2,9193.31
2563423,1,11327.9
2563423,2,9193.31
2563456,1,30713.64
2563557,1,464517.2
2563557,2,7218.04
2563557,3,1583.34
2563557,1,513413.74
2563557,1,448817.91
2563557,2,38750.5
2563463,1,2875.09
2563463,1,27795.34
2563522,1,47533.44
2563522,2,73318.45
2563522,3,119957.01
2563522,4,85199.1
2563513,1,32597.34
2563526,1,61602.85
2563571,1,210345
2563534,1,80955
4538200,1,141.61
4538200,2,392.92
4538200,3,15.01
4538195,1,75990
4538243,1,39416.38
105504406,1,202300
105504406,1,202300
105504406,1,202300
105504406,1,202300
105504406,1,202300
105504406,1,202300
105504406,1,202300
105504406,1,202300
2563425,1,75554.97
2563425,2,2749.06
2615244,1,801.15
2615244,2,1201.73
2615244,3,1201.73
2615244,4,801.15
2615244,5,521.45
2615244,6,2403.46
2615244,7,1201.73
2615244,8,1201.73
2615244,9,801.15
2615244,10,801.15
2615244,11,1602.31
2615244,12,1602.31
4538240,1,11773.9
4538240,1,1201.92
4538240,2,508.86
4538240,3,505.23
4538240,4,126
4538240,5,681.12
4538240,6,681.12
4538240,7,20
4538240,8,102.6
4538240,9,10.62
4538240,10,79.75
4538240,1,136.88
4538240,1,442.39
4538240,1,3293.95
4538240,1,360.92
4538240,1,1341.6
4538240,1,1547.52
4538240,1,1340.67
4538240,1,2563.9
4538240,1,309.04
4538240,1,648.42
4538240,1,69
4538240,2,11.2
4538240,1,375.68
4538240,1,424.96
4538240,1,227.78
4538240,1,2331.6
4538240,1,2348.2
4538240,1,158.8
4538240,1,1.2
4538240,1,1182.72
4538240,1,291.46
4538240,1,392.52
4538240,1,767.12
4538240,1,772.93
4538240,1,2991.51
4538240,1,421.92
4538240,2,352.24
4538240,3,1019.94
4538240,4,310.46
4538240,5,732.5
4538240,6,342.51
4538240,7,283.44
4538240,8,936.1
4538240,1,449.42
4538240,1,8253.8
4538240,1,571.84
4538240,2,354.54
4538240,3,2759.92
4538240,1,217.21
4538240,1,1471.88
4538240,1,6134.4
4538240,1,58.72
4538240,1,47.92
4538240,1,199.92
4538240,1,1106
4538240,1,21742.08
4538240,1,1578.96
4538240,2,392.04
4538240,1,77.55
4538240,1,106.32
4538240,2,85.82
105504423,1,156829.5
105504423,1,127787
105504424,1,151021
4538218,1,11176.19
2615262,1,23875.64
2615262,2,59756.04
4538260,1,24228.2
4538267,1,6250
4538265,1,5891.17
4538265,2,3437.01
4538265,3,22457.98
4538268,1,46707.97
4538268,2,48.9
4538268,3,212.07
4538269,1,13133.88
4538269,2,7.25
4538269,3,47.75
4538269,4,682.62
4538269,5,2107.34
4538269,6,88.06
4538269,7,2.12
4538269,8,91.12
4538269,9,2.82
4538269,10,51.62
4538269,11,0.99
4538269,12,98.32
4538269,13,1.88
4538269,14,105.21
4538269,15,561.12
4538269,16,49.86
4538269,17,0.24
4538269,18,132.52
4538269,19,2.76
4538269,20,16177.55
4538269,21,60.2
4538269,22,44.81
4538252,1,8207.03
4538252,2,6000
4538252,3,2688
4538252,4,220
4538252,1,73377.6
2563330,1,17392.77
2563330,2,10787.28
2615134,1,139940.25
2615134,2,42700.8
2563245,1,26873.88
2615138-1,1,52468.61
2615138-1,2,17432.24
2615138-2,1,36767.83
2563474,1,64895.62
2563475,1,64014.55
2563329,1,44823.67
2563329,2,11901.92
2563329,3,326.16
2563329,4,2173.7
2563329,5,1067.7
2563309,1,44913.52
2563309,2,31921.65
2563311,1,15128.76
2563311,2,55642.5
2563311,3,1805.46
2563311,1,15627.1
2563369,1,67354.92
4538197,1,723.4
2563653,1,8683.78
2563619,1,252.73
2563619,2,3959.46
2563619,3,648.02
2563619,4,10152.38
2563619,5,591.34
2563619,6,114.92
2563619,7,1800.45
2563619,8,94.57
2563619,9,1481.59
2563619,10,48.05
2563619,11,752.83
2563619,12,1899.42
2563619,13,98.46
2563619,14,1542.62
2563619,15,676.2
2563619,16,10593.78
2563619,17,921.76
2563619,18,1072.47
2563619,19,1055.16
2563619,20,620.08
2563619,21,9714.66
2563619,22,342.96
2563619,23,5373.03
2563619,24,382.84
2563619,25,5997.8
2563619,26,3959.7
2563619,27,143.25
2563619,28,2244.32
2563619,29,23.79
2563619,30,372.77
2563619,31,967.68
2563619,32,23224.32
2563619,33,30.23
2563619,34,401.59
2563619,35,30.23
2563619,36,401.59
2563619,37,479.8
2563619,38,6374.5
2563619,39,479.8
2563619,40,6374.5
2563619,41,277.42
2563619,42,4346.18
2563619,43,1540.06
2563619,44,24127.58
2563619,45,1838.52
2563619,46,364.76
2563619,47,5714.5
2563619,48,1654.8
2563619,49,9869.7
2563452,1,350433.72
2563452,1,37660.74
4538187,1,338.2
2615228,1,25058.56
4538251,1,6415.32
4538231,1,3948
2563308,2,15498.03
2563308,1,12459.2
2563308,3,25537.91
2563308,4,10387.13
2563308,5,10690.32
2615198-1,1,31661.5
2615198-2,1,4821.5
2563303,1,8891.4
2563303,2,1067.04
2563303,3,8887.2
2563303,4,2860.8
2563303,5,6457.38
2563303,6,17394
2563303,7,1146.6
2563303,8,8446.86
2563261,1,52071.69
2563261,2,2819.06
2563226,1,4136.16
2563226,2,99267.9
2563226,3,8275.2
105504396,1,62514
105504400,1,69412
105504401,1,66025
4538227,1,1844.43
4538227,2,0.58
4538227,3,560.51
4538227,4,130.13
4538227,5,282.88
4538227,6,115.75
4538227,7,263.97
4538227,8,2306.98
4538227,9,172.23
4538227,10,441
4538224,1,2146.82
4538224,2,516.38
4538224,3,89.78
4538224,4,20.33
4538224,5,479.78
4538224,6,723.74
4538224,7,20.49
4538224,8,451.73
4538224,9,694.46
4538224,10,2066.32
4538224,11,655.43
4538224,12,39.11
4538224,13,152.07
4538224,14,4.65
4538224,15,2520.08
4538224,16,142.31
4538224,17,105.71
4538224,18,1229.54
4538224,19,1170.99
4538224,20,1170.99
4538224,21,483.03
4538224,22,1170.99
4538224,23,709.1
4538224,24,873.37
4538224,25,3086.06
4538224,26,380.57
4538224,27,1021.37
4538224,28,1797.48
4538224,29,1584.74
4538224,30,1861.88
4538224,31,3086.06
4538224,32,22.77
4538224,33,347.07
4538224,34,1571.08
4538224,35,809.94
4538224,36,1037.63
4538224,37,1902.86
4538224,38,674.95
4538224,39,2263.92
4538224,40,40.98
4538224,41,105.39
4538224,42,601.76
4538224,43,424.49
4538224,44,731.87
4538224,45,3.25
4538224,46,418.39
4538224,47,18.05
4538224,48,3334.08
4538224,49,374.07
4538224,50,406.6
4538224,51,209.8
4538224,52,82.78
4538224,53,70.91
4538224,54,164.26
4538224,55,183.78
4538224,56,466.77
4538224,57,223.14
4538224,58,153.86
4538224,59,930.29
4538224,60,232.25
4538224,61,2686.78
4538224,62,40.66
4538224,63,45.54
4538224,64,299.25
4538224,65,22.44
4538224,66,1054.71
4538224,67,368.38
4538224,68,121
4538224,69,927.04
4538224,70,43.59
4538224,71,101.65
4538224,72,232.25
4538224,73,77.25
4538224,74,71.15
4538224,75,6.34
4538224,76,292.75
4538224,77,12.36
4538224,78,79.29
4538224,79,1482.45
4538224,80,239.89
4538224,81,19.52
4538224,82,21.14
4538224,83,8.13
4538224,84,27.32
4538224,85,15.61
4538224,86,0.81
4538224,87,614.77
4538224,88,265.1
4538224,89,1543.43
4538224,90,518.82
4538224,91,436.2
4538224,92,2699.79
4538224,93,1354.77
4538224,94,1015.67
4538224,95,135.8
4538224,96,188.09
4538224,97,4033.42
4538224,98,4070.83
4538224,99,770.9
4538224,100,774.16
4538224,101,322.84
4538224,102,782.7
4538224,103,554.6
4538224,104,333.41
4538224,105,1060.4
4538224,106,3.74
4538224,107,17.32
4538224,108,130.92
4538224,109,42.86
4538224,110,73.19
4538224,111,143.12
4538224,112,8.13
4538224,113,293.56
4538224,114,77.42
4538224,115,4.31
4538224,116,489.54
4538224,117,54.97
4538224,118,2119.17
4538224,119,161.82
4538224,120,422.86
4538224,121,979.08
4538224,122,303.16
4538224,123,4.07
4538224,124,666.82
4538224,125,146.78
4538224,126,44.73
4538224,127,1857.33
4538224,128,3389.38
4538224,129,146.37
4538224,130,419.61
4538224,131,19.11
4538224,132,292.75
4538224,133,156.95
4538224,134,27.32
4538224,135,917.28
4538224,136,276.48
4538224,137,7587.06
4538224,138,4475.8
4538224,139,1551.57
4538224,140,697.72
4538224,141,6412.82
4538224,142,800.18
4538224,143,292.75
4538250,1,1735.06
4538250,2,2725.53
4538250,3,695.88
4538250,4,2282.49
4538250,5,226.16
4538250,6,934.8
4538250,7,46.39
4538250,8,426.81
4538250,9,1558.77
4538250,10,1220.11
4538250,11,1776.81
4538250,12,115.98
4538250,13,3015.48
4538250,14,613.53
4538250,15,183.25
4538250,16,345.62
4538250,17,9707.53
4538250,18,456.96
4538264,1,1242
4538264,2,8455.5
4538212,1,1436.25
105504364,1,1760
105504364,2,4300
105504364,3,3118
105504364,4,3118
105504364,5,5220
105504364,6,3800
105504364,1,3520
105504364,2,4200
2563352,1,67354.92
2563125,1,20411.86
2563442,1,33799.36
2563442,2,225.64
2563442,3,19892.5
2563442,4,16529.66
2563442,5,614.03
2563441,1,17281.19
2563441,2,10618.49
105504388,1,37188.24
2563450,1,19963.29
2563491,1,28653.22
2615204,1,29886.08
2615219,1,2978.55
2615219,2,3179.23
2615219,3,10489.8
4538220,1,11700
4538220,1,1020
4538220,1,18200
2563656,1,7363.44
2563656,2,28812
2563656,3,11648
2563656,4,2971.08
2563656,5,2535.4
2563656,6,5878
2563657,1,102312
4538271,1,2821.22
4538272,1,37720.19
2563126,1,7140
4538273,1,162.34
4538273,1,167.56
4538273,1,1357.1
2563283,1,152758.2
2563283,2,625
2563283,3,5565
2563283,4,53.86
2563283,5,394.94
2563388,1,49200
2562950,1,13200
2562950,2,15300
2562950,3,210
2562950,4,46
2562950,5,97.8
2562950,6,1275
2562950,7,58.2
2562950,8,64
2562950,9,240
2562973,1,73802.52
2563150,1,18560.26
2563150,2,61573.37
2563150,3,3902.32
2615199-6,1,8538.86
2615199-4,1,20371.5
2615199-5,1,3498.92
2615199-5,2,1360.8
2563342,1,19110
2563342,2,140
2563385,1,55439.2
2563436,1,49200
105504392,1,36379.8
2563646,1,38475
2563616,1,54925.93
2563616,1,38968.19
2615199-8,1,1773.22
2615199-9,1,28847.5
261519901,1,260.99
261519901,2,1113.07
261519901,3,26.83
261519901,4,95.57
261519901,5,1708.93
261519901,6,1683.98
261519901,7,434.84
261519901,8,144.95
261519901,9,38.23
261519901,10,9.56
261519901,11,243.21
261519901,12,288.48
261519901,13,16.19
261519901,14,27.44
261519901,15,181.18
261519901,16,214.61
261519901,17,68.02
261519901,18,35.18
261519901,19,595.14
261519901,20,97.57
261519901,21,377.52
261519901,22,386.98
261519901,23,243.92
261519901,1,1711.37
261519901,2,229.08
261519901,3,53.9
261519901,4,457.77
261519901,5,423.65
261519901,6,621.66
261519901,7,1122.33
261519901,8,560.75
261519901,9,488.25
261519901,10,407.06
261519901,11,383.93
261519901,12,89.22
261519901,13,98.94
261519901,14,25.44
261519901,15,16.3
261519901,16,33.3
261519901,17,152.31
261519901,18,258.95
261519901,19,74.64
261519901,20,100.38
261519901,21,516.93
261519901,22,51.69
261519901,23,574.72
261519901,24,74.07
261519901,25,118.48
261519901,26,15.15
261519901,27,122.81
261519901,28,111.48
261519901,29,172.08
261519901,1,80.44
261519901,1,573.86
261519901,2,8.04
261519901,3,92.79
261519901,4,169.15
261519901,1,96.5
261519901,1,51.5
261519901,2,129.07
261519901,3,3.22
261519901,4,193.05
261519901,5,48.95
261519901,6,23
261519901,1,19.53
261519901,1,27.14
261519901,2,647.81
261519901,3,30.83
261519901,4,2285
261519901,5,12.14
261519901,6,481.76
261519901,7,259.85
261519901,8,214.15
261519901,9,55.03
261519901,10,72.6
261519901,11,57.74
261519901,12,38.82
261519901,13,160.71
261519901,14,209.05
261519901,15,197.62
261519901,16,294.3
261519901,17,305.06
261519901,18,198.29
261519901,19,225.37
261519901,20,214.98
261519901,21,262.86
261519901,22,433.76
261519901,23,127.28
261519901,24,174.05
261519901,25,693.18
261519901,26,288.08
261519901,27,22.14
261519901,28,245.57
261519901,29,121.78
261519901,30,526.4
261519901,31,29.05
261519901,32,85
261519901,33,237.84
261519901,34,309.51
261519901,1,452.38
261519901,2,2386.5
261519901,1,392.6
261519901,1,16.8
261519901,2,1792.2
261519901,1,172.6
261519901,2,9
261519901,1,551.57
261519901,2,31.26
261519901,3,327.49
261519901,4,10.23
261519901,5,70.32
261519901,6,49.27
261519901,7,91.7
261519901,8,141.11
261519901,9,18.48
261519901,10,661.88
261519901,11,466.07
261519901,12,10.8
261519901,13,477.8
261519901,14,157.2
261519901,15,351.52
261519901,16,62.26
261519901,17,275.53
261519901,18,484.69
261519901,19,70.78
261519901,20,313.7
261519901,21,66.76
261519901,22,287.18
261519901,23,1026.38
261519901,24,67.51
261519901,25,267.51
261519901,26,71.13
261519901,27,203.39
261519901,1,413.49
261519901,2,287.56
261519901,3,740.21
2563472,1,1198.94
2563472,1,20057.64
2563472,1,10377.08
2563612,1,66717.54
2563612,1,132956.5
2563612,2,2106.39
2563612,1,117741.75
2563612,2,2106.39
2563658,1,125211.77
2563604,1,33188.43
2563458,1,29974.41
2563458,2,4276.83
2563588,1,115465.97
2563589,1,112411.97
2615227,1,1116.34
2615227,1,3922.13
2563635,1,18894.46
2563635,1,33874.97
2563635,1,23866.69
2563635,1,27649.86
2563635,1,53700.06
2563635,1,46241.7
2563635,1,54072.06
4538191,1,38880.05
4538191,2,1535.95
2615234,1,10682.81
2615234,1,7232.17
2615234,2,1566.08
4538206,1,9696.25
2563459,1,20864.64
2563459,2,4158.73
4538232,1,6443.36
4538232,2,1656.86
4538232,3,70.42
4538232,4,469.44
4538232,5,1512.21
4538232,6,3.7
4538232,7,73.35
4538232,8,1643.06
4538232,9,162.69
4538232,10,17.26
4538232,11,6.2
4538232,12,0.06
4538232,13,0.72
4538232,14,0.06
4538232,15,110.91
4538232,16,406.85
4538232,17,2.31
4538232,18,0.03
4538232,19,92.83
4538232,20,5.75
4538232,21,5085.65
4538232,22,78.21
4538232,23,0.03
4538232,24,899.77
4538232,25,275.8
4538232,26,18.58
4538232,27,15.26
4538232,28,59.46
4538232,29,3.52
4538232,30,2.76
4538232,31,0.46
4538232,32,86.85
4538232,33,295.75
4538232,34,586.81
4538232,35,111.15
4538232,36,2.3
4538232,37,743.29
4538232,38,5.09
4538232,39,635.71
4538232,40,404.61
4538232,41,234.39
4538232,42,95.84
4538232,43,134.97
4538232,44,74.33
4538232,45,30.8
4538184,1,46656
4538184,2,5184
4538184,3,1728
4538236,1,25785
4538261,1,2395.41
4538261,2,467.55
2563455,1,63768.18
2563262,1,42509.47
2563524,1,27523.31
2563643,1,65227.09
2563643,2,4795.94
2563643,1,13827.04
2563378,1,146285.02
2563682,1,19311.35
2563682,2,1234.7
2563682,1,17724.55
2563682,2,307.44
2563682,3,75195.07
2563682,4,1460.34
2563682,1,10471.84
2563682,2,177.35
2563682,3,7.32
2563682,4,119.21
2563682,5,2.44
2563682,1,10556.22
2563682,2,434.16
2563682,1,3546.54
2563682,2,7810.12
2563682,3,1606.91
2563531,1,17250
2563470,1,32597.34
2563485,1,67354.92
2563487,1,97792.01
2563623,1,36285.48
2563593,1,15716.75
2563593,2,3632.32
2563593,3,19558.62
2563593,4,111065.01
2563593,6,1114
2563593,7,44006.89
2563593,5,8665.31
2563593,1,43308.37
2563593,2,127131.02
2563593,4,360
2563593,5,24448.28
2563593,3,10816.35
2563593,1,23051.23
2563593,2,34599.6
2563593,3,3875
2563593,4,500
2563593,5,8743
2563593,6,31969.8
2563684,1,456.82
2563684,2,6
2563684,3,1522.72
2563684,4,19.99
2563684,1,2381.19
2563684,2,96.5
2563684,3,15.39
2563684,1,11150.64
2563684,2,205.26
2563684,1,769.43
2563684,2,185.28
2563684,3,3553.73
2563684,4,764.28
2563684,5,21.01
2563684,1,1558.57
2563684,2,218.88
2563684,3,739.01
2563684,4,276.3
2563684,5,168.7
2563684,6,23.04
2563684,7,176.85
2563684,8,46.08
2563684,9,170.99
2563684,10,46.08
2563684,11,195.44
2563684,12,46.08
2563684,13,481.11
2563684,14,92.16
2563684,1,989.61
2563684,2,107.52
2563684,3,2988.69
2563684,4,209.92
2563684,5,3850.04
2563684,6,209.92
2563684,1,4508
2563684,2,1739.44
2563684,3,144
2563684,4,1357.94
2563684,5,144
2563684,6,1462.04
2563684,7,48.8
2563684,8,364.83
2563684,9,15.9
2563684,10,4616.81
2563684,11,66
2563684,12,596.87
2563684,13,111.06
2563684,14,399.92
2563684,15,89.1
2563684,16,1825.31
2563684,17,48.8
2563684,18,6256.94
2563684,19,194
2563684,20,260.78
2563684,21,3.9
2563684,22,810.09
2563684,23,19.08
2563684,24,7141.63
2563684,25,132
2563684,26,64.41
2563684,27,3.03
2563684,28,338.59
2563684,29,4.93
2563684,30,2316.3
2563684,31,29.58
2563684,32,1564.82
2563684,33,19.72
2563684,34,872.27
2563684,35,22.77
2563684,36,338.59
2563684,37,4.93
2563684,38,2538.95
2563684,39,29.58
2563684,40,1688.29
2563684,41,24.65
2563684,42,975.45
2563684,43,14.79
2563684,44,42.94
2563684,45,2.44
2563684,46,1072.58
2563684,47,38.8
2563684,48,240.87
2563684,49,9.7
2563684,50,835.98
2563684,51,61.3
2563684,52,430.2
2563684,53,9.7
2563684,54,132.6
2563684,55,2.44
2563684,56,573.19
2563684,57,12.2
2563684,58,330.62
2563684,59,9.7
2563684,1,20387.57
2563684,2,607.2
2563684,3,163.68
2563684,4,3.9
2563684,5,10873.1
2563684,6,151.8
2563684,7,4397.64
2563684,8,151.8
2563684,9,6312.9
2563684,10,227.7
2563684,11,35436.87
2563684,12,614.72
2563684,13,724.58
2563684,14,15.6
2563684,15,4500.77
2563684,16,151.8
2563684,17,1695.74
2563684,18,75.9
2563684,19,2198.83
2563684,20,75.9
2563683,1,4947.94
2563683,2,74.47
2563683,3,13758.7
2563683,4,81518.71
2563683,5,1353.73
2563683,6,491.21
2563683,7,15.12
2563683,8,3086.28
2563683,9,76.99
2563683,10,117.46
2563683,11,3.09
2563683,12,1321.68
2563683,13,38.49
2563683,14,267.27
2563683,15,6.17
2563683,16,1595.72
2563683,17,30.86
2563683,18,3058.41
2563683,19,113.08
2563683,20,724.85
2563683,21,18.98
2563683,22,1824.97
2563683,23,827.09
2563683,24,31.64
2563683,25,34.84
2563683,26,0.53
2563683,27,230.46
2563683,28,4.73
2563683,29,38.02
2563683,30,2.36
2563683,31,18.48
2563683,32,258.99
2563683,33,4.73
2563683,34,558.81
2563683,35,11.31
2563683,36,14.09
2563683,37,630.86
2563683,38,14.18
2563683,39,316.63
2563683,40,386.74
2563683,41,3.77
2563683,42,1787.83
2563683,43,49
2563683,44,411.78
2563683,45,7.91
2563683,46,0.82
2563683,47,117.15
2563683,48,2.36
2563683,49,102.09
2563683,50,22.62
2563683,51,115.22
2563683,52,3.77
2563683,53,115.22
2563683,54,3.77
2563683,55,22.89
2563683,56,0.53
2563683,57,24.27
2563683,58,0.53
2563683,59,306.33
2563683,60,3.78
2563683,61,1603.65
2563683,62,37.69
2563683,63,143.91
2563683,1,2368.65
2563683,2,69.12
2563683,3,627.94
2563683,4,67.2
2563683,5,1228.59
2563683,6,32.4
2563683,7,371.14
2563683,8,9.72
2563683,9,166.67
2563683,10,6.48
2563683,11,4.31
2563683,12,1062.64
2563683,13,32.4
2563683,14,11226.76
2563683,15,463.2
2563683,16,1372.51
2563683,17,77.01
2563683,18,2.7
2563683,19,1.78
2563683,20,302.35
2563683,21,11.58
2563683,22,8.7
2563683,23,3644.79
2563683,24,1552.08
2563683,25,40.5
2563683,26,567.06
2563683,27,21.06
2563683,1,2311.58
2563683,2,75.3
2563683,3,4049.12
2563683,4,76.26
2563683,1,1573.88
2563683,2,37.92
2563683,3,1573.88
2563683,4,37.92
2563683,5,753.91
2563683,6,3015.59
2563683,7,3554.67
2563683,1,14690.38
2563683,2,343.12
2563683,3,3554.67
2563683,1,1167.05
2563683,1,2531.91
2563683,2,3064.92
2563683,3,2032.52
2563683,4,2979.64
2563716,1,24306.84
2563716,2,31656.39
2563716,1,17086.6
2563716,1,19.8
2563716,2,90.74
2563716,3,23.55
2563717,1,63312.78
2563717,1,77443.86
2563718,1,118057.55
2563719,1,10720.11
2563719,2,13836.34
2563578,1,22541.71
2563583,1,51689.14
105504425,1,1058200
105504425,1,920000
105504425,1,1056000
2563211,1,18216.85
2563211,2,60434.12
2563211,3,3830.12
2563211,1,18216.85
2563211,2,60434.12
2563211,3,3830.12
2563211,1,18216.85
2563211,2,60434.12
2563211,3,3830.12
2563211,1,18216.85
2563211,2,60434.12
2563211,3,3830.12
2563211,1,18216.85
2563211,2,60434.12
2563211,3,3830.12
2563211,1,18216.85
2563211,2,60434.12
2563211,3,3830.12
2563211,1,18216.85
2563211,2,60434.12
2563211,3,3830.12
2563263,1,63085.03
2563365,1,97792.01
2563389,1,16195.13
2563389,1,7771.97
2563389,1,8845.2
2563444,1,25314.16
2563444,1,26326.73
2563595,1,32597.34
2563596,1,32597.34
2563607,1,30713.64
2563465,1,32597.34
2563610,1,247807.44
2563606,1,102174.15
2563606,1,36172.46
2563606,1,14111.74
2563606,1,10575.49
2563606,1,780.04
2563606,1,11763.6
2563606,1,14715.11
2563606,1,5292.25
2563606,1,6231.06
2563606,1,2321.65
2563606,1,1338.29
2563606,1,223.86
2563606,1,3807.18
2563606,1,49428.46
2563606,1,22220.08
2563606,1,8625.4
2563606,1,14605.49
2563606,1,4226.74
2563606,1,678.49
2563606,1,49428.46
2563606,1,9710.76
2563606,1,22966.07
2563606,1,1304.37
2563606,1,4226.74
2563606,1,5621.8
4538297,1,4533.36
4538297,2,2181.54
4538297,3,2181.54
4538297,4,402.71
2563558,1,25042.22
2563558,1,35244.96
4538263,1,40
4538263,2,20
4538285,1,318.26
4538285,2,31.87
4538285,3,977.35
4538285,4,1540.62
4538285,5,442.75
4538285,6,131.63
4538285,7,6.08
4538285,8,17.1
4538285,9,11.02
4538285,10,121.38
4538285,11,441.44
4538285,12,19.45
4538285,13,214.2
4538285,14,779.01
4538285,15,28.8
4538285,16,530.59
4538285,17,129.68
4538285,18,10.56
4538285,19,61.2
4538285,20,521.22
4538285,21,279.71
4538285,1,601.76
4538285,2,581.4
4538285,3,543.98
4538285,4,2238.83
4538285,5,712.83
4538285,1,1707.63
4538285,2,27.36
4538285,3,175.87
4538285,4,618.57
4538285,5,27.36
4538285,6,175.87
4538285,7,618.57
4538285,8,1707.63
4538285,9,426.91
4538285,10,12.85
4538285,11,122.08
4538285,12,44.49
4538287,1,883.4
4538289,1,1480.32
4538289,2,503.27
4538289,3,383.05
4538289,4,3196.36
4538289,5,909.87
4538289,6,636.44
4538289,7,1925.83
4538289,8,2432.63
4538289,9,141.43
4538289,10,288.76
4538289,11,507.98
4538289,12,235.72
2615287,1,19500
2615288,1,7716
4538296,2,86.25
4538296,1,36712.19
2563424,1,64219.33
2563426,1,64403.06
2615178,1,1167
2615178,2,3180
2615178,3,13900
2615178,4,1724.9
2615178,5,2022
2615178,6,4185
2615178,7,4140
2615178,8,27180
2615178,9,8100
2615178,10,9720
2615178,11,3280.5
2563447,1,27823.91
2563427,1,45846.65
2615172-1,1,762.3
2615172-1,2,1158.04
2615172-1,3,776.36
2615172-1,4,957.96
2615172-1,5,767.88
2615172-1,6,503.28
2615172-1,7,5656.79
2615172-1,8,2801
2615172-1,9,771.2
2615172-2,1,761.6
2615172-2,2,627.2
2615172-2,3,3830.4
2615172-2,4,3055.2
2563464,2,37209.6
2563464,1,60710.4
2563632,1,3990.34
105504403,1,3560
2615200,1,6776.4
2615200,2,2083.2
2615200,3,1281.88
2563453-1,1,20265.85
2563453-1,1,32181.63
2563453-2,1,18729.23
2563453-2,1,4316.83
4538300,1,150.3
4538300,2,948.15
4538300,3,807.87
4538300,4,112.73
4538300,5,363.23
4538286,1,2687.5
4538217,1,44441.03
2563697,1,248.27
2563697,2,3889.57
2563697,3,308.01
2563697,4,4825.52
2563697,5,236.42
2563697,6,3703.98
2563697,7,1540.8
2563697,8,4000.86
2563697,9,271.55
2563697,10,4254.21
2563697,12,308.01
2563697,13,4825.52
2563697,14,9.42
2563697,15,147.6
2563697,16,12.84
2563697,17,201.19
2563697,18,766.05
2563697,19,111.8
2563697,20,1283.9
2563697,21,456.86
2563697,22,7157.44
2563697,23,535.24
2563697,24,8385.37
2563697,25,137.85
2563697,26,2159.71
2563697,27,22.46
2563697,28,351.82
2563697,29,200.96
2563697,30,3148.39
2563697,31,135.75
2563697,32,26.84
2563697,33,420.47
2563697,34,470.57
2563697,35,7372.3
2563697,36,166.55
2563697,37,2609.36
2563697,38,30.54
2563697,39,405.78
2563697,40,30.54
2563697,41,405.78
2563697,42,84.72
2563697,43,1327.36
2563697,44,91.33
2563697,45,1430.87
2563697,46,967.68
2563697,47,23224.32
2563697,48,15.05
2563697,49,235.81
2563697,50,2257.68
2563697,51,86.23
2563697,52,86.23
2563697,53,1373.6
2563697,54,1283.19
2563697,55,8144
2563697,56,17164.8
2563697,11,194.66
2563697,57,3049.77
2563697,58,2126.99
2563697,59,967.68
2563697,60,23224.32
2563697,61,1351.01
2563697,62,1351.01
4538291,1,92.05
4538291,2,3826.28
4538291,3,40.22
4538291,4,27.59
4538291,5,367.86
4538291,6,153.68
4538291,7,114.96
4538291,8,305.23
4538298,1,111.03
4538298,2,2019.04
4538298,3,1264.4
4538298,4,1047.13
4538298,5,0.59
4538298,6,2777.79
4538298,7,9.03
4538298,8,2778.01
4538298,9,8.82
4538298,10,1009.52
4538298,11,2220.69
4538298,12,6246.84
4538298,13,0.03
4538298,14,2019.04
4538298,15,449.36
4538298,16,1.54
4538298,17,203.61
4538298,18,1.8
4538298,19,1072.61
4538298,20,2.04
4538298,21,1480.46
4538298,22,259.27
4538298,23,2129.26
4538298,24,1064.63
4538298,25,1064.63
105504426,1,589500
4538235,1,13215
4538278,1,52950.55
105504433,1,243927.2
105504433,1,155331
105504433,1,140373.2
105504433,1,311812.6
4538302,1,210
4538302,2,65
2563249,1,143066.78
2563247,1,18321.81
2563420,1,8600.34
2563420,2,10830.69
2563420,3,3861.1
2563420,4,4788.67
2563420,5,16027.96
2563420,6,11202.69
2563420,7,12806.69
2563420,8,12884.8
2563420,9,12725.37
2563420,10,13955.33
2563420,11,13617.24
2563420,12,13888.99
2563420,13,8234.56
2563420,14,30423.8
2563420,15,9175.57
2563420,16,6932.3
2563420,17,7740.45
2563420,18,270.34
2563231,1,32512.5
2563297,1,44320.12
2563462,1,30713.64
2615201,1,9960
105504402,1,57495
2615195,1,1320
2563484,1,64160.7
2563537,1,64415.41
2563568,1,128808
2563538,1,52324.46
2615252,1,5809.89
2615252,3,2712.92
2615252,2,37.16
2563651,1,167373.77
2563651,2,1652.96
2563651,3,6144.52
2563651,4,3392.47
2563651,5,2907.83
2615232,1,56160
2563569,1,97792.01
2563765,1,156264.81
2563765,1,156264.81
2563731,1,8683.78
4538290,1,7519.75
4538290,1,223.51
4538290,1,854.64
4538290,1,915.3
4538290,1,301.04
4538290,2,49.84
4538290,1,873.3
4538290,1,1216.8
4538290,1,9993.86
2615263,1,10489.42
2615263,2,419.58
4538245,1,52968.91
4538270,1,5856
4538270,2,336
4538270,3,112
4538270,4,123.2
4538270,5,144
4538241,1,22698.52
4538258,1,177.64
4538258,1,212.39
4538258,1,273.32
4538258,1,821.36
4538258,1,44.07
4538258,2,169.27
4538258,1,3357.5
4538258,1,15.75
4538258,2,2056.86
4538258,1,5150.07
4538258,1,270.4
4538258,1,2882.39
4538258,1,347.19
4538258,1,194.34
4538258,1,171.58
4538258,1,1412.26
4538258,1,2802.14
4538303,1,832
4538306,1,3435.03
4538292,1,5694.95
4538292,2,4874.95
4538292,3,1973.52
2563348,1,115394.34
2563481,1,62238
2563482,1,62238
2563483,1,62238
105504410,1,100514
105504411,1,99224
2563609,1,17907.12
2563744,1,27921.89
2563693,1,17594.3
2563693,1,8978.06
2563693,1,24291.38
2563693,1,51722.88
2563693,1,6865.78
4538282,1,1823.9
2563700,1,97719.28
4538311,1,1252.24
4538311,1,1252.24
2563636,1,189664.79
2563576,1,23299.05
2615248,1,56078.65
2563586,1,32597.34
2563665,1,
2563665,2,6165
2563665,3,97.52
2563665,4,7555
2563665,5,2019.6
2563665,6,2700
2563665,7,2800
2563665,8,2820
2563665,9,7252.8
2563665,1,5750
2563665,2,1040
2563665,3,11000
2563665,4,35211
2563665,5,916
2563665,6,75.6
2615185-2,1,3481.56
2615185-4,1,819
2615185-4,2,531
2615185-4,3,990
2615185-1,1,11083.2
2615185-6,1,16416.99
2615185-6,1,8208.5
2563449,1,52505.09
2563449,2,2537.15
2563449,3,2727.9
2615185-3,1,2962.62
2615185-5,1,10915.1
2563689,1,62315.57
2563689,1,41699.32
2563666,1,61199.28
2563666,2,963.93
2563766,1,165270.41
2563768,1,8224.84
2563768,2,29291.57
2563768,3,9619.81
2563696,1,93601.96
2563696,2,159640.08
2563696,3,1020
2563696,1,76405.43
2563696,2,432
2563696,3,12224.13
2563696,4,62517.73
2563696,5,13202.07
2563696,6,67058.12
2563696,1,11246.21
2563696,2,67058.12
2563696,3,150880.77
2563696,4,146489.64
2563696,5,200
2563696,6,19558.62
2563699,1,2485.5
2563699,2,76.8
2563699,1,262.42
2563699,2,3.03
2563699,1,961.72
2563699,2,15.18
2563699,3,86.78
2563699,4,36.96
2563699,5,282.42
2563699,6,23.16
2563699,7,1.37
2563699,8,168.47
2563699,9,36.96
2563699,1,224.51
2563699,2,6.36
2563699,1,6460.85
2563699,2,115.64
2563699,3,3942.1
2563699,4,57.82
2563699,1,41.16
2563699,1,1235.66
2563699,2,4328.45
2563699,3,114.66
2563699,4,2.16
2563699,5,0.19
2563699,6,400.89
2563699,7,13.5
2563699,8,193.09
2563699,9,116.79
2563699,1,1633.32
2563699,2,57.6
2563699,3,381.35
2563699,4,15.36
2563699,5,970.42
2563699,6,24.1
2563699,7,2845.48
2563699,8,120.5
2563699,9,215.98
2563699,10,7.23
2563699,11,1047.79
2563699,12,28.8
2563699,13,2244.42
2563699,14,69.12
2563699,15,2137.38
2563699,16,48.2
2563699,17,573.96
2563699,18,12.05
2563699,19,2230.53
2563699,20,3778.71
2563699,21,406.75
2563699,22,7.51
2563699,23,6317.96
2563699,24,58.56
2563699,25,267.54
2563699,26,7.51
2563699,27,1185.2
2563699,28,45.06
2563699,29,3316.76
2563699,30,262
2563699,31,408.79
2563699,32,7.51
2563699,33,2292.01
2563699,34,29.28
2563699,35,670.74
2563699,36,15.02
2563699,37,1237.81
2563699,38,9.78
2563699,39,15829.47
2563699,40,327.5
2563699,41,2366.07
2563699,42,79.6
2563699,43,486.57
2563699,44,22.05
2563699,45,3822.04
2563699,46,65.5
2563699,47,1382.5
2563699,48,90
2563699,49,1121.09
2563699,50,13.1
2563699,51,818.83
2563699,52,14.84
2563699,53,10507.29
2563699,54,275.3
2563699,55,15.44
2563699,56,41.02
2563699,57,233.45
2563699,58,15
2563699,59,215.98
2563699,60,7.23
2563699,61,616.94
2563699,62,19.2
2563699,63,479.21
2563699,64,7.68
2563699,65,5205.55
2563699,66,58.56
2563699,67,76.83
2563699,68,1209.84
2563699,69,22.05
2563699,70,1586.32
2563699,71,3846.27
2563699,72,98.25
2563699,73,159.17
2563699,74,3.15
2563699,75,3886.5
2563699,76,72.05
2563699,77,1770.63
2563699,78,52.4
2563699,79,116.64
2563699,80,1799.91
2563699,81,57.6
2563699,82,2493.81
2563699,83,76.8
2563699,84,618.35
2563699,85,19.2
2563699,1,2287.98
2563699,2,1450.23
2563699,3,16.08
2563699,1,2528.84
2563699,2,112.65
2563699,3,2176.89
2563699,4,75.1
2563699,5,2082.25
2563699,6,75.1
2563699,7,735.27
2563699,8,410.75
2563699,9,7.42
2563699,10,2323.93
2563699,11,82.61
2563699,12,1636.54
2563699,13,60.08
2563699,1,7734.5
2563699,2,318.4
2615250,1,16032.54
2615250,2,4700.71
2615250,1,21707.79
2615250,1,9717.2
2563648,1,17229.71
2563767,1,6116.35
2563767,1,15066.97
105504389,1,30000
2563244,1,26821.2
2563337,1,27537.25
2563315,1,5015.47
2563315,2,120371.33
2563315,3,4160
2563392,1,8772
2563438,1,76039.55
2563438,2,21984.96
2563438,3,4543.6
2563438,4,207.68
2563438,5,7.02
2563438,6,1641
2563440,1,10291.73
2563440,2,14744
2563440,3,839.04
2563440,4,231.9
2563490,1,1719.66
2563490,2,878.06
2563490,3,18849.93
2563490,4,9524.87
2563490,5,3001.19
2563490,6,5580.69
2563490,7,1087.62
2563490,8,1128.23
2563490,9,550.69
2563490,10,1702.49
2563490,11,390.06
2563490,12,1742.62
2563490,13,12659.66
2563490,14,7753.08
2563490,15,3788.61
2563490,16,380.14
2563490,17,1757.62
2563490,18,1712.7
2563490,19,1670.57
2563490,20,575.73
105504412,1,46160
2615239,1,130844.7
2615249,1,3809.59
4538294,1,16880
4538277,1,921.12
4538259,1,241.37
4538259,2,197.04
4538259,3,208.12
4538259,4,2355.92
4538259,5,375.43
4538259,6,185.7
2563190,1,56600
2563517,1,33668.63
2563559,2,308980.49
2563559,1,30447.51
2563454,1,7161.07
2563454,2,9817.62
2563454,2,16366.36
2563454,1,44678.07
2563473,1,42695.69
2563473,2,28055.89
4538316,1,25028.66
2563404,1,45900
2563498,1,61260.76
2563498,2,9688.19
2563498,3,39822.41
2563498,4,15414.67
2563498,5,7265.96
2563498,6,9567.66
2563496,1,8113.8
2563496,2,9193.31
2563496,1,15904.28
2563496,2,6672.06
2563496,1,12879.18
2563496,2,6672.06
2563674,1,92404.27
2563694,1,30801.42
2563620,1,257380.59
2563620,2,8939.41
2563622,1,97792.01
2563445,1,26400
2563527,1,56910.75
2563527,1,620
2563567,1,82
2563567,1,36456.99
2563567,2,18600.86
2563477,1,1230
2563413,1,154980
2563435,1,22160.06
2563523,1,22160.06
2563486,1,44320.12
2563573,1,107940
2563601,1,13782.04
2563597,1,30713.64
105504413,1,69155
105504416,1,38968
105504421,1,73870.5
105504422,1,54580
105504440,1,214600
4538319,1,551058.05
4538319,2,51041.24
4538319,3,12617.35
4538319,4,38756.89
4538319,5,4835.17
4538319,6,3777.48
4538319,7,2719.78
4538319,8,604.4
4538319,9,241.76
4538325,1,109.98
4538325,2,241.3
4538325,3,12.7
4538325,1,2506.43
4538325,2,5970.8
4538325,3,1105.15
4538325,4,330.1
4538325,5,366.28
4538325,1,7519.29
4538325,2,366.28
4538325,3,634.8
4538325,4,74.1
4538325,1,103.68
4538325,1,569.76
4538325,1,301.04
4538325,1,598.23
4538329,1,5260.85
4538329,2,37.25
4538329,3,4828.26
4538329,4,43.99
4538329,5,27323.56
4538329,6,31.15
4538329,7,1264.48
4538329,8,0.13
4538329,9,0.43
4538329,10,430.86
4538329,11,10975.8
4538329,12,46.24
4538329,13,185.66
4538329,14,2.22
4538329,15,37.5
4538329,16,0.08
4538329,17,20469.94
4538329,18,7.99
4538329,19,43.74
4538329,20,847.42
4538329,21,1.15
4538329,22,7774.94
4538329,23,40.69
4538329,24,370.12
4538329,25,2086.35
4538329,26,5.34
4538329,27,2086.55
4538329,28,5.14
4538329,29,2129.26
4538329,30,740.23
4538329,31,3533.32
4538329,32,1009.52
4538329,33,504.76
4538329,34,1204.52
4538329,35,2.89
4538329,36,954.51
4538329,37,3.41
4538329,38,395.69
4538329,39,3.11
4538329,40,1016.91
4538329,41,1.38
4538329,42,7036.42
4538329,43,0.49
4538329,44,64.79
4538329,45,702.77
4538329,46,2.39
4538329,47,10.58
4538329,48,17.31
4538329,49,0.54
4538329,50,50.71
4538329,51,0.95
4538329,52,555.17
4538329,53,1453.73
4538329,54,10.45
4538329,55,2873.8
4538329,56,25.75
4538329,57,576.08
4538329,58,3.83
4538329,59,2.82
4538329,60,5.64
4538329,61,2.81
4538329,62,0.01
4538329,63,2.78
4538329,64,0.04
4538329,65,2274.44
4538329,66,0.89
4538329,67,4.86
2563321,1,57307.69
4538340,1,4913.74
4538346,1,46000
4538346,2,3000
2615192,1,12000
2563460,1,56010.08
2615196,1,2025
2615196,2,5500
2615196,3,1600
2563488,1,1240.03
2563488,2,2784.37
2563488,3,355.59
2563488,4,8534.09
2563488,5,724.34
2563488,6,409.9
2563488,7,6421.78
2563488,8,4507.02
2563488,9,420.31
2563488,10,6584.78
2563488,11,504.37
2563488,12,7901.74
2563488,13,485.88
2563488,14,7612.17
2563488,15,137.85
2563488,16,2159.71
2563488,17,21.9
2563488,18,343.12
2563488,19,262.82
2563488,20,4117.44
2563488,21,106.39
2563488,22,1666.79
2563488,23,610.01
2563488,24,9556.77
2563488,25,135.75
2563488,26,2126.72
2563488,27,4173.76
2563488,28,931.98
2563488,29,8670.46
2563488,30,9255.58
2563488,31,8510.4
2563488,32,3866.34
2563488,33,89.85
2563488,34,1407.59
2563488,35,616.02
2563488,36,9651.04
2563488,37,139.29
2563488,38,2182.19
2563488,39,622.1
2563488,40,131.14
2563488,41,2054.52
2563488,42,21.52
2563488,43,337.21
2563488,44,984.84
2563488,45,15429.16
2563488,46,510.45
2563488,47,7997.07
2563488,48,4255.2
2563488,49,107.7
2563488,50,49.93
2563488,51,782.3
2563488,52,155.9
2563488,53,2442.36
2563488,54,1090.67
2563488,55,26176.13
2563488,56,1440.4
2563488,57,210.15
2563488,58,3292.4
2563488,59,714.52
2563488,60,11194.13
2563488,61,420.31
2563488,62,6584.78
2615218,1,109398.4
105504404,1,59927
105504407,1,37049.6
2563617,1,149186.32
2563617,2,404.03
2563617,1,149186.32
2563617,2,404.03
2563650,1,227870.72
2563650,2,47.88
2563650,1,173092.13
2563650,2,76.32
2563650,1,163789.55
2563650,2,90.53
2563673-1,1,37074.58
2563673-1,2,6491.68
2563673-2,1,4964.78
2563673-2,2,6604.69
2563673-2,1,1204.29
4538234,1,25693.77
4538234,2,42.42
4538234,3,190.66
2563572,1,67354.92
2563790,1,64670.73
2563790,2,7462.88
2563790,3,2825.42
2563790,4,9047.35
2563800,1,32597.34
2563801,1,8683.78
2563745,1,113723.5
4538262,1,1291.31
4538348,1,471.97
4538348,3,1928.77
4538348,2,6505.08
2563663,1,43239.86
2563644,1,43950.6
2563603,1,46880.64
4538326,1,1331.91
4538326,2,10730.75
4538326,3,5289.94
4538326,4,1301.27
4538326,5,719
4538326,6,1143.32
4538326,7,511.55
4538326,8,94.29
4538326,9,3470.05
4538326,10,451.44
4538326,11,264.03
4538326,12,229.84
2615289,1,6295
4538337,1,935.13
2563600,1,585.32
2563600,1,5073.11
2563600,1,17875.23
2563552,1,62238
2615255,1,10838.17
2563539,1,62238
2563542,1,62238
2615246,1,15406.76
2615246,2,15329.78
4538308,1,1007.7
2563618,1,2332.35
2563618,2,0.45
2563618,3,4562.5
2563618,4,24431.55
2563618,5,0.45
2563618,6,2437.05
2563618,7,0.45
2563618,8,1972.95
2563618,9,0.45
2563618,10,862.05
2563618,11,0.45
2563618,12,2092.35
2563618,13,0.45
2563618,14,1702.35
2563618,15,0.45
2563618,16,23500
2563618,17,1662.75
2563618,18,0.45
2563618,19,4309.5
4538301,1,8605.08
4538313,1,30554
4538331,1,1186.66
4538331,2,1115.09
4538331,3,1132.09
4538331,4,1131.25
4538331,5,1186.87
4538331,6,1198
4538331,7,2230.18
4538331,8,2262.51
4538305,1,2456.75
4538305,2,1450.75
4538336,1,4423.25
105504442,1,192973
2615189,1,1738.5
2615189,2,6108
2615189,3,5505
2615189,4,7068
2615189,5,525
2615189,6,1188
2615189,7,198
2615189,8,1188
2615189,9,198
2615189,10,828
2615189,11,159
2615189,12,414
2615189,13,912
2615189,14,1425
2615189,15,1417.5
2615189,16,357
2615189,17,2145
2615189,18,1050
2615189,19,1300.5
2615189,20,1287
2615189,21,1249.5
2615189,22,1819.5
2615189,23,20625
2563633,1,11020.74
2563633,1,3395.06
2563633,2,50131.07
2563698,1,25164.22
2615235,1,708
2563764,1,18038.55
2563764,1,43925.21
2563764,1,37789.33
2563764,1,13256.31
4538345,1,202.3
2563627,1,17617.68
4538309,1,11304
4538320,1,140920
4538321,1,138071.32
4538321,2,2848.68
4538347,1,866
4538347,1,9055.75
4538347,2,24.36
4538347,3,363.94
4538347,4,55.96
4538347,5,123.67
4538347,6,285.32
4538347,7,80.91
4538347,8,23.11
4538347,9,47.1
4538347,10,93.71
4538347,11,52.18
4538347,12,276.6
4538347,13,78.02
4538347,14,117.14
4538347,15,60.09
4538347,16,154.63
4538347,17,23.11
4538347,18,217.88
4538347,19,5.85
4538347,20,527.7
4538347,21,449.92
4538347,22,18.29
4538347,23,4.62
4538347,24,70.88
4538347,25,95.99
4538347,26,125.97
4538347,27,1958.43
4538347,28,443.18
4538347,29,203.39
4538347,30,529.71
4538347,31,50.86
4538347,32,41.24
4538347,33,1.57
4538347,34,73.42
4538347,35,666.55
4538347,36,246.11
4538347,37,2409.55
4538347,38,415.32
4538347,39,59.21
4538347,40,45.22
4538347,41,157.63
4538347,42,0.71
4538347,43,11.96
4538347,44,2.41
4538347,45,30.05
4538347,46,80.91
4538347,47,80.91
4538347,48,78.59
4538347,49,2.59
4538347,50,312.03
4538347,51,71.95
4538347,52,53.16
4538347,1,2198.63
4538347,2,2278.71
4538347,3,5316.15
4538347,4,1290.86
4538347,5,2989.58
4538347,6,3185.34
4538347,7,1333.28
4538347,8,3124.72
4538347,9,1323.14
4538347,10,527.7
4538347,11,196.68
4538347,12,174.14
4538347,13,303.78
4538347,14,209.92
4538347,15,37.89
4538347,16,41.15
4538347,17,11.63
4538347,18,237.66
4538347,19,303.78
4538347,1,108.05
4538347,1,4709.18
4538347,1,581.76
4538347,1,96.48
4538347,1,756.14
4538347,1,92.23
4538347,1,305.27
4538347,1,117.41
4538347,1,1285.27
4538347,1,1992.4
4538347,1,971.57
4538347,1,242.1
4538347,2,0.67
4538347,3,110.18
4538347,1,44.43
4538347,1,1508.22
4538347,1,59.81
4538347,2,47.08
4538347,1,184.92
4538347,1,2600.81
4538347,1,255.95
4538347,1,570.61
4538347,1,457.9
4538347,1,169.57
4538347,2,36.3
4538347,1,356.84
4538347,2,48.87
4538347,3,2040.71
4538347,1,5520.29
4538347,1,2196.09
4538347,1,1208.64
4538347,1,7411.83
4538347,1,274.92
4538347,2,274.92
4538347,1,27.38
4538347,1,79.88
4538347,1,122.86
4538347,1,2844.53
4538347,1,2921.16
4538347,1,722.13
4538347,1,587.05
2564000,1,80991.28
2563393,1,8772
2563415,1,46014.12
2563289,1,58914
2563290,1,82500
2563507,1,117828
2563508,1,75390
2563747,1,25977.11
2563710,1,80427.76
2563659,1,2279.72
2563659,2,31587.76
2563659,3,936.53
2563659,5,17.01
2563659,6,105.03
2563659,7,33.33
2563659,4,1042.45
2563659,8,200.7
2563799,1,8482.32
2615268,1,36474.96
105504419,1,57632
2563634,1,66401.91
2615272,1,14429.06
2615273,1,9474.99
2615273,2,9474.99
2615273,3,8864.49
2563784,1,32597.34
2563785,1,30713.64
2563773,1,125811.39
4538323,1,30554
4538317,1,279.82
4538322,1,37907.45
2563677,1,52524.55
4538360,1,31328.25
4538366,1,23907.21
4538366,2,175.34
4538366,3,209.78
4538366,4,1277.56
4538366,5,3230.47
4538366,6,19.78
4538366,7,2697.07
4538366,8,8.34
4538366,9,576.6
4538366,10,3.31
4538366,11,1110.35
4538366,12,1110.35
4538366,13,374.57
4538366,14,1.18
4538366,15,2592.82
4538366,16,12.39
4538366,17,2074.72
4538366,18,16.96
4538366,19,1202.4
4538366,21,6.33
4538366,22,30.81
4538366,23,0.5
4538366,24,67.65
4538366,25,1.24
4538366,26,13.15
4538366,27,5.64
4538366,28,13.15
4538366,29,5.64
4538366,30,740.23
4538366,31,1009.52
4538366,32,438.38
4538366,33,601.2
4538366,34,32868.93
4538366,35,7.88
4538366,36,126.7
4538366,20,830.35
4538367,1,18648.3
4538367,2,32.16
4538367,3,107.11
4538367,1,14513.98
4538367,2,0.73
4538367,4,1766.03
4538367,5,4291.86
4538367,6,6.74
4538367,3,11.85
2563443,1,6304
2563443,2,4035.38
2563443,3,96849.02
2563493,1,1698
2563493,2,26602
2615188,1,22140.54
2615188,2,5929.74
2615188,3,1732.78
105504415,1,60000
105504420,1,60675
2563757,1,145162
2563757,2,304128
2563757,3,15144.32
2563757,1,145162
2563757,2,304128
2563757,3,15144.32
2563757,1,145162
2563757,2,304878
2563757,3,15144.32
2563791,1,6486
2563753,1,13711.34
2563753,1,62525.48
2563753,1,26149.87
2615215-1,1,26955.43
2615215-4,1,27430.3
2615215-2,1,17804.07
2615215-2,2,21293.32
2615215-8,1,7469.7
2615215-8,2,5257.09
2615215-8,3,6.19
2615215-8,4,107.35
2615215-8,5,299.31
2615215-8,6,5257.09
2615215-8,7,984.91
2615215-8,8,1691.38
2615215-8,9,357.26
2615215-8,10,1975.35
2615215-8,11,4004.09
2615215-8,12,667.35
2615215-8,13,4335.46
2615215-8,14,27404.19
2615215-8,15,1867.42
2615215-8,16,477.84
2615215-8,17,2200.64
2615215-8,18,541.93
2615215-8,19,254.81
2615215-8,20,587.61
2615215-8,21,1433.53
2615215-8,22,1779.4
2615215-8,23,593.13
2615215-8,24,1267.96
2615215-8,25,7055.48
2615215-8,26,928.53
2615215-8,27,1910
2615215-8,28,6503.19
2615215-8,29,2064.18
2615215-8,30,928.53
2615215-8,31,563.79
2615215-8,32,845.69
2615215-8,33,563.79
2615215-8,34,716.25
2615215-8,35,1193.75
2615215-8,36,581.05
2615215-8,37,434.93
2615215-8,38,317.57
2615215-8,39,57.53
2615215-8,40,449.6
2615215-8,41,581.05
2615215-8,42,1441.7
2615215-8,43,2162.55
2615215-8,44,848.57
2615215-8,45,2351.83
2615215-8,46,2177.44
2615215-8,47,156.48
2615215-8,48,338.28
2615215-8,49,41.42
2615215-8,50,27.71
2615215-8,51,126.57
2615215-8,52,2.34
2615215-8,53,54.26
2615215-8,54,13.85
2615215-8,55,23.67
2615215-8,56,2562.65
2615215-8,57,487.51
2615215-8,58,9.47
2615215-8,59,1025.06
2615215-8,60,195
2615215-8,61,17.49
2615215-8,62,66.61
2615215-8,63,910.34
2615215-8,64,1798.48
2615215-8,65,27.87
2615215-8,66,1116.59
2615215-8,67,307.01
2615215-8,68,11545.93
2615215-8,69,4545.65
2615215-8,70,4935.69
2615215-8,71,11.92
2615215-8,72,57.76
2615215-8,73,611.47
2615215-8,74,9510.86
2615215-8,1,470.41
2615215-8,2,1941.34
2615215-8,3,648.85
2615215-8,4,1297.88
2615215-8,5,37.92
2615215-8,6,738.25
2615215-8,7,227.15
2615215-8,8,71.57
2615215-8,9,2216.56
2615215-8,10,73.94
2615215-8,11,307.9
2615215-8,12,9528.5
2615215-8,13,426.95
2615215-8,1,10527.99
2615215-8,2,5837.68
2615215-8,3,2994.78
2615215-8,4,1490.26
2615215-8,5,1049.58
2615215-8,6,1049.58
2615215-8,7,1484.73
2615215-8,8,1484.73
261521510,1,2003.15
2615215-5,1,2292.57
2615215-6,1,5194.5
2615215-6,3,355
2615215-6,4,512
2615215-6,2,5074.5
2615215-6,5,5194.5
2615215-6,6,4954.5
2615215-6,7,120
2615215-6,8,512
2615215-9,1,16494.62
2615215-9,2,12443.2
2563712,1,54212.9
2563712,1,34963.12
2563712,2,8875.04
2563712,3,5473.69
2563712,1,9283.28
2563712,2,3284.22
2563712,1,48189.24
2563712,1,25806.11
2563712,1,22086.74
2563712,1,3670.64
2563712,2,4378.96
2563712,3,13946.49
2563712,4,8425.68
2563712,1,19074.91
2563712,1,14609.34
2563712,2,2918.96
2563770,1,34567.33
2615277,1,15978.38
2615277,1,21634.46
2615277,2,4684.83
2615277,1,9684.37
2615278,1,10652.25
2615278,1,7211.49
2615278,2,1561.61
2563881,1,26705.94
2615264,1,21809.58
2615264,2,1321.36
2563850,1,114720
2563950,1,2038.4
2563950,2,11793.6
2563950,3,4512
2563950,4,86.4
2563950,5,26.64
2563518,1,2963.84
2563518,2,71132.16
2563518,3,8448
2563647,1,18142.74
2563680,1,30713.64
2563514,1,41186.6
2563506,1,82500
2563625,1,16976.42
2563645,1,10125
2563598,1,318299.06
2615257,1,3526.74
2615257,2,746.4
2615257,3,20979.6
2615257,4,954.8
2615257,5,3526
2615256,1,36375.16
2563869,1,177156.43
2563570,1,159573.65
2563512,1,42675.62
2615253,1,12276
2615253,2,7119.9
2615253,3,2885.1
2615253,4,852
2615253,5,10579.65
2615253,6,1080
2615253,7,622.91
2563628,1,51.39
2563628,2,119.61
2563628,1,113.9
2563628,1,71.8
2563628,2,613.8
2563628,1,77.8
2563628,1,134.9
2563628,1,150.4
2563628,1,307.43
2563628,2,715.57
2563628,1,115
2563628,1,264.4
2563628,1,109.26
2563628,1,1033.47
2563628,1,170
2563628,1,558.9
2563628,1,3.82
2563628,1,38.83
2563795,1,18032.86
2563843,1,153110.34
2563842,1,20684.39
4538354,1,345239.54
4538353,1,20095.16
4538353,2,3341.91
4538353,3,2730.32
4538353,4,753.57
4538353,5,4150.09
4538353,6,1965.83
4538353,7,2293.47
4538353,8,2184.26
4538353,9,6115.92
4538353,10,1965.83
4538353,11,12499.41
4538353,12,1310.55
4538353,13,1381.54
4538353,14,2129.65
4538353,15,5460.64
4538353,16,273.03
4538314,1,4444.16
4538314,2,1512.39
4538373,1,500
4538338,1,689.08
2615088,1,1050
2615088,2,607.5
2615088,3,640
2615088,4,3180
2615088,5,5662.8
2615088,6,594.66
2615088,7,5702.3
2615088,8,2022
2615088,9,4080
2615088,10,4185
2615088,11,27180
2615088,12,24300
2615088,13,15052.8
2615088,14,5079.04
2615088,15,36250
2615088,16,8110
2615088,17,2220
2615088,18,2899.84
105504361,1,103065.38
105504361,1,104517
2563314,1,62238
2563312,1,62238
2563313,1,62238
105504408,1,108495
2563661,1,64106.41
2563662,1,65141.99
2563580,1,35200
2563492-1,1,97246.53
2563492-1,2,56156.54
2563492-2,1,44422.69
2563414,1,42625.77
2563575,1,9415.63
2563575,2,18386.62
2563575,1,3964.08
2563575,2,13344.11
2563575,1,9236.27
2563575,2,13344.11
2563817,1,318400.01
2563640,1,1798
2563640,2,13344.11
2563640,1,11990.59
2563640,2,9954.87
2563640,1,4534.88
2563640,2,9954.87
2563640,1,8491.49
2563640,2,9954.87
2563690,1,149186.32
2563690,2,404.03
2563743,1,2684.38
2563743,1,274502.52
2563743,2,8234.19
2563743,3,57526.2
2563743,4,18778.94
2563743,5,157488.2
2563743,6,2103.8
2563743,7,28584.5
2563608,1,17907.12
2563687,1,17790.25
2563701,1,97792.01
2563739,1,129889.03
2563739,2,272
2563738,1,11406.25
2563738,2,1482
2563738,3,32900
2563738,4,5544
2563738,5,42
105504431,1,215870
105504431,1,215870
105504431,1,215870
105504431,1,215870
105504431,1,215870
105504431,1,215870
105504431,1,215870
105504431,1,215870
105504431,1,215870
105504431,1,215870
2563854,1,80017.81
2563854,2,2189.27
2563838,1,224.99
2563838,2,3524.92
2563838,3,164.72
2563838,4,2580.58
2563838,5,1843.52
2563838,6,3677.04
2563838,7,75.82
2563838,8,1187.88
2563838,9,215.4
2563838,10,204.61
2563838,11,3205.66
2563838,12,22.83
2563838,13,357.72
2563838,14,17.18
2563838,15,269.22
2563838,16,3274.2
2563838,17,40.65
2563838,18,467.51
2563838,19,85.59
2563838,20,1179.87
2563838,21,18484.66
2563838,22,226.84
2563838,23,3553.77
2563838,24,1750.83
2563838,25,27429.62
2563838,26,4173.76
2563838,27,931.98
2563838,28,6968.28
2563838,29,85.59
2563838,30,10.43
2563838,31,10.43
2563838,32,45.34
2563838,33,710.26
2563838,34,422.82
2563838,35,6624.23
2563838,36,984.84
2563838,37,15429.16
2563838,38,821.51
2563838,39,12870.28
2563838,40,1088.64
2563838,41,26127.36
2563838,42,181.53
2563838,43,2843.94
2563838,44,733.4
2563838,45,956.73
2563838,46,1373.6
2563838,47,244.77
2563838,48,211.78
2563838,49,3317.86
2563838,50,24.26
2563838,51,380.09
2563838,52,114.75
2563838,53,47.91
2563838,54,750.63
2563838,55,15959.28
2563838,56,197.01
2563838,57,3086.51
2563838,58,7.63
2563838,59,87.71
2563838,60,7.63
2563838,61,87.71
2563838,62,1328.3
2563838,63,60.95
2563838,64,954.83
2563838,65,226.38
2563838,66,45.37
2563838,67,116.62
2563838,68,271.47
2563838,69,97.8
2563838,70,105.3
2563838,71,1649.53
2563838,72,16.82
2563838,73,263.47
2563838,74,333.36
2563838,75,963.95
2563838,76,30.01
2563838,77,471.38
2563838,78,94.03
2563838,79,1473.07
2563838,80,87.18
2563838,81,118.32
2563838,82,2839.68
2563838,83,120.72
2563838,84,2897.28
2563838,85,132.96
2563838,86,3191.04
2563838,87,970.9
2563838,88,9.91
2563838,89,113.95
2563838,90,9.91
2563838,91,113.95
2563838,92,109.88
2563838,93,1721.58
2563838,94,116.28
2563838,95,1821.66
2563838,96,1340.94
2563838,97,1340.94
2563838,98,119.95
2563838,99,119.95
4538352,1,7432.06
4538352,2,13431.38
4538239,1,31083.27
4538369,1,3817.57
4538369,2,52.9
4538369,1,1345.76
4538369,2,50.8
4538369,3,25.4
4538369,4,63.48
4538369,1,5107.16
4538369,1,2064.12
4538369,2,8631.96
4538369,1,468
4538369,1,971
4538369,2,1897.5
4538369,1,1960.56
4538369,1,23.8
4538369,2,23.8
4538369,3,23.8
4538369,4,23.82
4538369,5,31.75
4538369,6,31.75
4538369,7,31.75
4538369,1,1083.9
4538369,1,469.87
2563592,1,22180
2615290,1,955.23
2615290,2,477.62
2615290,3,477.62
2615290,4,955.23
2615290,5,477.62
2615290,6,955.23
2615290,7,477.62
2615290,8,955.23
2615290,9,477.62
4538378,1,971.5
4538378,2,748.2
4538378,3,1464.38
4538378,4,1247
4538378,5,406.58
4538378,6,249.4
4538378,7,5829
4538378,1,969.76
4538378,2,826.5
4538378,3,389.76
4538378,4,138.04
4538378,5,542.88
4538378,6,160.08
4538378,7,354.38
4538378,8,296.38
4538378,9,1054.21
4538378,10,1393.74
4538378,11,588.7
4538378,12,56.84
4538378,13,686.14
4538378,14,755.16
4538378,15,306.82
4538378,16,876.96
4538378,17,1863.54
4538378,18,1025.44
4538378,19,3166.8
4538378,20,1577.6
4538378,21,121.22
4538378,22,957
4538378,23,70.76
4538378,24,81.78
4538378,25,354.38
4538378,26,249.4
2563461,1,540
2563461,2,738
2563461,3,28927.56
2563461,4,646.8
2615191,1,3188.4
2563621,1,57270
2615213,1,23584.13
2615213,2,1870.29
2563480-1,1,56482.26
2563480-1,2,9142.11
2563480-2,1,60952.25
2563480-2,2,858.55
2563740,1,63909.45
105504437,1,105270
105504438,1,113130
2563873,1,8683.78
2563750,1,43105.43
2563530,1,42942
4538351,1,3659.85
4538364,1,9540
4538370,1,20484.14
4538370,2,356.61
4538370,3,425.1
4538370,4,358.97
4538370,5,566.8
4538370,6,906.88
4538370,7,779.35
4538370,8,82.66
4538370,9,147.61
4538370,10,184.21
4538370,11,446.35
4538370,12,400.31
4538370,13,147.61
4538362,1,10737.9
4538380,1,56029.37
4538380,2,110.88
4538380,3,472.97
4538379,1,2686.49
4538381,1,688.51
4538381,2,114.75
4538381,3,344.25
4538381,4,344.25
4538381,5,325.89
4538381,6,298.35
4538381,7,275.4
4538381,8,367.2
4538383,1,4426.88
4538386,1,69674.82
4538386,2,199.96
4538386,3,891.75
4538386,1,46395.8
4538386,2,48.52
4538386,3,211.49
4538386,1,14857.19
4538386,2,169.43
4538386,3,3.44
4538387,1,190.54
4538387,2,3183.8
4538387,3,2129.12
4538387,4,859.64
4538387,5,10005.82
2563116,2,50704.65
2563116,3,15912.37
2563116,4,4240
2563116,1,7409.58
2563494,1,7106
2615214,1,11640
2615214,2,18710
2615214,3,37771.5
2563529,1,26898.4
2615216,1,34460
2615216,2,62135.95
2615216,3,52276
2563582,1,120360
2563746,1,8523.56
2563746,2,4659.79
2563746,3,3719.11
2563788,1,12188.01
2563788,2,17951.46
2563788,3,4342.93
2563788,4,1170.91
2563788,5,75.65
2563788,6,2518.54
2563788,7,677.21
2563788,8,1945.16
2563788,9,703.48
2563788,10,122.05
2563788,11,1161.17
2563788,12,4267.5
2563788,13,4435.32
2563788,14,177.99
2563788,15,1156.08
2563788,16,281.39
2563788,17,203.42
2615215-7,1,33712.58
2615299,1,16082.42
2563856,1,87972.86
2563856,1,20804.64
2563856,1,20727.01
2563856,1,52233.89
2563826,1,7439.49
2563826,1,12900.64
2563826,1,19510.53
2563826,1,9441.63
2563826,1,17664.41
2563826,1,14162.44
2563826,1,6622.1
2563826,1,4770.86
2563826,2,74.18
2563826,1,8665.43
2563826,1,9284.39
2563875,1,1013.49
2563875,2,38.5
2563875,3,490.67
2563875,4,19.25
2563875,1,5653.1
2563875,1,18449.1
2563875,2,729
2563875,3,255.53
2563875,4,6.32
2563875,5,217.83
2563875,6,3.16
2563875,7,350.39
2563875,8,6.32
2563875,9,2378.63
2563875,10,80
2563875,11,6898.01
2563875,12,232
2563875,13,5299.04
2563875,14,113.25
2563875,15,5596.71
2563875,16,181.2
2563875,17,25339.62
2563875,18,294
2563875,19,238.45
2563875,20,7.72
2563875,21,307.18
2563875,22,334.59
2563875,23,9.72
2563875,24,165.5
2563875,25,2.43
2563875,26,430.53
2563875,27,9.48
2563875,28,724.47
2563875,29,23.16
2563875,30,246.38
2563875,31,7.72
2563875,32,509.04
2563875,33,15.44
2563875,34,1883.91
2563875,35,24.3
2563875,36,1463.55
2563875,37,24.3
2563875,38,52638.35
2563875,39,526.4
2563875,40,1761.38
2563875,41,1529.76
2563875,42,4960.24
2563875,43,151
2563875,44,2932.19
2563875,45,121.5
2563875,46,1643.18
2563875,47,63.18
2563875,48,120.74
2563875,49,3.86
2563875,50,1420.95
2563875,51,57.9
2563875,52,386.75
2563875,53,7.29
2563875,54,156.57
2563875,55,4.86
2563875,56,482.96
2563875,57,9.65
2563875,58,208.77
2563875,59,1.93
2563875,60,0.3
2563875,61,1413.17
2563875,62,97.2
2563875,63,125.72
2563875,64,234.56
2563875,65,3.86
2563875,66,235.71
2563875,67,1.93
2563875,68,234.56
2563875,69,3.86
2563875,70,758.39
2563875,71,29.16
2563875,72,2336.18
2563875,73,86.85
2563875,74,1294.54
2563875,75,5028.47
2563875,76,2841.87
2563875,77,115.8
2563875,78,32.49
2563875,79,0.54
2563875,80,33.88
2563875,81,0.54
2563875,82,36.78
2563875,83,0.54
2563875,84,329.95
2563875,85,1869.62
2563875,86,69.39
2563875,87,858.38
2563875,88,20.56
2563875,89,16.07
2563875,90,28.67
2563875,91,0.54
2563875,92,29.6
2563875,93,0.54
2563875,94,728.85
2563875,95,308.69
2563875,96,135.83
2563875,97,17.25
2563875,98,418.41
2563875,99,25.9
2563875,100,0.54
2563875,101,29.64
2563875,102,0.54
2563875,103,52.99
2563875,104,0.54
2563875,105,182.46
2563875,106,10.48
2563875,107,620.69
2563875,108,26.16
2563875,109,0.54
2563875,110,25.14
2563875,111,0.54
2563875,112,858.38
2563875,113,20.56
2563875,114,308.69
2563875,115,329.95
2563875,116,620.69
2563875,117,17.25
2563875,118,16.07
2563875,119,182.46
2563875,120,10.48
2563875,121,589.09
2563875,122,719.21
2563875,123,28.44
2563875,124,0.54
2563875,125,38.76
2563875,126,0.54
2563875,127,30.35
2563875,128,0.54
2563875,129,2402.79
2563875,130,99.63
2563875,131,2759.63
2563875,132,12448.24
2563875,133,386
2563875,134,5134.71
2563875,1,1618.74
2563875,2,95.67
2563875,3,3.88
2563875,1,104.15
2563875,2,2.16
2563875,3,0.44
2563875,4,4351.39
2563875,1,4879.74
2563875,2,113.76
2563875,1,4578.45
2563875,2,193
2563875,3,2159.86
2563875,4,1811.54
2563875,5,55.97
2563875,1,893.19
2563875,2,22.65
2563875,3,1084.44
2563875,4,30.2
2563875,5,2390.85
2563875,6,113.25
2563875,7,8471.52
2563875,8,320
2563875,9,4786.44
2563875,10,240
2563875,1,4961.64
2563875,2,120
4538341,1,1093.54
2563924,1,327.56
2563924,2,46.08
2563924,1,2591.64
2563924,2,5535.21
2563924,3,115.44
2563924,1,10906.05
2563924,2,256.68
2563924,3,14391.82
2563924,4,30617.63
2563924,5,407.4
2563924,1,79.72
2563924,2,327.79
2563924,3,385.46
2563924,4,16.94
2563924,5,579.52
2563924,6,14.52
2563924,7,11149.64
2563924,8,84.45
2563924,9,17033.69
2563924,10,385.92
2563924,1,1467.07
2563924,2,16.08
2563925,1,2023.18
2563925,2,63.26
2563925,3,1912.4
2563925,4,63.26
2563925,5,2664.29
2563925,6,118.62
2563925,7,4849.51
2563925,8,150.25
2563925,9,16963.07
2563925,10,585.19
2563925,11,3700.64
2563925,12,134.11
2563925,13,4439.07
2563925,14,167.64
2563925,15,19415.19
2563925,16,790.8
2563925,17,566.52
2563925,18,12.19
2563925,1,28059.27
2563925,2,470.28
2563925,3,18956.6
2563925,4,18956.6
2563925,1,4298.2
2563925,1,1734.17
2563925,2,943.77
2563925,1,9273.44
2563925,2,202.77
2563926,1,1303.68
2563926,2,15.8
2563926,3,2824.82
2563926,4,94.8
2563926,1,3001.46
2563926,2,2967.27
2563926,3,717.36
2563926,4,3001.46
2563926,5,27664.11
2563926,6,1446.56
2563926,7,2967.27
2563926,8,23041.58
2563926,9,562.82
2563926,10,1856.68
2563926,11,36.33
2563926,12,1497.34
2563926,13,36.33
2563926,14,3382.34
2563926,15,717.36
2563926,1,297.6
2563926,2,1243.26
2563926,1,7400.78
2563926,2,199
2563926,3,96.45
2563926,4,1.62
2563926,5,140.16
2563926,6,466.15
2563926,7,30.1
2563926,8,3265.83
2563926,9,58.56
2563926,10,5443.02
2563926,11,97.6
2563926,12,17.18
2563926,13,328.39
2563926,14,715.8
2563926,15,307.23
2563926,16,38.57
2563926,17,0.54
2563926,18,28.3
2563926,19,0.54
2563926,20,15.98
2563926,21,617.74
2563926,22,854.28
2563926,23,20.48
2563926,24,586.29
2563926,25,30.21
2563926,26,0.54
2563926,27,181.62
2563926,28,10.4
2563926,29,25.03
2563926,30,0.54
2563926,31,1616.92
2563926,32,43.56
2563926,33,1784.62
2563926,34,32.81
2563926,35,3267.77
2563926,36,115.8
2563926,37,5551.63
2563926,38,154.4
2563926,39,854.2
2563926,40,20.56
2563926,41,307.23
2563926,42,181.54
2563926,43,10.48
2563926,44,1860.41
2563926,45,69.39
2563926,46,271.92
2563926,47,10.28
2563926,48,96.45
2563926,49,1.62
2563926,50,725.38
2563926,51,337.99
2563926,52,539.81
2563926,53,999.85
2563926,54,38.55
2563926,55,772.17
2563926,56,410.5
2563926,57,15.98
2563926,58,17.18
2563926,59,26.03
2563926,60,0.54
2563926,61,25.77
2563926,62,0.54
2563926,63,29.45
2563926,64,0.54
2563926,65,29.49
2563926,66,0.54
2563926,67,52.73
2563926,68,0.54
2563926,69,33.72
2563926,70,0.54
2563926,71,28.53
2563926,72,0.54
2563926,73,32.33
2563926,74,0.54
2563926,75,36.6
2563926,76,0.54
2563926,77,508.96
2563926,78,15.98
2563926,79,829.01
2563926,80,307.23
2563926,81,118.3
2563926,82,854.2
2563926,83,20.56
2563926,84,17.18
2563926,85,938.03
2563926,86,11.88
2563926,87,362.57
2563926,88,7.71
2563926,89,43.4
2563926,90,0.54
2563926,91,2184.34
2563926,92,69.39
2563926,93,617.74
2563926,94,328.39
2563926,95,172.9
2563926,96,2.7
2563926,97,255.51
2563926,98,5.79
2563926,99,4330.71
2563926,100,4330.71
2563926,1,7516.32
2563926,2,156.76
2563926,1,6491.99
2563926,2,220.8
2563926,3,3812.13
2563926,4,207.36
2563926,5,1475.35
2563926,1,3151.8
2563926,2,39.04
2563886,1,402348.72
4538335,1,46656
4538335,2,5184
4538335,3,1728
4538363,1,66418.19
4538371,1,128362.76
4538374,1,871.48
4538374,2,1738.02
4538390,1,52500.94
4538390,2,48.2
4538390,3,206.38
2563638,1,27359.54
2563511,1,2016.7
2563511,2,4492.19
2563511,3,320.11
2563511,4,1560.54
2563511,5,364.13
2563511,6,677.03
2563511,7,3746.01
2563511,8,6770.34
2563511,9,243.88
2563511,10,2340.81
2563511,11,358.52
2563511,12,215.07
2563511,13,489.77
2563511,14,82.03
2563511,15,1212
2563511,16,392.54
2563511,17,528.78
2563511,18,1249.93
2563511,19,1921.06
2563511,20,1170.4
2563511,21,1963.68
2563511,22,1641.77
2563511,23,222.08
2563511,24,215.07
2563511,25,1926.17
2563511,26,2183.15
2563511,27,2292.19
2563511,28,311.71
2563511,29,132.05
2563511,30,132.05
2563511,31,106.94
2563511,32,244.48
2563511,33,428.95
2563511,34,544.19
2563511,35,669.83
2563511,36,766.26
2563511,37,914.72
2563511,38,187.06
2563511,39,7210.49
2563511,40,1410.49
2563511,41,531.18
2563511,42,1410.49
2563511,43,1292.05
2563511,44,308.11
2563511,45,233.36
2563511,46,489.77
2563532,1,129883
2563728,1,5960
2563714,1,354120
2615212,1,
2563771,1,26550
2563756,1,32597.34
4538330,1,19996.9
4538330,3,1557.31
4538330,5,252.21
4538330,8,319.95
4538330,10,52.24
4538330,12,2713.98
4538330,14,150.06
2563912,1,170450.4
4538310,1,69999.46
4538304,1,6619.1
4538312,1,16029.24
4538324,1,29589
4538324,2,29589
4538324,3,29589
4538388,1,22803.26
4538388,1,3126.4
2563505,1,2126.96
2563505,2,49557.04
2563505,3,8352
2615176,1,138162.9
2615176,2,29505.9
2615176,1,13742.76
2563735,1,300
2563735,2,29174.71
2563735,3,960
2563735,4,2425.92
2563735,5,24660
2563679,1,40887.5
2563679,2,36145.88
2563679,3,392.21
2563810,3,17076.64
2563810,2,2494.41
2563810,1,21822.9
2563724,1,24985.83
2563724,1,4524.11
2563830,1,17907.12
2615320,1,11495
2563820,1,156470
2563882,1,8595.02
2563882,1,389457.6
2563882,1,304263.75
2563882,1,12170.55
2563882,1,7302.33
2563882,1,4868.22
2563882,1,8519.39
2563882,1,3286.05
2563962,1,12726.92
2563962,1,11776.46
2563962,1,7029.94
2563962,2,3134.21
2563962,3,4358.22
2563962,4,7677.88
2563962,2,8083.33
2563962,1,202.84
2563962,1,12726.92
2563962,1,5065.31
2563962,1,2531.47
2563962,1,1505.53
2563962,2,208.64
2563962,1,11106.36
2563962,1,754.57
2563962,2,2412.32
2563962,3,434.96
2563962,1,1257.15
2563962,2,1032.76
2563962,3,220.23
2563962,4,3634.94
2563962,1,6641.64
2563962,1,58388.6
2563962,1,21443.4
2563962,1,52274.25
2563962,1,1437.39
2563962,1,7239.51
4538384,1,1089.23
4538400,1,38079.8
4538403,1,197811.9
4538402,1,28876.8
4538372,1,2046.11
4538416,1,34945.62
4538416,2,89.27
4538416,3,185.56
4538415,1,6754.6
4538415,2,2318.57
4538412,1,4482.3
2615283,1,90.13
2615283,1,1056.2
2615283,1,3809.27
2563591,1,26821.61
2563732,1,17125.92
2615254,1,7286.5
2615254,2,1056
2615254,3,600
2615254,4,
2615254,5,
2563778,1,13280
2563806,1,28500
2615340,1,41250
2564102,1,372
2564102,2,339.36
2564102,3,2067.51
2564102,4,2281.22
2564102,5,705.6
2564102,6,215.8
2564102,7,1802.56
2564102,8,416
2564102,9,1065.8
2564102,10,350.6
4538414,1,1775.52
4538414,2,45251.53
4538414,3,13099.2
4538414,4,1723.75
4538414,5,10115.3
4538414,6,438.86
4538410,1,95377.05
2563713,1,6390.89
2563713,1,33691.71
2563605,1,72009
2563686,1,315562.2
2563763,1,447054.03
2563528,1,20309.09
2563702,1,33200
2563727,1,66478.42
2563688,1,36285.48
2563877,1,46067.74
2563877,2,4519.94
2563859,1,171635.58
2563725,1,47718.48
2563725,2,16197.53
2615292,1,45979.09
2615292,2,2845.91
4538361,1,96.92
4538361,2,263.95
4538361,3,703.86
4538361,4,16.42
4538361,5,22.99
4538361,6,403.9
4538361,7,487.19
4538361,8,456.57
4538361,9,140.54
4538361,10,35.19
4538361,1,311.34
4538361,2,973.08
2615318,1,20110.58
2615318,2,402.21
2615318,3,402.21
4538392,1,12.54
4538392,2,844.33
4538392,3,874.91
4538392,4,890.47
4538392,5,4909.29
4538392,6,291.39
4538392,1,772.6
4538397,1,28503.4
4538395,1,26053.02
4538395,2,2035.35
4538395,3,5065.76
4538395,4,5065.76
4538395,5,6414.72
4538382,1,99672.83
4538411,1,14362
4538406,1,2890.52
4538408,1,715.27
105504409,1,103180.75
105504409,1,113353.5
2563649,1,57604.4
2563649,2,8284.88
2563649,3,11731.48
2563681,1,159573.65
2563783,1,19908
2563758,1,
2563758,2,2642.23
2563758,3,8200
4538318,1,28219.03
4538318,2,2726.11
4538318,3,28.22
4538318,4,418.13
4538318,5,3992.09
4538318,6,14.75
4538318,7,3.21
4538318,8,220.92
4538318,9,12.11
4538318,10,12.83
4538318,11,12.83
4538318,12,315.52
4538318,13,23.4
4538318,14,1981.62
4538318,15,51.05
4538318,16,256.52
4538318,17,2708.85
4538318,18,400.17
4538318,19,1185.12
4538318,20,1215.26
4538318,21,967.72
4538318,23,1126.12
4538318,22,7059.43
4538318,24,1424.97
4538318,25,2.57
4538318,26,797.26
2564001,1,112568.56
4538429,1,25693.35
4538429,2,42.64
4538429,3,190.87
4538430,1,804.05
4538430,2,0.04
4538430,3,3.8
4538430,4,13459.97
4538430,5,32.01
4538430,6,1105.74
4538430,7,2.73
4538430,8,3168.11
4538430,9,5.72
4538430,10,6178.61
4538430,11,351.37
4538430,12,1.21
4538430,13,8.14
4538430,14,2950.28
4538430,15,2107.34
2563721,1,45450
2563721,2,20300
2563721,3,23600
2563721,1,53680
2563722,1,30000
2563722,2,31600
2563722,1,70760
2563722,2,13050
4538359,1,15600
4538359,1,20800
4538359,1,600
4538359,1,2400
4538391,1,6066.38
4538391,2,36398.28
4538396,1,15225
4538417,1,34313.19
4538417,3,464.54
4538417,2,66.96
4538413,1,2028.78
4538413,1,110.77
4538413,2,9.72
4538413,3,10.64
4538413,1,142.16
4538413,2,142.16
4538413,3,197.8
4538413,4,197.8
4538413,1,2622
4538413,2,545.5
4538413,3,139.2
4538413,4,192
4538413,1,565.8
4538413,1,1385.52
4538413,1,1018.48
2615319,1,368
2615319,2,368
2615319,3,736
2615319,4,368
2615319,5,368
2615319,6,368
2615319,7,368
2615319,8,368
2615319,9,368
4538404,1,35372.16
2563446,1,2027.87
2563446,2,48668.93
2563446,3,4137.6
105504399,1,61675
2563467,1,143066.78
2563590,1,5308.08
2563590,2,127393.92
2563590,3,6336
2563894,1,221710.8
2563954,1,1.35
2563954,2,
2563954,3,14.85
2563954,4,141.12
2563954,5,112.05
2563954,6,145.8
2563954,7,1460.7
2563954,8,16.2
2563954,9,184.95
2563954,10,33.75
2563954,11,90
2563954,12,276.75
2563954,13,182.25
2563954,14,229.5
2563954,15,209.25
2563954,16,54
2563954,17,
2563954,18,
2563954,19,240.57
2563954,20,837.92
2563954,21,287.2
2563954,22,143.6
2563954,23,1012
2563954,24,458.5
2563954,25,2025
2563954,26,4018.5
2563954,27,6060.5
2563954,28,60175
2563954,29,4455
2563954,30,0
2563954,31,0
2563954,32,0
2563954,33,1912.09
2563954,34,253.26
2563954,35,
2563954,36,2250
2563954,37,7388.37
2563954,38,29.97
2563954,39,117.25
2563954,40,162
2563954,41,491.04
2563954,42,5562.9
2563954,43,122
2563954,44,105.3
2563954,45,15
2563954,46,136
2563954,47,136
2563954,48,442
2563954,49,170
2563954,50,119
2563954,51,696.6
2563954,52,
2563954,53,1037
2563954,54,197.34
2563954,55,669.3
2563954,56,476.1
2563954,57,317.4
2563954,58,87.5
2563954,59,7.2
2563954,60,5
105504468,1,211860
4538422,1,808.13
4538422,2,1561.36
4538432,1,15486.57
4538432,2,308.53
4538434,1,3197.3
4538434,2,469.46
4538433,1,486.23
4538433,2,5299.06
4538433,3,1371.77
4538433,4,4370.11
4538433,5,469.47
4538433,6,466.78
4538433,7,4066.43
4538433,8,7487.12
4538433,9,2464.99
2563664,1,108154.42
2563780,1,3493.04
2563780,2,9116.96
2563780,3,12975.26
2563780,4,23296.03
2563780,5,13474.93
2563780,6,9577.35
2563780,7,10382.69
2615220,1,27721.43
2615220,2,8345.52
105504452,1,73900
105504453,1,107350
2563934,1,8683.78
4538419,1,7920
4538419,2,2930
4538440,1,14093.63
2615179,1,83269.29
2615179,2,24017.08
2615179,3,8260
2615179,4,840
2563692,1,52845.2
2563692,2,5185.36
2563675,1,30400
2563675,2,300
2563675,3,83.7
2563654,1,40691.57
2563769,1,121915.71
2563769,2,199.01
2615231,1,34143.6
2615231,2,8340
2615231,3,4816.2
2615231,4,850.2
2563848,1,16204.77
4538350,1,11200.8
2615258,1,2583
2563828,1,32597.34
105504441,1,232000
4538327,1,650.18
4538327,2,433.84
4538327,3,464
4538327,4,572.89
4538327,5,847.38
4538327,1,379.4
4538327,2,1565.76
4538327,3,523.32
4538327,1,1486.66
2563845,1,636.28
2563845,2,2090.64
2563845,1,148668.91
2563844,1,153110.34
2563844,1,813.93
4538315,1,17357
2563909,1,55042.7
2563909,2,651.22
2563909,1,42536.34
2563909,2,4507.25
2563853,1,55323.3
2563904,1,72570.96
4538357,1,44224.94
2615314,1,8767.71
4538442,1,11330.2
4538442,2,5580.55
4538441,1,3302.5
4538441,2,5082.22
4538441,3,6323.15
4538455,1,2463.36
2563928,1,20961.24
2563929,1,20961.24
105504414,1,56174
2563691,1,147580.23
2563975,1,6526.31
2563975,2,2991.55
2563975,1,1756.14
2563975,2,106.05
2563975,1,4023.74
2563975,2,119.69
2563975,3,1442.71
2563975,4,42.39
2563975,5,494.06
2563975,6,21.79
2563975,7,774.35
2563975,8,27.23
2563975,1,177.88
2563975,2,7
2563975,3,105.32
2563975,4,3.5
2563975,5,143.93
2563975,6,10.5
2563975,7,738.44
2563975,8,11.64
2563976,1,2069.36
2563976,2,54.32
2563976,1,197.08
2563976,2,46.08
2563976,3,189.56
2563976,4,36.84
2563976,5,0.48
2563976,6,421.49
2563976,7,34.56
2563976,8,2.53
2563976,1,4832.12
2563976,2,97.69
2563976,3,2129.02
2563976,4,8854.47
2563976,1,1228.95
2563976,2,14.73
2563976,3,10326.96
2563976,4,1871.48
2563976,5,715.25
2563976,6,4261.89
2563976,7,115.8
2563976,8,782.34
2563976,9,548.79
2563976,10,4.86
2563976,11,362.58
2563976,12,11.58
2563976,13,5541.6
2563976,14,78.56
2563976,15,358.49
2563976,16,1223.98
2563976,17,3426.03
2563976,18,167.67
2563976,19,8336.28
2563976,20,245.43
2563976,21,108.44
2563976,22,11.76
2563976,23,5668.78
2563976,24,240.57
2563976,25,485.73
2563976,26,12.15
2563976,27,303.48
2563976,28,12.15
2563976,29,23.59
2563976,30,77.31
2563976,31,94.89
2563976,32,8.25
2563976,33,1015.66
2563976,34,771.83
2563976,35,1931.25
2563976,36,103.49
2563976,37,498.07
2563976,38,9.72
2563976,39,577.58
2563976,40,12.15
2563976,41,398.59
2563976,42,4.91
2563976,43,19.69
2563976,44,2.62
2563976,45,138.46
2563976,46,7.76
2563976,47,20.68
2563976,48,231.32
2563976,49,4.86
2563976,50,214.76
2563976,51,5.16
2563976,52,74
2563976,53,8.25
2563976,54,650.29
2563976,55,11.58
2563976,56,8135.58
2563976,57,164.75
2563976,58,1972.81
2563976,59,37.75
2563976,60,1064.83
2563976,61,9.82
2563976,62,1558.08
2563976,63,19.64
2563976,64,868.55
2563976,65,22.65
2563976,66,5238.2
2563976,67,131.8
2563976,68,311.81
2563976,69,212.01
2563976,70,13.18
2563976,71,342.99
2563976,72,1186.82
2563976,73,38.6
2563976,74,2138.9
2563976,75,79.25
2563976,76,4021.45
2563976,77,622.23
2563976,78,19.3
2563976,79,1762.08
2563976,80,19.64
2563976,81,8817.78
2563976,82,198.33
2563976,83,4.91
2563976,84,409.05
2563976,85,9.82
2563976,86,4145.82
2563976,87,95.1
2563976,88,3986.14
2563976,89,93.29
2563976,1,2291.5
2563976,2,96.5
2563976,1,1123.47
2563976,2,38.6
2563976,3,746.96
2563976,4,719.88
2563976,5,2858.15
2563976,6,106.15
2563976,7,421.42
2563976,8,3156.76
2563976,1,198.33
2563976,2,4.91
2563976,3,626.86
2563976,4,11.64
2563976,5,204.52
2563976,6,4.91
2563976,7,653.85
2563976,8,9.82
2563976,9,3379.15
2563976,10,128.35
2563976,11,4091.36
2563976,12,337.35
2563976,13,4.91
2563976,14,1888.17
2563976,15,44.19
2563976,1,7778.44
2563976,2,324.8
2563976,1,13231.76
2563976,2,229.5
2563976,3,319.18
2563976,4,16.24
2563976,5,266.06
2563976,6,6.34
2563976,7,2054.3
2563976,8,75.5
2563976,1,738.22
2563976,2,15.1
4538356,1,96855.33
4538356,3,157067.68
4538356,2,1652.51
4538356,4,2953.22
4538459,1,20118.86
4538407,1,46656
4538407,2,5184
4538407,3,1728
4538456,1,580.5
4538468,1,4700
4538470,1,61.72
4538470,2,111.09
4538470,3,131.67
4538470,4,323.29
4538470,5,592.5
4538470,6,139.31
4538470,7,703.01
4538470,8,1394.85
4538470,9,158.12
2563495,1,159573.65
2563672,1,110045.58
2615285-4,1,3016.2
2615285-4,2,1968.6
2615285-4,3,307.2
2615285-4,4,741.97
2615285-3,1,336690
2615265-1,1,572061.4
2615265-1,2,1504.89
2615265-1,3,28970.03
2615265-1,4,21866.9
2615265-1,5,1253.65
2615265-1,6,644.75
2615265-1,7,4598.81
2615265-1,1,83.24
2615265-1,2,11.97
2615285-1,1,9786.46
2615285-5,1,26000
2563821,1,40293.85
2563821,1,43488.7
2563821,1,43532.53
2563821,1,25309.61
2563821,1,16027.01
2563821,1,28541.47
2563821,1,20247.69
2563840,1,1291148.24
2615304,1,215000
2563822,1,33519.67
2563822,1,40495.37
2563822,1,15185.77
2563822,1,25007.94
2563906,1,125015.02
2563760,1,60721.9
2615306,1,9975.18
4538405,1,65.49
4538405,2,622.42
4538405,3,226.75
4538405,4,65.49
4538405,5,622.42
4538405,6,226.75
4538405,1,414.57
4538405,2,439.91
4538405,3,31.57
4538405,4,547.24
4538405,5,1525.97
4538405,6,31.57
4538405,7,547.24
4538405,8,1525.97
4538405,9,6.31
4538405,10,109.45
4538405,11,305.19
4538405,12,9.47
4538405,13,164.18
4538405,14,457.79
4538405,15,93.85
4538405,16,891.56
4538405,17,585.67
4538405,18,585.67
4538405,19,1910.83
4538405,20,2011.4
4538425,1,1320
4538435,1,242.3
4538435,2,618.87
4538435,3,207.46
4538435,4,0.53
4538435,5,93.18
4538435,1,8862.85
4538435,2,7384.23
4538435,3,738.42
4538435,1,640.48
4538435,2,80.87
4538435,3,71.46
4538435,4,34.28
4538435,5,49.84
4538435,1,1293.11
4538435,2,99.69
4538435,1,14604.07
4538435,1,63.95
4538435,2,228.56
4538435,3,228.56
4538435,4,87.03
4538424,1,88767
4538423,1,88767
4538439,1,2454
4538450,1,967.35
4538450,2,182.02
4538458,1,121.5
4538458,2,581.4
4538458,3,652.8
4538458,4,497.5
4538458,5,435
4538458,6,266.76
2563502,1,50099
2563818,1,36391.57
2563818,1,49573.55
2563818,1,16549.17
2563818,1,88262.22
2563860,1,33200
2563789,2,496.2
2563789,1,97296.89
2563789,3,48732.75
2563789,4,163.8
2563789,5,44705.41
2563789,6,18161.57
2563789,7,9080.79
2563789,8,8947.49
2563789,9,273
2563789,10,440.5
2563789,11,25823.93
2563815,1,86420.57
2563941,1,26744.91
4538426,1,51330
4538454,1,80151.37
4538454,2,249.8
4538454,1,14067.13
4538454,1,6116.74
4538469,1,218400
4538463,1,36712.19
4538463,2,86.25
4538446,1,3330.09
2563499,1,21228.34
2563652,1,90270
2563808,1,93538.55
105504449,1,30250
2615322,1,46560.94
105504434,1,57990
2615237,1,26280
2563814,1,30271.36
2563889,1,28500
105504455,1,589500
105504455,1,589500
105504455,1,589500
105504455,1,589500
2615280,1,20377.54
2615280,2,390.94
2615305,1,3981.89
2615305,1,1133.35
2615305,1,70.87
2615305,1,3831.94
105504462,1,117210
2563908,1,3060.21
2563908,2,70.32
2563908,3,2443.16
2563908,4,52.31
2563908,1,8475.84
2563908,2,145.41
2563908,3,7123.58
2563908,4,486.11
2563908,5,8968.26
2563908,1,52872.91
2563908,2,2534.11
2563908,1,1917
2563908,1,1404
2563908,1,70
2563908,1,8720.62
2563908,2,18219.38
2563908,1,2891.82
2563908,2,66.45
2563908,4,49.43
2563908,3,1837.1
2563908,1,1.31
2563908,2,13.21
2563908,3,20.41
2563908,4,155.92
2563983,1,1268.74
2563983,2,2311.32
2563983,3,217.05
2563983,4,3400.41
2563983,5,208.75
2563983,6,24.97
2563983,7,391.15
2563983,8,44.2
2563983,9,692.54
2563983,10,295.38
2563983,11,4627.61
2563983,12,526.72
2563983,13,1824.04
2563983,14,1824.04
2563983,15,795.9
2563983,16,321.93
2563983,17,344.77
2563983,18,5401.35
2563983,19,329.94
2563983,20,5169.13
2563983,21,1387.08
2563983,22,21730.92
2563983,23,2287.3
2563983,24,8510.4
2563983,25,45.75
2563983,26,716.77
2563983,27,170.46
2563983,28,143.44
2563983,29,2247.19
2563983,30,71.21
2563983,31,1115.61
2563983,32,2464.09
2563983,33,38604.13
2563983,34,31.9
2563983,35,499.82
2563983,36,4255.2
2563983,37,86.82
2563983,38,1360.16
2563983,39,99.74
2563983,40,1562.53
2563983,41,3282
2563983,42,3282
2563983,43,217.05
2563983,44,3400.41
2563983,45,111.82
2563983,46,111.72
2563983,47,694.31
2563983,48,694.31
2563983,49,2074.03
2563983,50,2800.35
2563983,51,2683.7
2563983,52,2683.7
2563983,53,16663.5
2563983,54,16663.5
4538471,1,8168.5
2615341,1,15294
4538448,1,27364.55
4538448,2,524.35
4538460,1,6435.8
2615342,1,432
2615342,2,264
2615342,3,516
4538474,2,1832
4538464,1,114.3
105504444,1,43155
2563676,1,3200
2615296,2,24031.56
2615296,3,5859.33
2615296,4,25076.74
2615296,5,9983.11
2615296,6,161.06
2615296,7,285.8
2615296,1,4642.3
2615247,1,1468.5
2563839,1,261204
2615298,1,2301.99
2615298,2,6967.35
2563797,1,67033.04
105504445,1,55515
2564036,1,8683.78
4538449,1,2522
2615350,1,25635.53
2615350,2,4061.86
2615350,3,3990.16
4538477,1,6667.57
4538472,1,1194.75
4538472,2,129.68
4538472,3,42.02
4538472,4,20.42
4538472,5,449.09
4538472,6,2797.75
4538472,7,201.72
4538472,8,216.14
4538472,9,680.83
4538472,10,2029.27
4538472,11,4682.93
4538472,12,523.53
4538465,1,215
4538489,1,21857.32
4538489,2,3615.95
4538489,3,345.48
4538489,4,326.54
4538489,5,685.68
4538483,1,10476.99
4538483,2,9104.19
4538483,3,2105.49
2615194,1,17917.2
2615194,2,46155.11
2563602-1,1,41103.46
2563602-1,2,12821.69
2563602-2,1,74704.16
2615267,1,34613.32
2563754,1,12126.6
2563870,1,13964.06
2563870,2,3533.6
2563870,3,3249.64
2563870,4,824.04
2563870,5,655.2
2563871,1,61708.92
2563871,2,1652.44
2563885,1,15914.49
2563885,1,2275.96
2563885,1,11380.43
2563963,1,110999.25
4538409,1,5656.13
4538409,2,1747.02
4538409,3,8021.56
4538409,4,581.55
4538409,5,71.36
4538409,6,214.07
4538409,7,1351
4538409,8,1208.29
4538409,9,1165.48
4538409,10,136.76
4538409,11,1855.25
4538409,12,1322.46
4538409,13,136.76
4538409,14,199.79
4538409,15,538.73
2615343,1,26250
2615343,2,26250
2615343,3,37125
4538487,1,13160.43
4538487,2,15.18
4538487,3,13.26
4538487,4,766.01
4538487,5,4.28
4538487,6,34095.1
4538487,7,25.46
4538487,8,97.87
4538487,9,1480.46
4538487,10,142.16
4538487,11,2783.2
4538487,12,3.62
4538487,13,518.17
4538487,14,0.36
4538487,15,1365.23
4538487,16,12958.32
4538487,17,67.74
4538487,18,1669.93
4538487,19,2.17
4538487,20,2498.73
4538487,21,0.01
4538487,22,505.09
4538487,23,4.68
4538487,24,4.63
4538487,25,66.97
4538487,26,0.41
4538487,27,12.4
4538487,28,0.99
4538487,29,0.01
4538487,30,142.16
4538487,31,1062.12
4538487,32,4173.12
4538487,33,10.25
4538487,34,6259.06
4538487,35,15.99
4538487,36,526.03
4538487,37,5.66
4538487,38,157.82
2563923,1,145162
2563923,2,304878
2563923,3,15144.32
2563923,1,145162
2563923,2,304878
2563923,3,15144.32
2615300-8,1,23907.06
261530010,1,14991.16
2615300-9,1,5549.72
261530015,1,5011.9
261530015,2,13900.97
261530015,3,5622.61
261530011,1,5354.13
105504429,1,88330
105504427,1,72165
2615276-1,1,5769.78
2615276-2,1,10131
2615276-2,2,2044.8
2563802,1,9360.36
2563865,1,48243.2
2563961,1,54714.34
2564011,1,59334.7
2564011,1,54315.36
2564011,1,7957.42
2564011,1,48634.97
2564011,1,1627.51
105504456,1,235508
105504456,1,153080.2
105504456,1,153080.2
2615300-1,1,1309.18
2615300-1,2,54.72
2615300-1,3,571.07
2615300-1,4,57.75
2615300-1,5,190.05
2615300-1,6,156.4
2615300-1,7,348.63
2615300-1,8,172.13
2615300-1,9,29.54
2615300-1,10,55.02
2615300-1,11,175.04
2615300-1,12,70.21
2615300-1,13,70.81
2615300-1,14,30.14
2615300-1,1,832.61
2615300-1,2,614.08
2615300-1,3,21.33
2615300-1,4,138.5
2615300-1,5,80.28
2615300-1,6,71.51
2615300-1,1,77.37
2615300-1,1,1266.47
2615300-1,1,56.28
2615300-1,2,69.51
2615300-1,3,601.53
2615300-1,4,95.82
2615300-1,5,216.15
2615300-1,6,184.78
2615300-1,7,126.55
2615300-1,1,33.95
2615300-1,1,208.86
2615300-1,2,145.24
2615300-1,3,172.85
2615300-1,4,412.33
2615300-1,5,128.28
2615300-1,6,263.27
2615300-1,7,142.85
2615300-1,8,215.51
2615300-1,9,190.36
2615300-1,10,91.49
2615300-1,11,74.95
2615300-1,12,208.02
2615300-1,13,325.88
2615300-1,14,85.7
2615300-1,15,82.81
2615300-1,16,177.3
2615300-1,17,465.99
2615300-1,18,451.58
2615300-1,19,74.44
2615300-1,20,55.34
2615300-1,21,61.22
2615300-1,22,1437.04
2615300-1,23,672.93
2615300-1,24,160.37
2615300-1,25,631.41
2615300-1,26,59.38
2615300-1,27,137.45
2615300-1,28,345.71
2615300-1,29,159.24
2615300-1,30,25.51
2615300-1,31,460.23
2615300-1,32,187.68
2615300-1,33,1973.72
2615300-1,34,146.69
2615300-1,35,254.97
2615300-1,36,82.23
2615300-1,37,621.8
2615300-1,38,389.05
2615300-1,39,37.7
2615300-1,40,252.8
2615300-1,41,2120.03
2615300-1,42,25.2
2615300-1,43,68.06
2615300-1,44,168.32
2615300-1,45,134.66
2615300-1,46,676.08
2615300-1,47,143.81
2615300-1,48,62.66
2615300-1,49,176.81
2615300-1,1,170.2
2615300-1,2,126.4
2615300-1,3,173.1
2615300-1,4,1702.89
2615300-1,5,163.31
2615300-1,1,584.7
2615300-1,2,9.3
2615300-1,3,24.48
2615300-1,4,857.6
2615300-1,1,343.2
2615300-1,2,207.18
2615300-1,3,91.15
2615300-1,4,54.41
2615300-1,5,1461.95
2615300-1,6,125.98
2615300-1,7,225.95
2615300-1,8,70.31
2615300-1,9,239.26
2615300-1,10,62.99
2615300-1,11,553.4
2615300-1,12,19.62
2615300-1,13,1288.01
2615300-1,14,126.26
2563966,1,94259.78
2563953,1,39138.98
2563953,1,52380.77
2563953,1,11074.66
2563956,1,122855.19
2563981,1,103378.28
4538431,1,7242
2564140,1,30987.05
2564140,2,4387.2
2564056,1,81550.86
4538476,1,189.9
4538476,2,411.8
4538377,1,10760
2563755,1,58645.82
2563624,1,15494.37
2563847,1,97792.01
2563921,1,21165
4538494,1,501.34
4538494,2,11.01
2564006,1,14362.53
2564006,2,2136.69
2564006,3,7947.19
2564006,4,9963.57
2564007,1,157535.26
2564007,1,174.35
2564007,1,1000.9
2564008,1,145725.68
2564009,1,4120.21
2564009,2,712.31
2564009,3,5187.74
2564009,4,15580.24
2564009,5,13118.21
2564009,1,28228.3
2564010,1,20923.49
2564032,1,11.75
2564032,2,391.73
2564032,3,238.86
2564032,4,554.44
2564032,5,1800.64
2564032,6,118.57
2564032,7,1024.45
2564032,8,1763.13
2564032,9,592.2
2564032,10,3710.4
2564032,11,3157.15
2564032,12,17909.62
2564032,13,233.52
2564032,14,2639.59
2564032,15,211.68
2564032,16,261.1
2564032,17,179.13
2564032,18,3473.21
2564032,19,44726.48
2564032,20,44382.14
2564032,21,35860.75
2564032,22,1069.06
2564032,23,12961.2
2564032,24,158.97
2564032,25,1419.9
2564032,26,17398.2
2564032,27,5401.72
2564032,28,4470.84
2564032,29,632.73
2564032,30,3703.34
2564032,31,5748.57
2564032,32,1540.98
2564032,33,3136.96
2564032,34,6194.25
2564032,35,9292.41
2564032,36,16654.7
2564032,37,381.87
2564032,38,1968.5
2564032,39,2471.65
2564032,40,6435.9
2564032,41,151040.74
2564032,42,3902.16
4538485,1,56
2563736,1,27216.99
2615217-2,1,16569.78
2615217-1,1,48625
2615217-1,2,1156
105504450,1,62995
105504451,1,62995
105504435,1,32995
105504436,1,64600
2563813,1,110703.58
2563813,2,287.3
2615270,1,23889.6
2615270,2,57693.89
2563786,1,318299.06
2615281,1,9119.23
2563777,1,30713.64
2563883,1,30713.64
4538496,1,2559.66
4538496,2,1.67
4538496,3,6.3
4538496,4,26339.13
4538496,5,0.23
4538496,6,38.4
4538496,7,2641.02
4538496,8,8.03
4538496,9,4312.21
4538496,10,37.11
4538496,11,1480.11
4538496,12,4.11
4538496,13,1521.51
4538496,14,0.29
4538496,15,1110.35
4538496,16,3144.44
4538496,17,0.75
4538496,19,1798.12
4538496,20,5.49
4538496,21,899.02
4538496,22,2.78
4538496,18,1.73
4538496,23,7614.82
4538496,24,12.94
4538496,25,31.49
4538496,26,6.09
4538496,27,31.49
4538496,28,6.09
4538496,29,9205.91
4538496,30,1186.67
4538496,31,4.46
4538496,32,2107.34
4538496,33,554
4538496,34,6.12
4538496,35,3794.08
4538496,36,1.01
4538496,37,10427.44
4538496,38,30.97
4538496,40,9.37
4538496,41,10427.61
4538496,42,30.81
4538496,39,4174
4538496,43,10427.88
4538496,44,30.54
4538496,45,4173.61
4538496,46,9.76
2563952,1,217620
2564034,1,71383.53
2564057,1,25924.54
2615324,1,3485.1
4538375,1,607.22
2563939,1,20182.84
2564030,1,97545
2564030,2,255
2564030,3,1435.25
2564030,4,2.25
2563703,1,
2563704,1,23611
2563715,1,23707.55
2564060,1,754.62
2564060,2,19.65
2564060,1,98.96
2564060,1,646.58
2564060,1,23678.14
2564060,2,553.75
2564060,3,4.93
2564060,4,3821.7
2564060,5,17.39
2564060,6,485.88
2564060,7,9.7
2564060,8,23.72
2564060,9,201.34
2564060,10,5.3
2564060,11,345.18
2564060,12,4.93
2564060,13,1014.73
2564060,14,19.4
2564060,15,920.98
2564060,16,3419.71
2564060,17,1282.4
2564060,18,72.74
2564060,19,4812.59
2564060,20,575.1
2564060,21,2264.83
2564060,22,53.04
2564060,23,3865.48
2564060,24,66.3
2564060,25,224.85
2564060,26,6.63
2564060,27,18.54
2564060,28,381.58
2564060,29,13.26
2564060,30,6880.26
2564060,31,99.45
2564060,32,283.57
2564060,33,3747.78
2564060,34,99.45
2564060,35,534.53
2564060,36,787.43
2564060,37,19.08
2564060,38,118.36
2564060,39,208.18
2564060,40,3.18
2564060,41,210.56
2564060,42,3.18
2564060,43,5816.19
2564060,44,667.76
2564060,45,1615.47
2564060,46,90.1
2564060,47,4810.87
2564060,48,112.71
2564060,49,1397.61
2564060,50,39.04
2564060,51,121.71
2564060,52,715.59
2564060,53,14.64
2564060,54,169.42
2564060,55,1982.64
2564060,56,15.52
2564060,57,947.68
2564060,58,12.2
2564060,59,9.96
2564060,60,112.23
2564060,61,2.44
2564060,62,366.94
2564060,63,7.32
2564060,64,44.36
2564060,65,437.82
2564060,66,17.08
2564060,67,270.01
2564060,68,7.32
2564060,69,2500.02
2564060,70,209.92
2564060,1,3557.41
2564060,2,1694.13
2564060,3,38.16
2564060,1,2000.78
2564060,2,89.7
2564060,3,1333.03
2564060,4,50.7
2564060,5,325.06
2564060,6,11.7
2564060,7,313.29
2564060,8,11.7
2564060,9,1044.99
2564060,10,50.7
2564060,11,1218.92
2564060,12,45.54
2564060,1,69.48
2564060,2,2.65
2564060,3,272.16
2564060,4,9.76
2564060,5,3257.03
2564060,6,4387.36
2564060,7,49.3
2564060,8,5489.39
2564060,9,166.98
2564060,10,1648.35
2564060,11,30.36
2564060,12,1184.46
2564060,13,4.93
2564060,14,199.35
2564060,15,4.93
2564060,16,1439.15
2564060,17,14.79
2564060,1,2273.33
2564060,1,9454.57
2564060,2,158.48
2564060,3,3120.85
2615362,1,1988.69
2615362,2,795.48
2615362,3,795.48
2615362,4,517.75
2615362,5,517.75
2615362,6,517.75
2615362,7,1193.22
2615362,8,1193.22
2615362,9,795.48
2615362,10,795.48
2615362,11,795.48
2615362,12,1590.96
2615362,13,1590.96
2615362,14,1193.22
2615362,15,1193.22
2615363,1,971
2615363,2,971
2615363,3,485.5
2615363,4,971
2615363,5,1456.5
2615363,6,485.5
2615363,7,485.5
4538467,1,14522.38
2564018,1,10946
2564018,1,1360.6
2564018,1,22161.85
2564018,2,2845.95
2564018,1,5499.52
2564018,2,13772.44
4538484,1,13100
4538484,2,6360
4538488,1,1.46
4538495,1,630
4538495,2,1200
4538499,1,1553.64
4538498,1,1651.68
105504443,1,57057
2563626,1,69753.6
105504428,1,85957
105504430,1,45400
2615240,1,143200
2563761,1,1007.04
2563761,2,24168.96
2563761,3,12672
2563861,1,65194.67
2563866,1,91.06
2563866,2,12932.02
2563866,1,8995.04
2563866,2,7611.81
2563866,1,9750.41
2563866,2,7611.81
2563866,1,7380.14
2563866,2,15223.63
2563907,1,8000
2563907,2,1750
2563907,3,7425.89
2563907,4,74.11
2563907,5,750
2563852,1,60600
2563899,1,43669
105504458,1,215870
105504458,1,215870
105504458,1,215870
105504458,1,215870
105504458,1,215870
105504458,1,215870
105504458,1,215870
105504458,1,215870
2615316,1,5306.52
2615316,2,4610.16
2615316,3,5263.93
2615316,4,1138.72
2615316,5,9075.74
2615316,6,701.64
2615316,7,2730.42
2615316,8,398.44
2615316,9,7755.74
2615316,10,104.52
2615316,11,2370.84
2615316,12,684.35
2615316,13,593.12
2615316,14,20.45
4538437,1,5608.54
4538437,2,85.85
4538437,3,286.15
4538437,4,575.75
4538437,1,925.19
4538437,1,128.46
4538437,1,8065.47
4538437,2,72.66
4538437,3,110.54
4538437,4,120.39
4538437,5,50.77
4538437,6,26.3
4538437,7,12.56
4538437,8,11.67
4538437,1,4373.85
4538437,1,136.85
4538437,1,6030.36
4538437,1,240.32
4538437,1,681.99
4538437,1,1145.13
4538437,1,665.71
4538437,1,200.63
4538437,1,294.63
4538437,1,1282.12
4538437,1,174.66
4538437,1,18029.2
4538437,2,2372.41
4538437,3,187.65
4538437,1,82.19
4538437,1,587.05
4538437,1,2935.25
4538437,1,1770.54
2564110,1,26693.63
4538447,1,30484.62
4538502,1,59811.32
4538502,2,4713.69
4538502,3,705.4
2563787,1,159573.65
2563798,1,9717.18
2563872,1,38582.78
2563945,1,32597.34
2563946,1,32597.34
2563970,1,66530.63
2563720,1,251522.65
2563824,1,36082.22
2563824,2,20138.36
2563849,1,57874.16
2563974,1,640719.04
2615310,1,16644.28
2564014,1,16600
4538466,1,528
4538466,2,87
4538510,1,1908
2563890,1,20000
2615284,1,116
2563985,1,75138.4
2564209,1,4205.19
2564209,1,1024.08
2564209,2,32.18
2564209,3,17131.55
2564209,4,297.15
2564209,5,25697.33
2564209,6,445.72
2564209,7,12848.68
2564209,8,222.86
2564209,9,912.99
2564209,10,37.63
2564209,11,6427.24
2564209,12,241.35
2564209,13,4222.41
2564209,14,74.29
2564209,15,1192.05
2564209,16,44.01
2564209,1,356.18
2564209,2,70.2
2564209,3,939.47
2564209,4,25.6
2564209,1,1584.89
2564209,2,38.4
2564209,1,781.43
2564209,2,61.2
2564209,3,248.79
2564209,4,479.95
2564209,5,13.72
2564209,6,59.4
2564209,7,1.96
2564209,8,292.8
2564209,9,9.8
2564209,10,217.23
2564209,11,5.22
2564209,12,4566.13
2564209,13,196
2564209,14,1050.61
2564209,15,15.68
2564209,16,2633.28
2564209,17,66.7
2564209,18,9.41
2564209,19,407.94
2564209,20,9.6
2564209,21,10445.51
2564209,22,1071.99
2564209,23,140.05
2564209,24,7.84
2564209,25,20.94
2564209,26,2847.93
2564209,27,66.7
2564209,28,11520.24
2564209,29,400.2
2564209,30,2046.25
2564209,31,106.4
2564209,32,322.69
2564209,33,12.8
2564209,34,1822.27
2564209,35,35.28
2564209,36,155.46
2564209,37,6.4
2564209,38,877.04
2564209,39,20.01
2564209,40,5129.08
2564209,41,35.28
2564209,42,1040.53
2564209,43,58.52
2564209,44,5507.12
2564209,1,502.24
2564209,2,276.24
2564209,3,9.8
2564209,4,104.13
2564209,5,3.3
2564209,6,1.48
2564209,7,228.8
2564209,8,7.84
2564209,9,5.43
2564209,10,767.08
2564209,11,25.85
2564209,12,187.76
2564209,13,7.84
2564209,14,0.31
2564209,1,559.13
2564209,2,6.4
2564209,3,547.59
2564209,4,6.4
2564209,5,161.26
2564209,6,3.2
2564209,7,14173.12
2564209,8,193.45
2564209,9,182.73
2564209,10,382.15
2564209,1,1250.98
2564209,2,13.84
2564209,3,1250.98
2564209,4,13.84
2564209,5,2046.18
2564084,1,147365.86
2564085,1,23184.55
2564085,1,215.16
2564085,1,3819.37
2564085,1,268.36
2564085,1,61756.67
2564086,1,81058.58
2564086,1,56384.42
2564086,1,5315.07
2564087,1,36238.83
2564088,1,19863.99
2564088,2,12490.32
2564088,3,12049.54
2564088,4,6772.46
2564089,1,21952.93
2564089,2,15530.93
2564247,1,51984
2564247,2,3140
2564247,3,4600
4538479,1,17255.44
4538503,1,54.89
4538503,2,344.69
2563613,1,60118.8
2563793,1,98448
2563794,1,102312
2563940,1,6512.84
2563940,2,36236.44
2563940,2,5045.18
2563940,1,24565.47
2563968,1,23203.42
2563968,2,41420.68
2564044,1,80953.75
2564044,1,10562.59
2564044,1,16749.05
2564044,1,42092.7
2564044,1,42250.37
2615315-2,1,92813.78
2615315-4,1,27761.09
2615315-6,1,33434.06
2615315-5,1,11285.76
2615315-9,1,34938.24
2615315-9,2,31517.54
2615315-3,1,89478.4
2615315-1,1,32934.15
2615315-8,1,753.18
2615315-8,2,84.34
2615315-8,3,7.01
2615315-8,4,4.01
2615315-8,5,1913.02
2615315-8,6,938.3
2615315-7,1,13091.73
2564058,1,32597.34
2564048,1,32597.34
2564053,1,23940.08
2564053,1,26873.79
2564053,1,9142.15
2564053,1,7545.39
2564053,1,8722.86
2564053,1,34629.47
2564093,1,8683.78
2564300,1,55222.71
2564300,2,24887.15
2564300,3,2097.96
2564300,4,4519.55
2564300,5,9537.7
4538505,1,51513.4
4538500,1,1268.47
4538500,2,129.21
4538500,3,1.35
4538500,4,9
4538512,1,2738.4
4538511,1,8085
2563804,1,135405
2563792,1,1716.54
2563792,2,9651.6
2563792,3,1564.2
2563792,4,7866
2563792,5,1266.9
2563792,6,717.64
2563792,7,676.26
2563792,8,797.16
2563792,9,3870
2563792,10,1116.3
2563792,11,881.91
2563805,1,135405
2615307,1,59183.15
2615307,1,19565.69
2615307,1,50993.82
2615307,2,11042.31
2563812,1,1043.92
2563812,2,25054.08
2563823,1,51723.56
2564106,1,30721.49
2564106,2,1587.39
4538507,1,414.48
4538507,2,757.56
4538507,3,46.75
4538507,4,340.7
4538507,5,63.2
4538507,6,276.94
4538508,1,448.56
4538504,1,7497
2563711,1,56400
2563737,1,27971.8
2563781,1,35815
2563781,2,29857.64
2563832,1,24035.46
2563832,2,136199.26
2615271,1,30000
2563949,1,96077.24
2563901,1,109139.9
2563901,2,311.26
2563901,3,87522.1
2563901,4,42.65
2615378,1,368
2615378,2,736
2615378,3,736
2615378,4,368
2615378,5,1104
2615378,6,368
2615378,7,368
2615378,8,736
2615378,9,1104
2615378,10,368
2615378,11,736
2615378,12,736
105504459,1,62590
105504460,1,55795
105504461,1,69995
2563900,1,60154.45
2563938,1,21600.17
2563938,2,54857.91
2563938,3,3830.12
2563938,1,21600.17
2563938,2,54857.91
2563938,3,3830.12
2563938,1,21600.17
2563938,2,54857.91
2563938,3,3830.12
2563938,1,21600.17
2563938,2,54857.91
2563938,3,3830.12
2563888,1,46880.64
2563897,1,46880.64
2563913,1,46878.16
2563916,1,46932.48
105504466,1,64523
2564208,1,15540.08
2564208,2,6894.92
2564208,1,24217.49
2564208,2,591.6
2564208,3,7265.25
2564208,4,177.48
2564208,1,1941.39
2564208,2,57.24
2564208,3,353.91
2564208,4,9.54
2564208,5,3726.5
2564208,6,104.94
2564208,1,2001.09
2564208,2,64.02
2564208,3,2574.36
2564208,4,25.22
2564208,5,231.94
2564208,6,4.88
2564208,7,101.03
2564208,8,1.94
2564208,9,658.75
2564208,10,14.64
2564208,11,94.78
2564208,12,2.44
2564208,13,589.97
2564208,14,21.34
2564208,15,2785.86
2564208,16,58.56
2564208,17,2818.14
2564208,18,119.56
2564208,19,810.65
2564208,1,5173.7
2564208,2,64.09
2564208,1,4473.15
2564208,1,209.3
2564063,1,65194.67
2564074,1,65194.67
2564080,1,32597.34
2564130,1,32597.34
2564104,1,97545
2564104,2,255
2564104,3,3286.75
2564104,4,2.25
105504487,1,4000
105504487,2,3800
105504487,3,2600
105504487,4,2600
105504487,5,2800
105504487,6,13300
105504487,7,2500
105504487,8,6300
4538506,1,712.67
4538506,2,642.06
4538506,3,2626.5
4538506,4,108.87
4538506,5,785.62
4538506,6,4558.84
2564154,1,36875.44
2564151,1,17752.9
2564151,2,5124.7
2564151,3,1182
4538513,1,5644.1
4538522,1,13018.32
2564344,1,2671.2
2564344,2,7468.8
2564344,3,2573.6
2564344,4,4756.32
2563742,1,60600
2563829,1,40914.45
2615303,1,90.48
2615303,2,4954.88
2615303,3,14574.81
2615303,4,11798.72
2615303,5,279.22
2615303,6,409.7
2615303,7,19420.96
2563903,1,145335
2563896,1,90270
2563931,1,7090
2563931,2,26951.22
2563931,3,42413.14
2563931,4,5206.08
2563931,5,622.44
2563932,1,6057.6
2563932,2,9765.76
2563932,3,31259.27
2563932,4,1092
2563932,5,17536.9
2563932,6,111410.12
2563910,1,54048.7
2564024,1,45601.96
2564024,2,37.33
2564024,3,224.84
2564025,1,43193.5
2564025,2,1120.9
2615330,1,3464.2
2615330,2,23077.56
2615330,3,6157.78
105504491,1,52683
2615338,1,5656.46
2615344,1,8227.58
2564105,1,121867.48
2564269,1,352.5
2564269,2,12196.74
2564217,1,65194.67
2563825,1,59101.3
4538529,1,13299.92
4538529,2,284.05
2615269,1,32520.81
2615269,2,146.36
2563893,1,7353.19
2563893,2,15223.63
2563893,1,3452.31
2563893,2,10964.87
2615294,1,45979.09
2615294,2,2845.91
2563947,1,37978.55
2563879,1,28860
2564037,1,32597.34
2564039,1,96990.44
2564047,1,64660.29
2564082,1,162855.21
4538515,1,2844.75
2563803,1,20457.22
2563762,1,26505.29
2563984,1,19017.48
2563862,1,67354.92
2563863,1,32597.34
2563831,1,236373.98
2563864,1,236373.98
105504454,1,41553
2563972,1,47627.68
2563927,1,238724.29
2615327,1,16163.08
2615327,1,9796.31
2615327,1,14589.68
2615327,2,3159.33
2564038,1,123205.7
2615347,1,22057.52
2615347,2,4776.44
2615347,1,16290.84
105504489,1,291300
105504489,1,291300
105504489,1,291300
105504489,1,291300
105504490,1,291300
105504490,1,291300
4538486,1,3430
2563930,1,66153.2
2563930,1,59545.28
2615328,1,1007.82
2615328,1,37939.47
2615328,1,4002.72
2615328,1,1139.28
2564264,1,282.82
2564264,2,23.16
2564264,3,1.38
2564264,1,4405.91
2564264,2,69.47
2564264,1,1282.17
2564264,2,30.25
2564264,1,2941.51
2564264,2,59.64
2564264,3,2949.92
2564264,4,59.64
2564264,5,12888.92
2564264,6,266.8
2564264,7,379.88
2564264,8,11.76
2564264,9,219.25
2564264,10,6.67
2564264,11,111.86
2564264,12,3.2
2564264,13,138.82
2564264,14,3.2
2564264,15,3049.47
2564264,16,200.1
2564264,17,2410.57
2564264,18,118.08
2564264,19,629.3
2564264,20,19.6
2564264,21,841.87
2564264,22,61.8
2564264,23,342.13
2564264,24,707.54
2564264,25,32
2564264,26,1845.65
2564264,27,20.01
2564264,28,6440.2
2564264,29,167.6
2564264,30,142.18
2564264,31,414.95
2564264,32,6.67
2564264,33,148.26
2564264,34,182.55
2564264,35,6.67
2564264,36,1326
2564264,37,33.35
2564264,38,1213.99
2564264,39,427.83
2564264,40,94.28
2564264,41,3.92
2564264,42,497.21
2564264,43,682.41
2564264,44,19.68
2564264,45,11.21
2564264,46,0.85
2564264,47,4721.65
2564264,1,4423.15
2564264,2,168.08
2564264,3,7867.33
2564264,4,244.48
2564264,5,721.03
2564264,6,15.28
2564264,7,1002.52
2564264,8,15.28
2564264,9,1802.55
2564264,10,38.2
2564264,11,4021.04
2564264,12,152.8
2564264,13,1553.47
2564264,14,19.88
2564264,15,1169.45
2564264,16,9.94
2564264,17,58.57
2564264,18,898.56
2564264,19,2695.68
2564264,20,539.14
2564264,1,3010.23
2564264,2,211.2
2564264,3,4405.52
2564264,4,10095.2
2564264,5,376.58
2564264,6,9.9
2564264,7,1710.04
2564264,8,47.04
2564264,9,558.15
2564264,10,747.34
2564264,11,19.8
2564264,1,732.45
2564264,2,21.56
2564264,3,15399.99
2564264,4,458.4
2564264,5,1385.64
2564264,6,45.84
2564264,7,571.28
2564264,8,19.6
2564264,9,2955.12
2564264,10,125.44
2564264,11,15722.13
2564264,12,670.4
2564264,13,364.89
2564264,14,7.84
2564264,15,3503.58
2564264,16,91.68
2564264,17,11038
2564264,18,335.2
2564264,19,1665.72
2564264,20,61.12
2564264,21,6233.55
2564264,22,229.2
2564264,23,1139.49
2564264,24,19.88
2564265,1,7827.23
2564265,2,205.7
2564265,3,754.35
2564265,4,11175.95
2564265,5,441.56
2564265,6,1966.21
2564265,7,68.57
2564265,8,274.3
2564265,9,134.87
2564265,10,208.25
2564265,11,150.38
2564265,12,2.21
2564265,13,208.25
2564265,14,150.28
2564265,15,791.23
2564265,16,15.45
2564265,17,1452.47
2564265,1,1584.89
2564265,2,38.4
2564265,3,19029.29
2564265,4,318.96
2564265,5,3176.89
2564265,6,28926.08
2564265,1,730.91
2564265,2,3.92
2564265,3,587.43
2564265,4,11.76
2564265,5,4398.22
2564265,6,77.38
2564265,7,7397.37
2564265,8,229.2
2564265,9,3208.17
2564265,10,91.68
2564265,11,8926.46
2564265,12,335.2
2564265,13,8565.69
2564265,14,335.2
2564265,1,128.08
2564265,2,3.68
2564265,3,183.58
2564265,4,3.92
2564265,1,1038.05
2564265,2,318.34
4538444,1,15768
4538444,2,2750
4538444,3,1800
4538444,4,2250
4538501,1,1357.58
4538517,1,5442
4538517,2,170
4538523,1,28745.5
4538523,2,228
4538523,3,2789.7
4538533,1,1600
2615332,1,6295.43
2563960,1,8989.96
2563960,2,42742.14
2563960,3,38483.9
2563733,1,2965.97
2563733,2,513.03
2563733,3,6879.16
2563733,4,3414.87
2563733,5,706.22
2563733,6,75.75
2563733,7,85.17
2563733,8,1483.48
2563733,9,1511.68
2563733,10,19924.21
2563733,11,2344.72
2563733,12,7697.08
2563733,13,973.51
2563733,14,453.91
2563733,15,787.18
2563733,16,1671.36
2563733,17,148.1
2563733,18,4274.6
2563733,19,1676.17
2563733,20,220.76
2563733,22,503.36
2563733,24,7598.39
2563733,25,180.36
2563733,26,171.07
2563733,27,147.55
2563733,28,47.7
2563733,29,6.95
2563733,30,29.59
2563733,31,2.89
2563733,32,11.26
2563733,33,12.51
2563733,34,8.05
2563733,35,18.27
2563733,36,14.79
2563733,37,9.41
2563733,38,67.4
2563733,39,
2563733,40,20.92
2563733,41,11.02
2563733,42,16.83
2563733,43,19.54
2563733,44,165.33
2563733,45,169.23
2563733,46,15.88
2563733,47,77.56
2563733,48,50.45
2563733,49,30.68
2563733,50,1647.31
2563733,51,1
2563733,52,3.01
2563733,21,220.76
2563733,23,503.36
2615275,1,2300
2615279,1,9600
2563982,1,57874.16
2563902,1,78300
2563958,1,27788.16
261532513,1,328708.8
105504480,1,22000
261532511,1,71471.92
261532511,2,990.42
4538478,1,1429
2564137,1,25119.3
2564137,1,36824.84
2564137,1,39602.97
2564137,1,22328.26
2564137,1,42085.53
2564137,1,36962.77
2615352,1,32553.91
2615352,1,36731.19
2615352,2,7953.95
2615352,1,19730.66
2615351,1,428.11
2615325-3,1,122.88
2615325-3,2,33.52
2615325-3,3,435.21
2615325-3,4,17.15
2615325-3,5,79.48
2615325-3,6,138.53
2615325-3,7,85.81
2615325-3,8,127.44
2615325-3,1,685.99
2615325-3,2,265.05
2615325-3,3,360.5
2615325-3,4,62.27
2615325-3,5,463.05
2615325-3,6,534.6
2615325-3,7,435.25
2615325-3,1,977.71
2615325-3,1,439.99
2615325-3,1,105.29
2615325-3,2,40.47
2615325-3,3,196.77
2615325-3,4,321.11
2615325-3,1,33.52
2615325-3,2,430.4
2615325-3,3,225.79
2615325-3,4,49.93
2615325-3,1,707.95
2615325-3,1,1165.04
2615325-3,1,1223.09
2615325-3,1,1506.38
2615325-3,2,421.96
2615325-3,3,216.84
2615325-3,4,1659.69
2615325-3,1,92.55
2615325-3,2,2115.64
2615325-3,3,43.95
2615325-3,4,43.37
2615325-3,5,429.52
2615325-3,6,23.68
2615325-3,7,22.04
2615325-3,8,41.49
2615325-3,9,466.68
4538281,1,5635.06
4538281,2,18037.58
2564061,1,13506.88
2564061,1,38687.14
2564061,1,53000.26
2564061,1,45585.72
2564061,1,54976.46
2615382,1,34939.26
2615382,2,3869.87
2615348,1,2289.14
2615339,1,4649.49
2564155,1,102895.16
2564155,1,174084.61
4538516,1,136636
4538520,1,47487.45
4538524,1,5056.17
4538524,2,144.48
4538547,1,54600
4538547,2,75600
2564113,7,634.6
2564113,8,4986.3
2564113,1,5750
2564113,2,1040
2564113,3,11000
2564113,4,35211
2564113,5,916
2564113,6,702.9
2564113,9,1820
2564113,10,15110
2564113,11,2019.6
2564113,12,9720
2564113,13,1960
2563973,1,33693.66
105504470,1,42638
105504471,1,57747
2564123,1,64384.32
2564124,1,64384.32
2563874,1,159573.65
2564169,1,123293.31
2564112,1,127462.99
2564153,1,38635.79
2564153,2,22463.95
2564153,4,450
2564153,3,45450.95
2564153,5,6370
2564153,6,21458.6
2564153,7,2579.16
2564166,1,65194.67
4538538,1,29085
4538534,1,1170
105504447,1,63214
105504448,1,56057
105504446,1,60282
2564066,1,36714.4
2564150,1,137081.74
2564150,2,2828.26
2564042,1,1350
2564134,1,14797.01
2564134,1,3348.19
2564134,1,9114.93
2564134,1,32936.01
2564134,1,12518.03
2564134,1,3129.51
2564134,1,196353.19
2564134,2,1933.31
2564134,1,142908.87
2564134,2,2134.99
2564134,1,119340.28
2564134,2,2134.99
4538536,1,87.48
4538536,2,22.4
4538541,1,82313.57
2563734,1,31547.36
2615266,1,16777.75
2615308,1,3686.12
2615293,2,118326.69
2615293,3,15052.8
2615293,1,12
2615282,1,15158.35
2563741,1,52389.63
2563751,1,4369.51
2563751,2,7504.76
2563751,1,15670.65
2563751,2,44894.94
2563752,1,20541.05
2563752,2,580.94
2563752,1,6291.94
2563752,1,34417.73
2563726,1,2677.25
2563726,2,21792.41
2563726,3,38892.92
2563748,1,31544.54
2563748,2,2176.06
2563748,1,42563.82
2563749,1,15959.71
2563969,1,74078.93
2563905,1,3031.12
2563905,2,72746.88
2563905,3,6336
2563774,1,76672.28
2563774,2,9895.9
2563782,1,48810.75
2563782,2,3202.17
2563986,1,300000
2615286,1,78187.34
105504464,1,46990
2563917,1,51750
2563918,1,51750
2563919,1,51750
2563920,1,51750
2563933,1,42450
2563933,3,6300
2563933,4,500
2563933,2,8250
105504472,1,55795
2564049,1,83867.7
261532510,1,6378.84
261532512,1,19958.44
2564117,1,130284.17
2563772-1,1,56442.17
2563772-3,1,16393.18
2563772-2,1,85445.84
2563772-4,1,3108.08
2563772-4,2,5271.03
2563772-5,1,4812.92
2563772-5,1,6112.29
2563772-5,2,11986
2563772-5,3,2488.19
2564225,1,148304.5
4538490,1,2517.37
4538490,2,2691.65
4538490,3,71
4538490,4,99.4
4538490,5,4128.49
4538490,6,51.51
4538490,7,210.43
4538490,8,6.38
2615381,1,19000.94
2615381,2,10908.55
2563979,1,120000
2563837,1,9096.99
2563837,1,177358.76
2563837,2,73658.73
2563837,1,2575.72
2563837,2,4562.21
4538556,1,858.8
4538556,2,858.8
4538556,3,753.98
4538556,4,753.98
4538556,5,753.98
4538556,6,2955.29
4538556,7,2526.89
4538556,8,5.32
4538543,1,10.74
4538543,4,355.72
4538543,7,17.86
4538543,10,266.78
4538543,13,160.07
4538543,16,279.22
4538543,17,58.17
4538543,18,279.22
4538543,19,436.28
4538543,20,213.29
4538543,21,985.91
4538543,22,618.81
4538543,23,6.88
4538543,24,42.09
4538543,27,31.31
4538543,30,52.35
4538543,31,12.53
4538543,34,15.08
4538543,37,87.02
4538543,38,186.14
4538543,2,329.41
4538543,3,519.26
4538543,5,2017.92
4538543,6,4312.65
4538543,8,100.9
4538543,9,215.64
4538543,14,908.07
4538543,15,1940.69
4538543,11,1513.44
4538543,12,3234.5
4538543,25,575.29
4538543,26,1136.55
4538543,28,542.71
4538543,29,1513.35
4538543,32,217.09
4538543,33,605.34
4538543,35,166.04
4538543,36,603.89
4538543,1,873.95
4538543,1,493.28
4538543,1,6.49
4538543,2,61.72
4538543,3,22.5
4538550,1,6545
4538553,1,267.54
4538553,2,1493.45
4538553,3,1493.45
4538553,4,615.93
4538553,5,653.98
4538553,6,1950.05
4538553,7,1455.4
4538553,8,152.2
4538553,9,271.11
4538553,10,3060.61
4538553,11,2991.65
4538553,12,437.57
4538553,13,231.86
4538553,14,89.18
4538553,15,437.57
4538553,16,255.64
4538553,17,214.03
2564098,1,64660.29
2564118,1,32597.34
2564119,1,32597.34
2564121,1,11133.05
2564067,1,
2564067,2,
2564067,3,
2564067,4,
2564142,1,64660.29
2563855,1,27364.05
2563723,1,9962.85
2563723,2,9954.87
2563723,1,7353.19
2563723,2,15223.63
2563723,1,7353.19
2563723,2,15223.63
2563723,1,9750.41
2563723,2,7611.81
2563807,1,193869.46
2563796,1,7353.19
2563796,2,15223.63
2563796,1,9750.41
2563796,2,7611.81
2563796,1,7353.19
2563796,2,15223.63
2563796,1,7353.19
2563796,2,15223.63
2563796,1,7380.14
2563796,2,15223.63
105504457,1,31663.9
105504457,1,28969.1
105504457,1,3347.49
105504457,2,983.34
105504457,4,1002.93
105504457,5,158.36
105504457,6,419.89
105504457,7,419.89
105504457,3,1065.76
2564019,1,61633.45
2563937,1,4259.97
2563937,2,10964.87
2563937,1,7929.13
2563937,2,8989.81
2563937,1,14253.96
2563937,2,7611.81
2563937,1,7353.19
2563937,2,15223.63
2564040,1,57874.16
2615345,1,17229.37
2615345,2,4545.5
2615345,3,1050
2615345,4,350
2615345,5,156
2615325-1,1,3692.12
2615325-1,2,10.98
2615325-1,3,642.57
2615325-1,4,204.7
2615325-1,5,5355.32
2615325-1,6,564.95
2615325-1,7,19.81
2615325-1,8,218.2
2615325-1,9,793.57
2615325-1,10,1902.32
2615325-1,11,1183.82
2615325-1,12,5355.32
2615325-1,13,726.7
2615325-1,14,119.55
2615325-1,15,234.42
2615325-1,16,229.73
2615325-1,17,35.16
2615325-1,18,14.07
2615325-1,19,31.65
2615325-1,20,222.7
2615325-1,21,77.36
2615325-1,22,116.04
2615325-1,23,225.04
2615325-1,24,8.2
2615325-1,25,21.1
2615325-1,26,281.3
2615325-1,27,70.33
2615325-1,28,9.38
2615325-1,29,11.72
2615325-1,30,73.49
2615325-1,31,31.06
2615325-1,32,511.04
2615325-1,33,55.09
2615325-1,34,445.4
2615325-1,35,166.15
2615325-1,36,64.47
2615325-1,37,46.88
2615325-1,38,3804.64
2615325-1,39,807.11
2615325-1,40,1824.73
2615325-1,41,924.79
2615325-1,42,550.89
2615325-1,43,295.96
2615325-1,44,700.92
2615325-1,45,354.85
2615325-1,46,24.1
2615325-1,47,349.02
2615325-1,48,10.63
2615325-1,49,879.54
2615325-1,50,219.18
2615325-1,51,112.52
2615325-1,52,199.26
2615325-1,53,344.6
2615325-1,54,49.23
2615325-1,55,90.02
2615325-1,56,159.41
2615325-1,57,516.9
2615325-1,58,42.2
2615325-1,59,5520.59
2615325-1,60,847.43
2615325-1,61,39.22
2615325-1,62,103.05
2615325-1,63,1641.57
2615325-1,64,320.7
2615325-1,65,7462.19
2615325-1,66,1905.75
2615325-1,67,5837.06
2615325-1,68,583.71
2615325-1,69,348.82
2615325-1,70,9.78
2615325-1,71,1043.33
2615325-1,72,199.4
2615325-1,73,4.89
2615325-1,74,521.67
2615325-1,75,99.7
2615325-1,76,24.43
2615325-1,77,2608.34
2615325-1,78,498.49
2615325-1,79,2034.77
2615325-1,80,305.68
2615325-1,81,1115.37
2615325-1,82,28.13
2615325-1,83,106.03
2615325-1,84,1448.99
2615325-1,85,2862.63
2615325-1,86,42.41
2615325-1,87,579.59
2615325-1,88,1145.05
2615325-1,89,14.53
2615325-1,90,73.84
2615325-1,91,11.19
2615325-1,92,1864.61
2615325-1,93,122.07
2615325-1,94,89.76
2615325-1,95,508.26
2615325-1,96,1086.23
2615325-1,97,47.35
2615325-1,98,205.61
2615325-1,99,1728.38
2615325-1,100,108.1
2615325-1,101,1991.32
2615325-1,102,486.7
2615325-1,103,2260.39
2615325-1,104,816.84
2615325-1,105,541.51
2615325-1,106,492.28
2615325-1,107,958.9
2615325-1,108,3604.44
2615325-1,109,1263.03
2615325-1,110,1006.6
2615325-1,111,364.52
2615325-1,112,419.03
2615325-1,113,2937.28
2615325-1,114,2907.91
2615325-1,115,2297.32
2615325-1,116,492.28
2615325-1,117,492.28
2615325-1,118,28.36
2615325-1,119,1940.7
2615325-1,120,42.44
2615325-1,121,16.98
2615325-1,122,312.92
2615325-1,123,76.48
2615325-1,124,203.48
2615325-1,125,712.17
2615325-1,126,14.83
2615325-1,127,2471.69
2615325-1,128,161.81
2615325-1,129,13.01
2615325-1,130,2168.15
2615325-1,131,141.94
2615325-1,132,5796.62
2615325-1,133,5520.59
2615325-1,134,344.6
2615325-1,135,229.73
2615325-1,136,11.72
2615325-1,137,11.19
2615325-1,138,1864.61
2615325-1,139,122.07
2615325-1,140,0.91
2615325-1,141,62.6
2615325-1,142,1.37
2615325-1,143,1850.63
2615325-1,144,974.02
2615325-1,145,838.05
2615325-1,146,487.01
2615325-1,147,684.2
2615325-1,148,21.1
2615325-1,149,4414.13
2615325-1,150,4416.47
2615325-1,151,564.95
2615325-1,152,574.33
2615325-1,153,3172.41
2615325-1,154,909.32
2615325-1,155,1515.53
2615325-1,156,29.07
2615325-1,157,16.47
2615325-1,158,1126.86
2615325-1,159,24.65
2615325-1,160,75.03
2615325-1,161,5133.48
2615325-1,162,112.26
2615325-1,163,492.28
2615325-1,164,1660.07
2615325-1,165,518.77
2615325-1,166,1.82
2615325-1,167,303.54
2615325-1,168,19.87
2615325-1,169,21.33
2615325-1,170,3555.76
2615325-1,171,232.78
2615325-1,172,137.44
2615325-1,173,2531.82
2615325-1,174,618.81
2615325-1,175,237.55
2615325-1,176,5527.54
2615325-1,177,1411.67
2615325-1,1,32.91
2615325-1,2,427.72
2615325-1,3,16.46
2615325-1,4,2959.55
2615325-1,5,4008.58
2615325-1,6,32.91
2615325-1,7,427.72
2615325-1,8,16.46
2615325-1,9,574.92
2615325-1,10,5919.11
2615325-1,11,576.09
2615325-1,12,2571.59
2615325-1,13,1396.26
2615325-1,14,738.42
2615325-1,15,5604
2615325-1,16,6081.65
2615325-1,17,2354.51
2615325-1,18,2672.39
2615325-1,19,3180.7
2615325-1,20,306.5
2615325-1,21,479.11
2615325-1,22,1977.61
2615325-1,23,660.97
2615325-1,24,5604
2615325-1,25,3736
2615325-1,26,2323.92
2615325-1,27,1327.4
2615325-1,1,
2615325-1,2,244.73
2615325-1,3,294.2
2615325-1,1,
2615325-1,1,10.37
2615325-1,2,396.2
2615325-1,3,436.77
2615325-2,1,8745.3
105504488,1,291300
105504488,1,291300
105504488,1,291300
105504488,1,291300
105504488,1,291300
105504488,1,291300
2564079,1,17907.12
2564128,1,3888
2564128,2,10088
2564128,3,2124
2564128,4,9811.5
2564128,5,13.5
2564128,6,1107.9
2564128,7,0.9
2564128,8,27225
2564128,9,75
2564345,1,4381.2
2564345,1,6011.77
2564345,1,10038.9
2564345,1,7211.98
2564345,1,6606.3
2564345,1,36496.89
2564345,1,9366.01
2564345,1,21785.65
2564345,1,107075.95
2564345,1,6369.64
2564345,1,3324.36
2564345,1,1970.12
2564345,1,902.04
2564345,1,10706.74
2564345,1,40731.13
4538531,1,139608
4538509,1,7182.5
4538509,1,1814
4538509,2,6835.5
2615333,1,3200
2615333,2,131.04
2615333,3,437.1
4538555,1,1795.96
4538555,2,2389.91
2563841,1,3061.52
2563841,2,73476.48
2563841,3,8448
105504463,1,76075
105504465,1,46990
2615274,1,23269.27
2615274,2,8.73
2615274,3,151.31
2615274,4,253.15
2615274,5,399.45
2563868-1,1,103433.82
2563868-1,2,26407.84
2563868-2,1,66333.8
2564146,1,25164.22
2564193,1,39331.29
2564193,2,20657.76
2564193,3,9706.8
2564193,4,5937.05
4538554,1,492.5
4538566,1,16316.92
4538566,2,10.47
4538567,1,2923.04
4538567,2,769.59
2615364,1,26271
4538568,1,1054.97
4538568,2,568.9
4538568,3,4398.52
4538568,4,1177.94
4538568,5,2239.55
4538546,1,2403
4538514,1,15200
4538545,1,6669
2564076,1,173805.39
4538580,1,25890.39
4538580,2,44.32
4538580,3,208.26
4538581,1,3693.13
4538581,2,10.46
4538581,3,50.92
4538581,4,0.48
4538581,5,3052.79
4538581,6,3.54
4538581,7,1335.69
4538581,8,5.56
4538581,9,1492.8
4538581,10,1443.93
4538581,11,3.41
4538581,12,1088.72
4538581,13,0.57
4538581,14,28094.21
4538581,15,239.33
4538581,16,1294.14
4538581,17,0.38
4538581,18,126.93
4538581,19,176.18
2615323,1,69000
2615301,1,36942.81
2615336,1,600
2615336,2,3375
2564191,1,98448
4538530,1,571.78
2564015,1,33200
2564035,1,87425
2564035,1,37700
2563655,1,34425
4538552,1,13718.6
4538560,1,1190.05
4538560,2,11.46
105504511,1,205640.6
105504511,1,168272.5
2563943,1,181021.2
2563816,1,43613.96
2563851,1,38754.7
2563891,1,10000
2563887,1,28895.52
2564046,1,59487.6
2563944,1,45055.73
2563809,1,18341.65
2563809,2,26477.46
2563942,1,10088.09
2563942,2,20639.01
2615331,1,22700
2563978,1,645.77
2563978,2,82791.76
2564041,1,84320.55
2564073,1,30583.35
2564073,2,5
2564116,1,17907.12
2564168,1,46932.48
2564062,1,3469.28
2564062,2,52454.05
2564062,1,7900.65
2564242,1,174000
2563977-1,1,38493.29
2563977-2,1,9708.89
4538561,1,44061.4
4538548,1,46656
4538548,2,5184
4538548,3,1728
4538565,1,1027.05
4538572,1,40
105504516,1,139188
105504516,1,162386
4538575,1,5570
2564109,1,47908.39
2564109,2,9256.17
2564109,1,19093.05
2564109,2,644.19
2564055,1,431753.04
2564017,1,10000
2564017,2,30000
4538569,1,22910.27
4538569,2,1611.8
4538569,3,1541.73
4538569,4,2075.4
4538569,5,20344.32
4538569,6,1358.44
4538569,7,2156.26
4538569,8,808.6
4538569,9,4743.77
4538569,10,11751.62
4538549,1,683.04
4538549,2,71.19
4538526,1,438.24
4538526,2,2766.71
2564013,1,166536.22
2564072,1,13765.09
2564072,2,221.04
2564072,3,3819.92
2564072,4,2037.77
2564072,5,3604.32
2564072,6,60.12
2564101,1,32979.83
2564101,2,319.8
2564101,3,6.24
2564101,4,86.24
2564100,1,7799.26
2564100,2,17179.33
2563898,1,42742.07
4538537,1,7415.73
4538557,1,8109.49
4538562,1,14163.86
4538573,1,155687.58
4538573,2,10555.09
4538573,3,18091.32
4538573,5,16450.86
4538573,6,10027.34
4538573,7,10555.09
4538573,8,8444.07
4538573,9,6031.48
4538573,10,28498.74
4538573,11,226.18
4538573,12,452.36
4538573,13,603.15
4538573,14,2412.59
4538573,15,135.71
4538573,16,301.57
4538573,4,3.12
4538586,1,14996.5
4538586,2,3
4538586,1,15038.58
4538586,2,3817.57
4538586,1,5187.65
4538586,1,5244
4538586,2,4128.24
4538586,3,1196
4538586,1,54.4
4538586,2,115.99
4538586,3,11.6
4538586,1,1159.2
4538586,2,3323.6
4538586,3,299.6
4538586,5,1159.2
4538586,4,125.9
4538586,1,294.83
4538586,2,589.66
4538586,1,5019.5
4538586,1,2011.5
2563819,1,
2563884,1,4038.24
2563884,2,96917.76
2563884,3,8448
2563951,1,27547.42
105504514,1,196023.1
105504514,1,196023.1
2564051,1,25703.54
2564004,1,51750
2564005,1,51750
2564002,1,51750
2564003,1,51750
2564027,1,90720
2564027,2,39200
2564027,3,3100
2564200,1,48400.89
2564200,1,29081.25
2564200,1,3367.08
2564200,3,7670.4
2564200,4,10434
2564200,2,1732.61
2564200,1,5487.25
2564201,1,157481.84
2564205,1,37848.83
2564205,2,2073.91
2564205,3,14517.36
2564206,1,224895
2564207,1,170088.3
2564183,1,93370.1
2564258,1,170369.13
2564304,1,28369.94
2564304,2,8878.02
2615335,1,1023
2615335,2,1023
2615335,3,511.5
2615335,4,511.5
2615335,5,1023
2615335,6,511.5
2615335,7,511.5
105504513,1,216901.3
105504515,1,198342.9
4538584,1,6543.76
4538597,1,28770.4
4538590,1,1795.53
4538590,2,2563.38
4538590,3,4687.16
4538590,4,6903.72
4538598,1,46758.51
4538598,2,50.8
4538598,3,235.4
4538525,1,1587.59
4538525,2,3.74
4538603,1,19647.99
4538603,2,1925.62
4538603,3,3381.3
4538603,4,15167.84
4538603,5,6177.07
2563729,1,5320
2563965,1,105315
2615311,1,11400
105504475,1,47790
105504476,1,29995
2615313-2,1,23900
2615313-2,2,4462.5
2615313-1,1,2472.84
2615313-1,2,3442.05
2615313-1,3,18968.61
105504477,1,48957
105504478,1,41393
2564210,1,29554.07
2564211,1,25377.52
2564144,1,20000
2564135,1,41881.17
2564136,1,42357.08
2564199,1,76257.5
2564259,1,86743.57
2615361,1,32823.07
2615360,1,45737.19
2615360,2,464.89
2615360,3,9.1
4538588,1,62883.84
4538558,1,68439.41
2563730,1,34425
2563922,1,43984.36
105504474,1,46675
2564050,1,49200
2615349,1,107500
2564159,1,263.09
2564159,2,4121.8
2564159,3,222.75
2564159,4,5345.99
2564159,5,30.86
2564159,7,5614.5
2564159,8,44.35
2564159,9,694.78
2564159,10,196.32
2564159,12,98.16
2564159,13,1537.82
2564159,14,196.32
2564159,16,63.54
2564159,17,995.52
2564159,18,407.36
2564159,20,152.4
2564159,21,2387.47
2564159,22,851.25
2564159,23,13336.19
2564159,24,352.93
2564159,25,5529.24
2564159,26,308.22
2564159,27,4828.82
2564159,28,4507.02
2564159,29,4185.09
2564159,30,714.52
2564159,31,11194.13
2564159,32,4507.02
2564159,33,128.11
2564159,35,347.16
2564159,37,347.16
2564159,39,205.2
2564159,40,4924.8
2564159,41,128.11
2564159,43,347.16
2564159,45,347.16
2564159,47,1192.92
2564159,48,4942.72
2564159,49,54.49
2564159,50,853.6
2564159,51,74.78
2564159,52,1171.61
2564159,53,74.13
2564159,54,1161.39
2564159,55,10.04
2564159,56,240.83
2564159,57,414.4
2564159,58,414.4
2564159,59,1104.72
2564159,60,17307.28
2564159,61,626.24
2564159,62,529.26
2564159,63,252.07
2564159,64,3949.12
2564159,65,73.7
2564159,66,1154.67
2564159,67,41.33
2564159,68,647.55
2564159,69,76.2
2564159,70,1193.73
2564159,71,132.13
2564159,72,1519.54
2564159,73,6528.7
2564159,74,33.26
2564159,75,441.94
2564159,76,25.37
2564159,78,378.28
2564159,80,343.4
2564159,81,739.53
2564159,82,11585.95
2564159,83,1691.65
2564159,84,361.04
2564159,85,5656.26
2564159,6,483.41
2564159,11,3075.64
2564159,15,3075.64
2564159,19,6382.03
2564159,34,2434.18
2564159,36,8331.72
2564159,38,8331.72
2564159,42,2434.19
2564159,44,8331.72
2564159,46,8331.72
2564159,77,337
2564159,79,5926.35
2615334,1,1646.4
2615334,2,1646.4
2615334,3,823.2
2615334,4,823.2
2615334,5,823.2
2615334,6,1234.8
2615334,7,411.6
2615334,8,411.6
2615334,9,411.6
4538528,1,453465
2615365,1,31200
2615365,2,300
4538587,1,87.79
4538587,2,348.81
4538587,3,877.88
4538587,4,257.51
4538587,5,442.45
4538587,6,866.17
4538587,7,263.36
4538587,8,836.91
4538587,9,368.71
4538587,10,524.38
4538587,11,1954.74
4538587,12,912.99
4538587,13,912.99
4538587,14,176.75
4538587,15,252.83
4538587,16,99.49
4538587,17,778.38
4538599,1,8704.92
4538599,2,25.18
4538599,3,13290.6
4538599,4,4252.21
4538599,5,10.23
4538599,6,8519.81
4538599,7,5.06
4538599,8,921.95
4538599,9,2147.01
4538599,10,4723.41
4538599,11,194.76
4538599,12,2.26
4538599,13,14.74
4538599,14,0.16
4538599,15,961
4538599,16,0.15
4538599,17,5
4538599,18,3574.87
4538599,19,1.79
4538599,20,753.98
4538576,1,2500
2615404,1,6295.43
4538605,1,1398.21
4538612,1,3030.24
4538612,2,844.41
4538612,3,904.72
4538612,4,1391.88
4538612,5,733.06
4538612,6,2400.99
4538612,7,1169.18
4538612,8,218.06
4538612,9,971.42
4538612,10,2752.44
4538612,11,215.74
4538612,12,226.18
4538612,13,271.42
4538612,14,210.52
4538615,1,128627.11
2563880,1,30063.76
2563911,1,3054.28
2563911,2,7464.9
2563911,3,2940.55
2563911,4,1884.11
2563911,5,399.87
2563911,6,3762.31
2563911,7,5672.94
2563911,8,108.46
2563911,9,694.85
2563911,10,596.79
2563911,11,1015.35
2563911,12,899
2563911,13,82.99
2563911,14,65.51
2563911,15,245.55
2563911,16,46.57
2563911,17,1084.57
2563911,18,4363.8
2563911,19,1851.05
2563911,20,1651.52
2563911,21,394.24
2563911,22,422.46
2563911,23,446.09
2563911,24,4701.98
2563911,25,531.08
2563911,26,3329.87
2563911,27,665.97
2563911,28,1255.37
2563911,29,430.81
2563911,30,717.35
2563911,31,
2563911,32,420.06
2563911,33,2017.3
2563911,34,533.49
2563911,35,275.09
2563911,36,36.17
2563911,37,610.86
2563911,38,237.11
2563911,39,1
2563911,40,99.47
2563957,1,27224.3
2615312,1,1995
2563980,1,100827
2564170,1,145162
2564170,2,304878
2564170,3,15144.32
2564305,1,104830.93
2564248,1,10529.46
2564248,1,53070.32
2564248,1,31706.69
2564248,1,89381.58
2564023,1,3733.81
2564023,1,84739.83
2564218,1,66069.18
2564218,1,7971.9
2564218,1,45907.01
2564218,1,55363.94
2564218,1,55363.94
2564218,1,10252.58
2564218,1,37405.71
2564218,1,48437.76
2564218,1,55363.94
2564218,1,45907.01
4538570,1,248.5
4538570,2,248.5
4538589,1,13019.37
4538619,1,13597.7
4538602,1,10317.33
4538602,2,317.21
4538602,1,1039.17
4538602,2,268.52
4538602,1,268.87
4538602,1,589.25
4538602,2,35.13
4538602,1,429.28
4538602,1,131.32
4538602,1,425.92
4538602,2,15.26
4538602,3,669.24
4538602,1,1272.8
4538602,2,602.83
4538602,1,3112.7
4538602,2,118.18
4538602,3,493.12
4538602,1,345.46
4538602,1,140.42
4538602,1,140.89
4538602,1,101.07
4538602,1,0.02
4538602,1,896.85
4538602,1,196.42
4538602,1,122.2
4538602,1,556.33
4538602,1,150.28
4538602,1,1340.67
4538602,1,451.75
4538602,1,9233.14
4538602,1,50.59
4538602,4,74.61
4538602,5,1706.73
4538602,6,956.52
4538602,7,240.15
4538602,2,3.06
4538602,3,7.66
4538602,1,307.06
4538602,1,75.85
4538602,1,342
4538602,2,342
4538602,1,11458.03
4538602,2,473.49
4538602,3,430.71
4538602,4,311.75
4538602,1,878.23
4538602,1,4691.7
4538602,2,571.13
4538602,1,2554.75
4538602,1,56.54
4538602,2,268.52
4538602,1,230.16
4538602,1,342
4538602,2,342
4538602,1,25.32
4538602,2,914.95
4538602,3,66.78
4538602,4,58.35
4538602,1,5.44
4538602,1,357.7
4538602,1,4509.59
4538602,2,65.58
4538602,1,35.59
4538602,1,1091.91
4538602,1,1374.93
4538602,2,1367.69
4538602,1,198.14
4538602,1,572.99
4538602,1,422.08
4538602,1,66.57
4538602,2,25.68
4538602,3,414.82
4538602,4,688.84
4538602,1,235.42
4538602,1,2267.78
4538602,1,4910.68
4538602,1,5506.53
2564497,1,5142.8
2564497,2,4256
4538604,1,8700.33
4538620,1,41.45
4538620,2,15.31
4538620,3,4409.17
4538620,4,470.92
4538622,1,6978.22
2564149,1,47005.5
2564059,1,42073.72
105504481,1,54690
2564090,1,18673.2
2564090,2,23911.04
2564091,1,26531.56
2564091,2,25334.26
2564192,1,32392.82
2564250,1,64384.32
2564131,1,74365.74
2564131,2,68777.56
2564131,3,96213.84
2564131,4,504.6
2564131,5,34818.64
2564237,1,29230.46
2564237,2,16153.47
2564237,3,181.2
2564237,4,25791.58
2564237,5,20633.27
2564237,6,8597.19
2564237,7,160767.55
2564033,1,18797.94
2564033,2,1199.02
2564033,1,43598.43
2564033,2,2837.77
2564033,1,38244.05
2564033,2,1902.69
2564185,1,19434.36
2564406,1,8111.88
2564496,1,576
2564496,2,4210.1
2564496,3,2492.55
2564496,4,1740
2564496,5,2100
2564496,6,1000
2564496,7,558
2564496,8,1024
2564496,9,2096.82
2564496,10,812.5
2564496,11,2822.2
2564496,12,6480.5
4538578,1,2068.24
4538600,1,564.48
4538600,1,9812.97
4538600,1,1750.14
4538600,1,105.64
4538600,1,8724.15
2563948,1,363.52
2563948,2,4829.57
2563948,3,363.52
2563948,4,4829.57
2563948,5,734.4
2563948,6,9756.99
2563948,7,734.4
2563948,8,9756.99
2563948,9,67.45
2563948,10,896.13
2563948,11,67.45
2563948,12,896.13
2563948,13,275.36
2563948,14,3658.34
2563948,15,275.4
2563948,16,3658.34
2563948,17,486.75
2563948,18,6466.88
2563948,19,486.75
2563948,20,6466.88
2563948,21,69.7
2563948,22,926.05
2563948,23,69.7
2563948,24,926.05
2563948,25,70.4
2563948,26,935.38
2563948,27,70.4
2563948,28,935.38
2563948,29,237.51
2563948,30,3155.41
2563948,31,237.51
2563948,32,3155.42
2563948,33,239.9
2563948,34,3187.25
2563948,35,239.9
2563948,36,3187.25
2563948,37,2400.3
2563948,38,1753.2
2564213,1,43344
2564213,2,1120.9
2564234,1,2460
4538535,1,2712.5
2564506,1,3617.54
2564506,2,3437.51
2564506,3,20699.11
2564506,1,9844.8
2564506,2,9844.8
2564506,3,7363.44
2564506,4,5070.8
2564506,5,5824
2564506,6,5942.16
2564506,7,5826.8
4538628,1,13152.98
2564026,1,7353.19
2564026,2,15223.63
2564026,1,8381.84
2564026,2,4494.9
2564026,1,9750.41
2564026,2,7611.81
2563827,1,60690
2563955,1,1989
2564303,1,46880.64
4538630,1,459.95
4538630,2,882.83
4538630,3,444.94
4538630,4,359.91
4538630,5,2041.68
4538630,6,4363.44
4538630,7,40.02
4538630,8,12.95
4538630,9,173.03
4538630,10,2.35
4538630,11,15.89
4538630,12,4.71
4538630,13,64.74
4538630,14,291.33
4538630,15,2269.45
4538630,1,2972.18
4538630,1,4022.86
4538630,1,952.51
4538630,2,2361.5
4538630,1,125.03
4538630,2,1186.47
4538630,3,432.29
4538630,4,864.93
4538630,5,854.57
2564243,1,64660.29
2564256,1,75398.4
2564235,1,144873.55
105504497,1,291300
105504497,1,291300
105504497,1,291300
105504497,1,291300
105504497,1,291300
105504497,1,291300
105504497,1,291300
105504497,1,291300
105504497,1,291300
105504497,1,291300
105504497,1,291300
105504497,1,291300
105504497,1,291300
105504497,1,291300
105504497,1,291300
105504497,1,291300
105504497,1,291300
105504497,1,291300
105504497,1,291300
105504497,1,291300
105504497,1,291300
105504497,1,291300
105504497,1,291300
105504497,1,291300
105504497,1,291300
105504497,1,291300
105504497,1,291300
105504497,1,291300
105504497,1,291300
2564202,1,20914.5
2564203,1,20914.5
2564204,1,11220.76
2564204,2,15934.86
4538616,1,4352.54
4538577,1,16333.46
4538633,1,4829.85
4538633,2,2
4538633,3,1
4538633,1,4829.85
4538633,2,2
4538633,3,1
4538633,1,7120.58
4538633,2,2
4538633,3,1
4538633,1,7120.58
4538633,2,2
4538633,3,1
4538633,1,4829.85
4538633,2,2
4538633,3,1
4538633,1,4069.86
4538633,2,7660.74
4538633,1,294.83
4538633,1,6370.65
4538633,1,263.94
4538633,2,472.22
4538633,1,483.72
4538633,2,1018.48
4538633,3,335.25
4538633,1,1423.63
4538633,1,1676.25
4538633,1,224.64
4538636,1,1090.42
4538637,1,5105.58
4538637,2,632.55
4538637,3,17214.37
2564016,1,15876.14
2564016,1,15876.14
2615326,1,119139.96
2615326,2,34074
2564083,1,3000
2564083,2,250
2564083,3,225
2564083,4,360
2564083,5,100
2564083,6,130
2564083,7,465
2564083,8,270
4538418,1,5028.13
4538418,2,5.06
4538418,3,3.55
4538418,4,5.06
4538418,5,11.14
4538418,6,1.01
105504482,1,62995
105504483,1,62995
105504484,1,62995
105504485,1,67995
2564115,1,145246.45
2564115,1,2378.67
2564115,1,20218.7
2564115,1,45615.85
2564115,1,1865.9
2615385,1,9001.2
2564111,1,45000
2564111,2,75750
2564111,3,8160
2564111,4,27000
2615359,1,3998.43
2564068,1,51750
2564069,1,51750
2564070,1,51750
2564071,1,51750
2615366,1,6853.3
2564268,1,112739.01
2615380,1,921
2564065,1,15876.14
4538623,1,2280
4538646,1,360
4538596,1,81.22
4538596,1,2716.1
4538596,1,2030.5
4538596,1,1700.31
4538596,2,125.8
4538601,1,401.45
4538540,1,229.44
4538540,2,184.25
4538540,3,654.72
4538540,4,5454.98
4538540,5,493.65
4538540,6,1429.12
4538540,7,267.8
4538540,8,517.98
4538540,9,179.61
4538540,10,139.06
4538540,11,749.16
4538540,12,1821.63
4538540,13,1042.92
4538540,14,7626.03
4538540,15,320.25
4538540,16,595.5
4538540,17,1.28
4538540,18,201.63
4538540,19,257.25
4538540,20,1376.08
4538540,21,382.98
4538540,22,3519.85
4538540,23,4803.8
4538540,24,48.38
4538540,25,2986.22
4538540,26,2354.35
4538540,27,443.76
4538540,28,2141.46
4538540,29,573.61
4538540,30,277.65
4538540,31,2091.05
4538540,32,50
4538607,1,5753.63
4538574,1,3900
4538624,1,333531.29
4538624,2,10711.61
4538624,3,26090.42
4538624,4,734.51
4538624,5,2065.81
4538624,6,45524.34
4538624,7,100.05
4538624,8,367.26
4538624,9,1224.18
4538624,10,1147.67
4538624,11,1836.28
4538632,2,1894.29
4538632,3,3788.58
4538632,4,196.62
4538632,5,245.78
4538632,6,187.03
4538632,7,187.03
4538632,8,71.94
4538632,9,5107.39
4538632,10,413.63
4538632,1,3834.14
4538632,11,551.51
4538632,13,905.18
4538632,14,323.71
4538632,15,201.42
4538632,16,575.48
4538632,17,225.39
4538632,18,107.9
4538632,12,330.9
4538641,1,48007.94
2615406,1,15330
2563846,1,187812.02
4538583,1,1313.44
2564022,1,42791.92
2615337,1,15647.28
2615337,2,462.48
2615337,3,270.48
2615337,4,6241.56
2564043-1,1,57560.81
2564043-2,1,39027.36
2564043-2,2,47207.96
2564245,1,95744.19
2564138,1,304328.4
2564197,1,304103.1
2564233,1,66564.27
2564275,1,64898.82
2564461,1,49200
4538652,1,1146.79
4538652,2,3319.42
4538652,3,215.48
4538652,4,3825.58
4538652,5,29.9
4538608,1,1928.64
2563776,1,42942
2563876,1,21600.17
2563876,2,56227.54
2563876,3,3830.12
2563876,1,21600.17
2563876,2,54857.91
2563876,3,3830.12
2563876,1,21600.17
2563876,2,54857.91
2563876,3,3830.12
2563876,1,21600.17
2563876,2,54857.91
2563876,3,3830.12
2563876,1,21600.17
2563876,2,54857.91
2563876,3,3830.12
2563876,1,21600.17
2563876,2,54857.91
2563876,3,3830.12
2563876,1,21600.17
2563876,2,54857.91
2563876,3,3830.12
2615358,1,62232
2615358,2,69847.95
2615358,3,41020
2564012,1,43206.82
2615309,1,5189.52
105504486,1,57990
2564261,1,75398.4
2564020,1,95744.19
2564077,1,95744.19
2564129,1,95744.19
2564133,1,73444.16
2564133,2,3263.46
2564133,1,73444.16
2564133,2,3263.46
2564133,1,73444.16
2564133,2,3263.46
2564133,1,73444.16
2564133,2,3263.46
2564221,2,25054.08
2564221,1,1043.92
2564132,2,73444.16
2564132,3,3263.46
2564132,2,73444.16
2564132,3,3263.46
2564132,2,73444.16
2564132,3,3263.46
2564132,2,73444.16
2564132,3,3263.46
2564132,2,73444.16
2564132,3,3263.46
2564132,2,73444.16
2564132,3,3263.46
2564358,1,157785.6
2564436,1,77545.35
2564436,2,3848.55
2564436,3,6358.46
4538660,1,2701.64
4538663,1,15.96
4538663,3,55.94
4538663,4,9.78
4538663,6,17.81
4538663,7,379.51
4538663,8,127.88
4538663,9,0.06
4538663,10,182.45
4538663,11,37.68
4538663,12,73.07
4538663,2,0.02
4538663,5,0.02
4538664,1,1931.18
4538664,2,6006.47
4538664,3,1257.9
4538664,4,2146.82
4538664,5,552.28
4538664,6,1789.81
4538664,7,3395.13
2615431,1,38977.33
2564029,1,27513.03
2615158,1,20108.5
2564152,1,
2564167,1,87261
2564194,1,57270
2564194,1,57270
2564194,1,57270
2615355-2,1,13080.79
2564216,1,60600
2564215,1,21452.4
2564215,2,10365.12
2564215,3,47407.68
2564215,4,15547.68
2564215,5,26911.08
2564215,6,3865.68
2564215,7,11172.24
2564215,8,5494.08
2564215,9,5607.36
2564215,10,4958.64
2564215,11,5465.76
2564215,12,3908.16
2564215,13,5664
2564266,1,34156.61
2564214,1,
2564314,1,11904
2564212,2,2156.96
2564212,1,56552.8
2615355-1,1,110520.69
2615355-1,2,4385.76
2615355-1,3,70.12
2564348,1,34549.84
2564422,1,56755.48
2564422,2,5035.11
2564422,3,1456.21
2564361,1,45155.69
2564361,1,52071.65
2564361,1,52071.65
2564361,1,36657.53
2564361,1,27000.11
2564361,1,27011.32
4538618,1,6315.96
4538618,2,17822.4
4538591,1,5.97
4538591,2,7.76
4538591,3,28.66
4538591,4,95.54
4538591,5,179.15
4538591,6,95.54
4538591,7,157.65
4538593,1,497.23
4538621,1,11586.1
4538621,2,883.75
4538640,1,866.92
2564190,1,42297.26
2564190,2,8447.74
2564190,3,9349.88
2564190,4,3188.27
2564190,5,11148.68
2564190,6,35080.18
4538658,1,10039
4538658,1,3626.86
4538658,2,3
4538658,1,3114.54
4538658,2,1524.2
4538658,3,4920
4538658,4,1014
4538658,5,5943
4538658,1,3626.86
4538658,2,3
4538658,1,358.29
4538658,1,1557.27
4538658,1,147.42
4538669,1,15462.12
4538497,1,2008.35
2564081,1,166536.22
2563971,1,31751.79
2615389,1,6796.47
2564099,1,35235.69
2564147,1,35235.69
4538639,1,152.67
4538639,2,43.33
2615372,1,3830.3
2615357,1,3980.18
2564363,1,6425.6
2564363,2,6976
2564363,3,46633.6
2564363,4,11314.8
4538631,1,1256.52
4538614,1,10697.48
4538665,1,4970.47
4538662,1,11939.26
4538662,2,2514.17
4538662,3,1566.39
2563857,1,43350
2564103,1,7353.19
2564103,2,15223.63
2564103,1,7353.19
2564103,2,15223.63
2564103,1,12613.63
2564103,2,7611.81
2564103,1,12424.04
2564103,2,4494.9
2564195,1,7353.19
2564195,2,15223.63
2564195,1,9750.41
2564195,2,7611.81
2564195,1,7353.19
2564195,2,15223.63
2564195,1,7353.19
2564195,2,15223.63
2564301,1,104868.28
2564302,1,157995.76
2615383,1,31652.08
2615383,2,18516.6
2615383,3,7601.33
2615383,4,1260.4
2615383,5,178.25
2615383,6,724.5
2615383,7,25255.09
2615383,8,4657.85
2564279,1,2430.54
2564279,3,21860.86
2564279,2,5037.4
2564282,1,21672
2564282,2,560.45
2615354,1,
2615354,2,
2615354,3,
2564108,1,42841.76
4538650,1,3869.04
2563858,1,17000
2564126,1,27845.04
2564238,1,34234.39
2564145,1,20000
2615408,1,2588
2615408,2,780
2615426,1,2572
4538671,1,74162.4
4538671,2,36061.47
4538671,3,37977.33
4538671,4,9270.3
4538671,5,3708.12
4538671,6,7725.25
4538671,7,463.52
4538671,8,9270.3
4538657,1,4856.21
4538657,2,231.76
4538657,3,65.37
4538657,4,6512.98
4538680,1,33487.54
4538680,2,611.53
4538680,3,1624.23
4538680,4,23.68
4538680,5,139.92
4538680,6,3974.97
105504473,1,15700
2615297,1,32800
2564179,1,51750
2564180,1,51750
2564181,1,51750
2564253,1,78300
2564158,1,92775.38
2564293,1,100196.73
2564294,1,92775.38
2564552,1,41999.27
2564182,1,51750
2615367,1,1687.5
105504501,1,3100
105504501,2,10000
105504501,3,2500
105504501,4,2200
105504501,5,4100
105504501,6,3400
105504501,7,3200
105504501,8,2900
105504501,9,3000
105504501,10,3000
2564127,1,1388.87
2564127,1,5385.89
2564127,1,21236.14
2564127,1,847.39
2564127,1,5787.85
2564254,1,40500
2564254,2,63440
2564254,3,10875
4538606,1,45504.25
4538606,2,292.82
4538606,3,190.57
4538606,4,176.62
4538606,5,51.13
2564246,1,4368
2564246,2,493.68
2564246,3,117.26
2564246,4,89.76
2564246,5,738
2564246,6,330.24
2564246,7,525
2564246,8,257.6
2564246,9,150.75
2564246,10,179.99
2564252,1,69600
2564252,1,36000
2564372,1,31620.2
2615405,1,846.66
2615405,2,423.33
2615405,3,1102.12
2615405,4,551.06
2615405,5,1269.98
2615405,6,423.33
2615405,7,846.66
2615405,8,423.33
2615405,9,846.66
2564332,1,48773.34
2564425,1,17907.12
105504528,1,133112
2564307,1,42676.67
2564450,1,162855.21
4538683,1,2956.42
4538685,1,9857.58
4538685,2,18.65
4538685,3,5610.18
4538685,4,9.93
4538685,5,967.63
4538685,6,9
4538685,7,2347.28
4538685,8,27.05
4538685,9,2573.25
4538685,10,13539.67
4538685,11,68.57
4538685,12,87.14
4538685,13,3.7
4538685,14,0.85
4538685,15,18.35
4538685,16,0.59
4538686,1,70146.78
4538686,2,74.13
4538686,3,346.14
2563936,1,20000
2564031,1,2281.6
2564031,2,2655.12
2564031,3,666.9
2564031,4,13362.54
2564031,5,1346.4
2564031,6,1286.01
2564031,7,1748.7
2564031,8,1485.9
2564031,9,2106.72
2564031,10,23994.8
2564031,11,586.8
2564031,12,1349.3
2564031,13,1098.75
2564031,14,740.94
2564031,15,614.38
2564031,16,1560.9
2564031,17,2223.45
2564075,2,72172.8
2564075,1,3007.2
2564075,3,8448
2564240,1,18661.1
2615353,1,29196.92
2615353,2,6322.45
2615353,1,17725.39
2615353,2,3838.35
2615353,1,9802.21
2564360,1,111492.55
2564415,1,68531.4
4538638,1,2329.06
4538638,2,130.97
4538642,1,875.36
4538668,1,62758.08
4538668,2,99.03
4538668,3,20
4538668,4,20
4538647,1,149116.6
4538647,2,212.75
4538647,1,19512.15
4538647,2,86.25
2615432,1,17262.02
4538661,1,1497.44
4538688,1,4145.75
2564021,1,31000
2564231,1,47088.45
2564241,1,35669.19
4538659,1,3162.18
4538659,1,353.09
4538659,1,472.6
4538659,1,174.56
4538659,1,32.35
4538659,1,1554.51
4538659,2,3456.55
4538659,1,482.67
4538659,2,47.08
4538659,3,244.21
4538659,4,246.56
4538659,5,214.34
4538659,6,567.97
4538659,1,213.97
4538659,1,1326.4
4538659,1,1629.42
4538659,2,1629.42
4538659,1,1.93
4538659,1,748.95
4538659,1,283.03
4538659,1,1781.21
4538659,1,18.13
4538659,2,51.31
4538659,1,727.94
4538659,1,467.7
4538659,1,17822
4538654,1,64716.32
4538676,1,41.31
4538676,2,17.7
4538676,1,325.17
4538676,2,578.35
4538676,3,51.2
4538676,4,563.95
4538676,5,2051.08
4538676,6,34.94
4538676,7,605.66
4538676,8,1688.86
4538676,9,98.08
4538676,10,3008.05
4538676,11,4741.15
4538676,1,335.8
4538675,1,142620
4538677,1,36.33
4538677,2,48.44
4538677,3,668.4
4538677,4,410.49
4538677,5,410.49
4538677,6,932.38
4538677,7,932.38
4538677,8,1739.3
4538677,9,4947.65
4538677,10,96.87
4538677,11,3027.2
4538677,12,96.87
4538677,13,542.48
4538677,14,1501.49
4538677,15,2724.48
4538677,16,138.04
4538677,17,203.43
4538681,1,2483.52
4538681,1,2582.16
4538684,1,13400
2615429-A,1,368
2615429-A,2,368
2615429-A,3,736
2615429-A,4,736
2615429-A,5,368
2615429-A,6,368
2615429-A,7,368
2615429-A,8,368
4538697,1,1607.04
4538697,1,1692.76
4538697,1,338.01
4538697,1,115.31
4538697,1,81.13
4538697,1,766.83
4538697,2,86.49
4538697,1,1256.27
4538697,1,404.24
4538697,2,525.94
4538697,1,209.29
4538697,1,371.91
4538697,1,423.82
105504479,1,37500
2564223,1,54306.11
2564224,1,52685.46
2564094,1,43206.82
2564122,1,92775.38
2564120,1,65194.67
2564239,1,25164.22
105504496,1,45193
2615377,1,564.3
2564232,1,41967.7
105504517,1,73427.27
2564362,1,91680.86
2564419,1,157148.82
2615407,1,21735.93
2615407,1,29430.07
2615407,2,6372.94
2615407,1,9880.48
4538670,1,2192.28
4538656,1,46656
4538656,2,5184
4538656,3,1728
4538627,1,20902.75
4538635,1,19855.92
4538635,2,484.34
4538635,3,26
4538635,4,276.94
4538635,5,56.26
4538635,6,53.24
4538635,7,1687.75
4538635,8,2330.71
4538635,9,1162.99
4538635,10,2.36
4538635,11,1245.96
4538635,12,584.69
4538635,13,136.23
4538635,14,133.06
4538635,15,6.38
4538635,16,351.97
4538635,17,17.73
4538635,18,7.64
4538635,19,0.09
4538635,20,4142.56
4538635,21,31.64
4538635,22,592.72
4538635,23,417.92
4538635,24,95.84
4538635,25,554.54
2615439,1,16787.5
4538655,1,3052.5
4538692,1,5226.52
4538692,2,36.17
4538692,3,26997.56
4538692,4,26.31
4538692,5,2147.01
4538692,6,18181.5
4538692,7,17.54
4538692,8,1717.61
4538692,9,1415.8
4538692,10,5.01
4538692,11,1250.32
4538692,12,3132.1
4538692,13,29.68
4538692,14,14314.72
4538692,15,4.79
4538692,16,71.74
4538692,17,1446.06
4538692,18,0.01
4538692,19,942.47
4538692,21,2197.52
4538692,22,858.8
4538692,23,227.33
4538692,24,2058.6
4538692,25,2147.01
4538692,26,80.83
4538692,27,38.52
4538692,28,2082.43
4538692,29,1.43
4538692,30,28.42
4538692,31,155.94
4538692,32,1.3
4538692,33,137.67
4538692,34,0.62
4538692,35,272.37
4538692,36,1.69
4538692,37,1263.94
4538692,38,2.16
4538692,39,68.2
4538692,40,282.68
4538692,41,1.48
4538692,42,397.16
4538692,43,1.93
4538692,44,136.84
4538692,45,0.82
4538692,46,277.85
4538692,47,243.53
4538692,48,1.16
4538692,49,992.91
4538692,50,4.81
4538698,1,8229.76
4538702,1,12173.35
2564054,1,100827
2615291,1,837.2
2615291,2,2224.34
2615291,3,945
2615379,1,13047
4538649,1,2521.52
4538610,1,4500
4538710,1,2325.19
4538710,2,1491.9
4538710,3,1491.9
4538718,1,38837.57
4538718,2,64.59
4538718,3,312.29
2564284,1,18517.79
2564284,1,55998.84
2615448,1,5758.57
2564313,1,22253.05
2564313,3,1301.88
2564313,2,17558.68
2564346,1,57563.01
2564346,1,43126.55
2564346,1,54320.11
4538704,1,12415.28
4538704,3,2
4538704,4,1
4538704,2,515.2
2564283,1,15244.04
2564283,2,28593.08
2615302,1,6495.81
2615302,2,416.69
2615442,1,37440
2615442,2,360
4538674,1,9009.68
4538699,1,56650.35
4538699,2,19424.83
4538699,3,15125.27
4538699,4,28331.08
4538699,5,921.34
4538699,6,9213.36
4538699,7,5374.46
4538699,8,3224.68
4538699,9,1228.45
4538699,10,4299.57
4538699,11,5988.68
2564271,1,51750
2564272,1,51750
2564273,1,51750
2564274,1,51750
2615368,1,3150
2564172,1,8958.69
2564172,2,631.7
2564172,3,4211.35
2564172,4,2153.53
2564172,5,2909.66
2564172,6,2909.66
2564172,7,784.84
2564172,8,784.84
2564172,9,1040.87
2564172,10,1027
2564172,11,15114.92
2564172,12,7417.72
2564172,13,4450.63
2564172,14,1052.84
2564172,15,5168.48
2564172,16,6125.6
2564172,17,1737.18
2564172,18,7211.75
2564172,19,1196.41
2564172,20,5986.82
2564172,21,224.92
2564172,22,597.25
2564172,23,363.71
2564172,24,1130.17
2564172,25,2727.81
2564172,26,2727.81
2564172,27,3275.28
2564172,28,3330.8
2564172,29,2050.16
2564172,30,1895.11
2564172,31,1168.65
2564172,32,5589.61
2564172,33,5589.61
2564172,34,2931.2
2564172,35,4421.92
2564172,36,1856.82
2564172,37,497.71
2564172,38,660.42
2564172,39,1320.83
2564172,40,837.48
2564172,41,1378.26
2564172,42,1378.26
2564172,43,1091.12
2564172,44,1205.98
2564172,45,5838.46
2564172,46,880.56
2564172,47,5647.04
2564172,48,6699.88
2564172,49,574.28
2564172,50,574.28
2564172,51,679.56
2564198-1,1,54984.25
2564198-1,2,4715.69
2564198-1,3,1306.99
2564198-2,1,65332.5
2564298,1,65812.5
2564277-3,1,15582.25
2564277-3,2,1891.62
2564277-3,3,1577.79
2564321,1,310.5
2564321,2,436.48
2564321,3,70311
2564322,1,43666.5
2564322,2,934.08
2564322,3,40
2564329,1,33224.69
2564329,2,1254.4
2564329,3,1081.08
2564329,4,17.64
2564329,5,118.3
2564329,6,987
2564329,7,42.35
2564277-1,1,9518.89
2564277-2,1,22293.09
2564277-2,2,13208
2564277-2,3,7394.55
2564373,1,42676.67
2564064,1,41073.9
2564227,1,35303.51
2564228,1,35303.51
2564278,1,14126.12
2564278,2,33512.83
2615420,1,3997.26
2615420,1,1137.73
2564375,1,44298.68
2564374,1,6666.08
2564374,2,139.04
2564374,3,12442.63
2564374,4,208.56
2564374,1,3894.11
2564374,2,211.2
2564374,3,4423.2
2564374,4,5137.33
2564374,5,12986.9
2564374,6,395.3
2564374,7,67039.61
2564374,8,670
2564374,9,6367.21
2564374,1,4423.2
2564374,2,4423.2
2564374,3,11350.16
2564374,4,470.4
4538592,1,186.4
4538592,2,745.61
2564383,1,123.59
2564383,2,2.47
2564383,3,409.13
2564383,4,7.84
2564383,5,19.34
2564383,6,1.65
2564383,7,103.35
2564383,8,6.84
2564383,9,216.15
2564383,10,242.64
2564383,11,7.88
2564383,12,4780.35
2564383,13,69.86
2564383,14,5186.65
2564383,15,107.2
2564383,16,7582.32
2564383,17,179.75
2564383,18,2451.48
2564383,19,14.97
2564383,20,25307.99
2564383,21,784
2564383,22,9914.14
2564383,23,201
2564383,24,2714
2564383,25,80.4
2564383,26,178.8
2564383,27,138.07
2564383,28,345.2
2564383,29,4965.28
2564383,30,266
2564383,31,1203.73
2564383,32,342.03
2564383,33,1001.82
2564383,34,630.93
2564383,35,788.67
2564383,36,1705.51
2564383,37,4924.19
2564383,38,69.86
2564383,39,318.56
2564383,40,322.75
2564383,41,6.7
2564383,42,1.29
2564383,43,2524.27
2564383,44,60.3
2564383,45,392
2564383,46,955.89
2564383,47,57.8
2564383,48,754.49
2564383,49,14.97
2564383,50,1695.95
2564383,51,58.8
2564383,52,1022.66
2564383,53,39.2
2564383,54,28.86
2564383,55,962.96
2564383,56,39.2
2564383,57,1069.8
2564383,58,31.36
2564383,59,25.09
2564383,60,1.1
2564383,61,740.88
2564383,62,740.88
2564383,63,812.44
2564383,64,613.12
2564383,65,19.6
2564383,66,995.56
2564383,67,23.52
2564383,68,90.08
2564383,69,597.5
2564383,70,20
2564383,71,2.66
2564383,72,608.66
2564383,73,538.64
2564383,74,419.76
2564383,1,296.6
2564383,2,6.44
2564383,3,2892.61
2564383,4,59.88
2564383,1,4024.47
2564383,2,211.2
2564383,3,6110.3
2564383,4,250.88
2564383,5,9195.23
2564383,6,250.88
2564383,7,4390.09
2564383,8,1906.27
2564383,9,70.4
2564383,10,3548.64
2564383,11,132
2564383,12,1136.1
2564383,13,1147.25
2564383,14,108.8
2564383,15,1373.34
2564383,16,45.08
2564383,17,1531.55
2564383,18,1889.73
2564383,19,498.37
2564383,20,52.7
2564383,21,300.21
2564383,22,11.76
2564383,1,9680.7
2564383,2,3189.62
2564383,1,8609.29
2564383,2,183.88
2564383,3,2908.14
2564383,4,35.89
2564383,1,1549.86
2564440,1,184.31
2564440,2,3.94
2564440,3,48.52
2564440,4,3.76
2564440,1,200.27
2564440,2,7.88
2564440,1,23974.87
2564440,2,415.9
2564440,1,17916.38
2564440,2,310.8
2564440,1,76008.89
2564440,2,1476.3
2564440,3,3262.44
2564440,4,143.8
2564440,5,1703.65
2564440,6,46.02
2564440,7,3429.43
2564440,8,153.4
2564440,9,2742.19
2564440,10,59.28
2564440,11,7114.33
2564440,12,99.71
2564440,1,843.67
2564440,2,37.05
2564440,3,132.9
2564440,4,2.47
2564440,5,87.09
2564440,6,2.47
2564440,7,484.07
2564440,8,14.82
2564440,9,333.02
2564440,10,7.41
2564440,11,75.8
2564440,12,2.47
2564440,13,587.16
2564440,1,767.36
2564440,2,23.01
2564479,1,216.57
2564479,2,55.98
2564479,1,3941.82
2564479,2,128.8
2564479,1,200.19
2564479,2,46.8
2564479,3,488.38
2564479,4,117
2564479,1,8816.47
2564479,1,3374.22
2564479,2,78.4
2564479,3,1988.47
2564479,4,47.04
2564479,1,1922.55
2564479,2,24.95
2564479,3,591.75
2564479,4,9.98
2564479,5,4749.81
2564479,1,1275.73
2564479,2,688.13
2564479,3,14.7
2564479,4,492.24
2564479,5,4.9
2564479,6,635.83
2564479,7,14.7
2564479,8,99.3
2564479,9,2.45
2564479,10,464.28
2564479,11,9.8
2564479,12,2916.55
2564479,13,54.6
2564479,14,106.51
2564479,15,3.19
2564479,16,323.96
2564479,17,38962.76
2564479,18,887.25
2564479,19,4102.35
2564479,20,97.5
2564479,21,372.96
2564479,22,200.08
2564479,23,1.95
2564479,24,22.45
2564479,25,5628.46
2564479,26,182.88
2564479,27,7970.64
2564479,28,144.3
2564479,29,5386.91
2564479,30,144.55
2564479,31,7970.9
2564479,32,249.6
2564479,33,43388.53
2564479,34,633.6
2564479,35,10716.29
2564479,36,199.8
2564479,37,9664.83
2564479,38,411.6
2564479,39,723.38
2564479,40,28.58
2564479,41,0.55
2564479,42,38.98
2564479,43,0.55
2564479,44,296.82
2564479,45,10.44
2564479,46,248.54
2564479,47,7.83
2564479,48,2100.48
2564479,49,70.47
2564479,50,30.53
2564479,51,0.55
2564479,52,645.55
2564479,53,20.88
2564479,54,331.87
2564479,55,414.85
2564479,56,2357.5
2564479,57,98
2564479,58,99.3
2564479,59,2.45
2564479,1,1135.3
2564479,2,107.52
2564479,3,15791.34
2564479,4,620.8
2564479,1,185.18
2564479,2,7371.86
2564479,3,2542.17
2564479,1,759.25
2564479,1,2412
2564411,1,95744.19
2564428,1,97713.13
2564487,1,110670.71
4538679,1,5695.8
4538679,2,852.2
2564392,1,26705.94
2564489,1,24492.7
2564529,1,130284.17
2615440,1,811.83
2615440,2,811.83
2615440,3,811.83
2615440,4,811.83
2615440,5,811.83
2615440,6,1217.74
2615440,7,405.91
2615440,8,1217.74
2615440,9,1623.65
2615440,10,811.83
2615441,1,494.53
2615441,2,989.07
2615441,3,989.07
2615441,4,494.53
2615441,5,989.07
2615441,6,494.53
2615441,7,989.07
2615441,8,989.07
2615441,9,494.53
2615441,10,494.53
4538700,2,3296.25
4538700,1,1098.75
4538667,1,16767.85
2615449,1,15725
4538727,1,352
4538724,1,6757.34
4538724,1,9625.76
4538733,1,1101.57
4538733,2,1533.29
2564263,1,51675.03
2564263,2,36403.25
2564263,3,1082.23
2615394,1,16721.35
105504512,1,73500
2615375-1,1,16847.32
2615375-1,2,991.02
2615375-1,1,3514.5
2615375-1,2,318.1
2615375-1,3,659.98
2615375-1,1,117.53
2615375-1,2,2735.01
2615375-1,3,698.49
2615375-1,4,153.11
2615375-1,5,165.29
2615375-1,6,114.83
2615375-1,7,34.8
2615375-1,8,16.24
2615375-1,9,26.35
2615375-1,10,162.39
2615375-1,11,2844.65
2615375-1,12,574.15
2615375-1,13,1324.9
2615375-1,14,5033.97
2615375-1,15,2408.53
2615375-1,16,2257.17
2615375-1,17,1830.32
2615375-1,18,198.92
2615375-1,19,1090.31
2615375-1,20,331.73
2615375-1,21,347.39
2615375-1,22,6.96
2615375-1,23,55.68
2615375-1,24,278.38
2615375-1,25,243.58
2615375-1,26,24.01
2615375-1,27,88.15
2615375-1,28,229.66
2615375-1,29,2035.62
2615375-1,30,545.15
2615375-1,31,11.6
2615375-1,32,234.3
2615375-1,33,1313.59
2615375-1,34,481.36
2615375-1,35,1925.43
2615375-1,36,875.72
2615375-1,37,2166.11
2615375-1,38,722.04
2615375-1,39,1444.08
2615375-1,40,454.68
2615375-1,41,27.84
2615375-1,42,23.2
2615375-1,43,66.44
2615375-1,44,6168.93
2615375-1,45,6168.93
2615375-1,46,570.03
2615375-1,47,6415.06
2615375-1,48,570.03
2615375-1,49,16.3
2615375-1,50,1115.13
2615375-1,51,24.39
2615375-1,52,108.66
2615375-1,53,7434.22
2615375-1,54,162.58
2615375-1,55,90.54
2615375-1,56,6195.18
2615375-1,57,135.49
2615375-1,58,12.68
2615375-1,59,867.32
2615375-1,60,18.96
2615375-1,61,30.56
2615375-1,62,563.03
2615375-1,63,137.61
2615375-1,64,106.98
2615375-1,65,1970.59
2615375-1,66,481.64
2615375-1,67,30.56
2615375-1,68,563.03
2615375-1,69,137.61
2615375-1,70,350.27
2615375-1,71,8150.32
2615375-1,72,2081.5
2615375-2,1,10473.9
2615375-2,1,433.8
2615375-2,1,3089.97
2615375-2,1,220.38
2615375-2,1,591.55
2615375-3,1,74813.55
2615375-4,1,96232.82
2615375-4,2,32716.97
4538695,1,1062.84
4538695,1,470.74
4538695,1,635.4
4538695,1,37.34
4538695,1,1927.89
4538695,1,61.01
4538695,2,1231
4538695,3,155.52
4538695,1,186.98
4538695,1,538.5
4538695,1,653.8
4538695,2,405.2
4538695,1,4327.54
4538695,2,4263.57
4538695,1,87.4
4538695,1,1217.5
4538695,1,497.98
4538695,1,693.28
4538695,1,173.31
4538695,2,231.08
4538695,1,3692.48
4538695,1,1422.06
4538695,2,1417.9
2615370,1,21476.71
2615370,1,21809.32
2615370,2,4722.7
2564424,1,53429.61
2564424,1,41307.56
2564424,1,3834.69
2564424,1,40264.21
2564424,1,13148.46
2564424,1,22049.45
2564424,1,8628.05
2564424,1,35334.28
2564465,1,83077.7
2564465,2,5966.34
2564465,3,2022.32
2564499,1,14952.64
2564499,2,1425.62
2564499,3,1043.64
2564499,4,31266.05
2564499,5,288.87
2564499,6,260.48
2564499,7,32.76
2564499,8,99.63
2564421,1,6915.07
2564421,2,6818.01
2564421,1,10387.89
2564421,1,5821.08
4538711,1,377.93
4538711,2,2315.44
4538711,3,1199.29
4538711,4,609.72
4538711,5,50.39
4538711,6,49.13
4538711,7,332.58
4538711,8,59.21
4538711,9,94.49
4538711,10,362.81
4538711,11,705.47
4538711,12,602.16
4538711,13,188.96
4538711,14,176.36
4538711,15,50.39
4538711,16,400.61
4538711,17,274.63
4538711,18,837.74
4538711,19,332.58
4538737,1,16453.52
105504494,1,63790
105504495,1,47136
2564148,1,72070.92
2564148,2,3265.15
2564148,2,72070.92
2564148,3,3265.15
105504499,1,46725
2564156,1,40364.8
2564045,1,60600
2564255,1,20967.09
2564255,1,48795
2564255,1,7371.3
2564255,1,10435.77
2564255,1,9662.72
2564255,1,7406.2
2564255,1,20724.1
2564255,1,14332
2615371,1,65700
2564309,1,96990.44
2564398,1,38568.86
2564447,1,84675.94
2564325,1,60947.12
2564326,1,56467.47
2564306,1,36288
2564306,2,60
2564306,3,32278.56
2564306,4,5326.44
2564306,5,5600
4538626,1,791.12
4538626,1,95.17
4538626,1,179.27
4538626,1,396.3
4538626,1,619.8
4538626,1,14.86
4538626,2,610.51
4538626,1,1217.1
4538626,1,260.25
4538626,1,2109.94
4538626,1,4115.85
4538626,1,4115.85
4538626,1,588.55
4538626,2,338.61
4538626,3,1285.84
4538626,4,1499.44
4538626,1,467.7
4538626,1,722.36
4538694,1,714.69
4538694,2,48.2
4538694,3,3395.01
4538694,4,108.44
4538703,1,2011.48
4538703,2,1929.82
4538682,1,46656
4538682,2,5184
4538682,3,1728
4538720,1,23953.45
4538725,1,4683.96
4538742,1,2895.45
4538742,2,28.26
4538742,3,32613.52
4538742,4,129.48
4538742,5,93.57
4538742,6,2422.34
4538742,7,13.88
4538742,8,1038.14
4538742,9,8681.95
4538742,10,36.16
4538742,11,522.48
4538742,12,0.38
4538742,13,2346.91
4538742,14,27.43
4538742,15,938.76
4538742,16,10.97
4538742,17,5771.92
4538742,18,138.66
4538742,19,5890.5
4538742,20,20.08
4538742,21,2933.38
4538742,22,22.54
4538742,23,2526.89
4538742,24,5.32
4538742,25,1382.92
4538742,26,184.39
4538742,27,931.14
4538742,28,5.96
4538742,29,347.31
4538742,30,1460.96
4538742,31,7.21
4538742,32,250.63
4538742,33,1.96
4538742,34,27.78
4538742,35,1543.95
4538742,36,316.3
4538742,37,0.06
4538742,38,18.19
4538742,39,318.26
4538742,40,167.72
4538742,41,498.86
4538742,42,72.75
4538742,43,40.41
4538742,44,56.58
4538742,45,208.64
4538742,46,22.73
4538742,47,68.2
4538742,48,433.19
4538742,49,547.02
4538742,50,0.47
4538742,51,467.29
4538742,52,198.91
4538742,53,2.27
4538742,54,2.27
4538742,55,101.04
4538742,56,209.65
4538742,57,3.79
4538742,58,6.82
4538742,59,27.28
4538742,60,27.28
4538742,61,15.91
4538742,62,113.67
4538742,63,31.83
4538742,64,27.28
4538742,65,65.17
4538742,66,166.71
4538742,67,11.37
4538742,68,125.03
4538742,69,69.71
4538742,70,2.53
4538742,71,57.59
4538742,72,13.64
4538742,73,50.01
4538742,74,31.83
4538742,75,3.79
4538742,76,54.56
4538742,77,100.03
4538742,78,7.58
4538742,79,63.65
4538742,80,17.43
4538742,81,28.29
4538742,82,96.99
4538742,83,60.62
4538742,84,4.17
4538742,85,27.28
4538742,86,83.35
4538742,87,25.01
4538742,88,50.01
4538742,89,24.75
4538742,90,15.16
4538742,91,85.88
4538742,92,60.62
4538742,93,199.55
2564389,1,78609.41
2564389,2,1725.89
2564389,3,4120.33
2564389,4,34.73
2564389,5,248.25
2564390,1,28082.98
2564260,1,9750.41
2564260,2,7611.81
2564260,1,7594.01
2564260,2,9324.92
2564299,1,30209.56
105504498,1,46365
2564196,1,1237922
2564196,2,17196.6
2564196,3,2462.4
105504500,1,46466
2564407,1,26578.52
2564410,1,37699.2
2564432,1,31000
2564433,1,31000
2564448,1,243230.53
2564524,1,154013.53
2564459,1,63829.46
2564453,1,1458
2564453,2,167.06
2564453,3,2617.31
2564453,4,3080.12
2564453,5,48255.16
2564453,6,263.36
2564453,7,1565.2
2564453,8,2683.2
2564453,9,234.48
2564453,10,241.55
2564453,11,3784.26
2564453,12,676.2
2564453,13,10593.78
2564453,14,676.2
2564453,15,10988.23
2564453,16,1310.65
2564453,17,20533.51
2564453,18,226.68
2564453,19,3551.31
2564453,20,272.02
2564453,21,4261.57
2564453,22,44.55
2564453,23,698.02
2564453,24,1168.43
2564453,25,189.14
2564453,26,2963.18
2564453,27,1030.2
2564453,28,327.6
2564453,29,7862.4
2564453,30,694.31
2564453,31,16663.45
2564453,32,694.31
2564453,33,16663.45
2564453,34,3240
2564453,35,209.99
2564453,36,3289.78
2564453,37,785.71
2564453,38,277.78
2564453,39,4351.9
2564453,40,25.37
2564453,41,337
2564453,42,543.74
2564453,43,327.6
2564453,44,7862.4
2564453,45,426.68
2564453,46,6684.73
4538678,1,7337.46
2564513,1,90259.78
2564513,1,4707.93
2564513,2,76.44
2564513,1,16103.34
2564513,1,95.54
2564513,2,15287.04
4538732,1,3857.75
4538732,2,1816.11
4538732,3,106.45
4538732,4,9.97
4538732,5,1156.43
4538732,6,71.04
4538732,7,691.56
4538732,8,1405.05
4538732,9,5448.33
4538732,10,37.39
4538732,11,338.44
4538732,12,713.33
4538732,13,1540.73
4538732,14,377.22
4538732,15,3162.17
4538706,1,2500.72
2564219,2,98864.64
2564219,1,4119.36
2564219,3,8448
2564441,1,48910.26
2564441,1,7874.89
2564441,1,5269.59
2564441,1,2055.14
2564441,1,31499.56
2564125,1,40691.57
2564249,1,318299.06
2564257,1,318299.06
2564349,1,35814.24
2564333,1,30967.47
2564403,1,10125
4538701,1,274392.3
4538701,2,881.32
4538696,1,15816.4
4538696,2,16946.14
4538696,3,16946.14
2564536,1,2366.05
2564536,2,197.74
2564536,3,12871
2564536,4,379.26
2564536,5,9284.74
2564536,6,231.26
2564536,7,41.5
2564536,8,0.52
2564536,9,165.32
2564536,10,2.61
2564536,11,15.29
2564536,12,54.82
2564536,13,320.26
2564536,14,29.7
2564536,15,10.48
2564536,16,1022.49
2564536,17,23.13
2564536,18,315.76
2564536,19,9.19
2564536,20,618.3
2564536,21,18.82
2564536,22,764.99
2564536,23,29.46
2564536,24,1505.36
2564536,25,72.33
2564536,26,280.3
2564536,27,9.19
2564536,28,1181.34
2564536,29,23.13
2564536,30,75.54
2564536,31,2.31
2564536,32,73.26
2564536,33,7.96
2564536,34,151.09
2564536,35,4.63
2564536,36,1384.22
2564536,37,46.25
2564536,38,3579.12
2564536,39,110.32
2564536,40,1945.08
2564536,41,121.35
2564536,42,597.23
2564536,43,25.54
2564536,44,97.03
2564536,45,3.65
2564536,46,5438.95
2564536,47,1586.01
2564536,48,57.47
2564536,49,291.46
2564536,50,1080.1
2564536,51,35.92
2564536,52,1867.36
2564536,53,60.68
2564536,54,1641.43
2564536,55,27.58
2564536,56,1271.29
2564536,57,31.37
2564536,58,79.15
2564536,1,2986.68
2564536,2,208.64
2564536,3,7959.46
2564536,4,248.32
2564536,5,1188.95
2564536,6,34.92
2564536,7,133.84
2564536,8,498.17
2564536,1,1584.74
2564536,2,38.16
2564536,3,7342.08
2564536,4,166.92
2564536,5,7342.08
2564536,6,166.92
2564536,1,629.4
2564536,2,2531.96
2564536,3,3023.53
2564536,4,1646.15
2564536,5,3596.49
2564536,6,2029.59
2564536,7,884.11
2564536,1,1531.16
2564536,1,449
2564536,2,6.36
2564536,3,3384.61
2564536,4,49.3
2564536,1,16177.44
2564536,2,307.04
2564536,3,6775.97
2564536,4,303.2
2564536,5,1945.31
2564536,6,30.32
2564536,7,119.22
2564536,8,3.89
2564536,9,385.49
2564536,10,11.67
2564536,11,299.34
2564536,12,11.67
2564536,13,366.1
2564536,14,11.67
2564536,15,137.39
2564536,16,11.55
2564536,17,400.4
2564536,18,9.54
2564536,19,800.33
2564536,20,37.9
2564536,21,710.47
2564536,22,24.4
2564536,23,10318.84
2564536,24,144.02
2564536,1,238.99
2564536,2,19.25
2564536,3,1106.87
2564536,4,38.9
2564536,5,724.98
2564536,6,3.89
2564536,1,7649.68
2564536,2,276.9
2564536,1,458.97
2564536,2,6.36
2564536,3,10.15
4538746,1,20804.5
105504493,1,44573
105504492,1,46400
105504509,1,53558
105504510,1,41323
2564288,1,35333.94
2564291,1,35333.94
2564320,1,35333.94
4538691,1,21164.14
2615436,1,15973.44
2564501,1,20234.7
2563935,1,700
2563935,2,2175
2563935,1,608.33
2563935,2,14998.74
2564143,1,30957.99
2564157,1,66555
2564160,1,30957.99
2564165,1,30957.99
2564285,1,47472.04
2564378,1,1266
2564378,2,20023
2564378,3,13586
2564378,4,2495
2564378,5,2865
2564378,6,1680
2564378,7,3700
2564378,8,1188
2564378,9,480
2564397,1,23373
2615403,1,6286.51
2615416,1,4077.85
2564525,1,124431.13
2564585,1,2373.2
2564585,1,5259.29
2564585,1,106.04
2564585,1,29828.02
2564585,1,22090.9
2564585,1,45970.07
2564585,1,7142.72
2564585,2,470.87
2564585,1,6264.25
2564585,1,9940.88
2615452,1,159.11
2615452,2,159.11
2615452,3,159.11
2615452,4,159.11
2615452,5,159.11
2615452,6,159.11
2615452,7,159.11
2615452,8,159.11
2615452,9,159.11
4538666,1,19371.84
4538693,1,2500
4538749,1,2874.91
4538749,2,106.83
4538749,3,21.37
4538749,4,237.4
4538749,5,118.7
4538749,6,178.47
4538749,7,296.75
4538749,8,450.12
4538749,9,83.05
4538749,10,1439.69
4538749,11,4014.52
4538749,12,12.78
4538749,13,221.49
4538749,14,617.62
4538749,15,114.64
4538749,16,1107.63
4538749,17,67.22
4538749,18,736.58
4538749,19,2678.86
4538749,20,68.17
4538749,21,818.38
4538749,22,68.17
4538749,23,250.75
4538749,1,1.42
4538749,2,199.42
4538749,3,21.37
4538750,1,12404.15
4538708,1,6225.28
4538755,1,1436.27
4538705,1,1044.4
4538705,3,97.23
4538705,5,549.9
4538705,2,16362.2
4538705,4,1523.21
4538705,6,8615.16
4538756,1,13382.27
4538756,2,305.5
4538757,1,1613.83
2564563,1,27088.58
2564583,1,72727.56
2564583,2,1412.5
2564583,1,12471.79
2564583,2,39.14
2564583,3,2.46
2564583,4,25.42
2564583,5,0.55
2564583,6,249.35
2564583,7,8.43
2564583,8,524.71
2564583,9,7.84
2564583,10,57.45
2564583,11,192.63
2564583,2,1444.8
2564583,1,1448.21
2564583,3,1762.51
2564583,1,1380.08
2564583,2,1820.58
2564583,3,26974.77
2564583,4,10084.01
2564583,5,10084.01
2564583,1,256.9
2564583,2,19.4
2564584,1,555.75
2564584,2,186
2564584,3,579.25
2564584,1,2836.57
2564584,2,79.75
2564584,3,4656.67
2564584,4,121.22
2564584,1,2836.57
2564584,2,79.75
2564584,1,5217.17
2564584,2,76.96
2564584,1,579.98
2564584,2,138.96
2564584,3,421.5
2564584,4,92.7
2564584,5,43
2564584,6,11.58
2564584,7,49.15
2564584,8,11.58
2564584,1,13014.46
2564584,2,308.1
2564584,1,1945.89
2564584,2,44.46
2564584,1,8722.88
2564584,1,1060.85
2564584,2,25.65
2564584,3,1183.26
2564584,4,39.79
2564584,5,344.79
2564584,6,10.22
2564584,7,1520.21
2564584,8,68.13
2564584,9,131.27
2564584,10,5.56
2564584,11,206.18
2564584,12,6.41
2564584,13,487.8
2564584,14,17.1
2564584,15,2817.26
2564584,16,59.86
2564584,17,104.33
2564584,19,9463.35
2564584,18,3.41
2564584,20,132.62
2564584,21,663.48
2564584,22,19.89
2564584,23,1168.71
2564584,24,37.28
2564584,1,255.46
2564584,2,7.76
2564584,3,2337.59
2564584,4,78.4
2564584,1,4833.41
2564584,2,2558.01
2564584,3,3006.87
2564584,4,318.01
2564584,5,3006.87
2564584,6,5624.13
2564584,7,302.4
2564584,8,302.4
2564584,9,382.83
2564584,10,130.4
2564584,11,1770.43
2564584,12,602.86
2564584,1,3666.82
2564584,2,1423.59
2564584,3,39.2
2564584,4,1900.67
2564584,5,62.72
2564584,6,4400.63
2564584,7,264.26
2564584,8,6.6
2564584,9,3873.17
2564584,10,211.2
2564584,11,91.37
2564584,12,1.96
2564584,1,2716.03
2564584,2,61.5
2564584,3,104.76
2564584,4,1.95
2564584,5,735.35
2564584,6,24.6
2564584,7,213.38
2564584,8,3.9
2564584,9,2079.41
2564584,10,40.95
2564584,11,139.98
2564584,12,1.95
2564584,13,407.05
2564584,14,7.8
2564584,15,151.72
2564584,16,3.9
2564584,17,152.06
2564584,18,1.95
2564584,19,254.72
2564584,20,7.38
2564584,21,2355.53
2564584,22,59.04
2564584,23,548.15
2564584,24,11.76
2564584,36,2107.02
2564584,37,75.87
2564584,38,1508.38
2564584,39,58.8
2564584,40,80.47
2564584,41,2585.99
2564584,42,33.35
2564584,25,12.7
2564584,26,824.68
2564584,27,39.2
2564584,28,297.79
2564584,29,9.8
2564584,30,160.53
2564584,31,4.92
2564584,32,2442.53
2564584,33,99.96
2564584,34,117.01
2564584,35,3.9
2564584,1,541.76
2564584,2,15.26
2564584,3,6751.17
2564584,4,69.44
2564584,5,367.52
2564584,6,4.96
2564584,7,555.45
2564584,8,4.96
2564584,9,346.98
2564584,10,4.96
2564584,11,1334.95
2564584,12,24.8
2564584,13,563.81
2564584,14,4.96
2564584,15,563.81
2564584,18,572.25
2564584,19,403.73
2564584,20,11.72
2564584,17,15062.26
2564584,16,4.96
4538707,1,24808.75
4538734,1,1610.13
4538734,2,1089.52
4538734,3,9982.79
4538734,4,2254.18
4538734,5,3610.71
4538734,6,7513.93
4538734,7,2106.05
4538734,8,45620.28
4538734,9,21736.72
2615450,1,1592.31
2615450,2,1194.23
2615450,3,1990.38
2615450,4,1194.23
2615450,5,796.15
2615450,6,796.15
2615450,7,1194.23
2615450,8,1990.38
2615450,9,1194.23
2615450,10,3184.62
2615450,11,398.08
4538741,1,98.94
4538741,1,131.6
4538741,1,863.39
4538741,1,775.85
4538741,1,912.3
4538741,2,183.86
4538741,3,354.06
4538741,1,4226.23
4538741,2,1679.33
4538741,1,402.5
4538741,1,1324.66
4538741,1,210.5
4538741,1,3096.27
4538741,1,13715.74
4538741,1,470
4538741,1,8910.24
4538741,2,2841.45
4538741,1,230.3
4538743,1,839.68
4538743,2,6035.9
4538759,1,43960.9
4538759,2,48.23
4538759,3,206.62
2564222,1,2500
2564222,2,
2564222,3,
2564222,4,150
2564222,5,60
2564222,6,145
2564222,7,200
2564222,8,240
2564222,9,53
2564222,10,171
2564222,11,6
2564222,12,100
2564222,13,10
2564222,14,27
2564222,15,15
2564222,16,127
2564222,17,60
2564222,18,33
2564222,19,12
2564222,20,17
2564222,21,44
2564222,22,32
2564222,23,48
2564222,24,30
2564222,25,1.2
2564222,26,0.3
2564222,27,6
2564222,1,1600
2564222,2,400
2564222,3,530
2564222,4,90
2564222,5,47
2564222,6,47.62
2564222,7,1
2564222,8,1.38
2564347,1,150920.28
2564315,2,26411.52
2564315,1,1100.48
105504524,1,68787
2564229,1,35924.43
2564323,1,42867.15
2564323,2,2030.42
2564350,1,53000.1
2564535,1,6557.62
2564535,2,107.39
2564535,3,100.33
2564535,4,25.85
2564535,1,288.58
2564535,2,395.12
2564535,3,395.12
2564535,4,515.71
2564535,5,515.71
2564535,6,117.28
2564535,7,2.75
2564535,8,1254.82
2564535,1,508.95
2564535,2,19.55
2564535,1,16427.94
2564535,2,269.57
2564535,1,931
2564535,2,315.18
2564535,1,37633.37
2564535,2,529.6
2564535,3,2596.67
2564535,4,1460.11
2564535,5,3437.98
2564535,6,12171.71
2564535,7,198.68
2564535,8,513.56
2564535,9,309.99
2564535,10,861.94
2564535,11,20.72
2564535,12,861.94
2564535,13,331.36
2564535,14,183.19
2564535,15,10.56
2564535,16,10122.3
2564535,18,1109.83
2564535,19,310.08
2564535,20,16.9
2564535,21,38.21
2564535,22,3.26
2564535,23,188.44
2564535,24,382.82
2564535,25,25.35
2564535,26,224.33
2564535,27,57.06
2564535,28,75.7
2564535,29,5.07
2564535,30,288.89
2564535,31,132.37
2564535,32,6.34
2564535,33,169.35
2564535,34,3.17
2564535,35,4415.39
2564535,36,79.44
2564535,37,91.41
2564535,38,6.62
2564535,39,1052.17
2564535,40,26.48
2564535,41,6048.64
2564535,42,132.4
2564535,43,773.04
2564535,44,803.33
2564535,45,15.56
2564535,46,277.73
2564535,47,15.56
2564535,48,41.64
2564535,49,1424.88
2564535,50,80.1
2564535,51,251.21
2564535,52,7.78
2564535,53,14621.2
2564535,54,244.94
2564535,55,18728.96
2564535,56,357.48
2564535,17,153.4
2564535,1,9057.33
2564535,1,2298.88
2564535,2,39.44
2564535,3,1645.36
2564535,4,30.32
2564535,5,398.94
2564535,6,4.93
2564535,7,3247.81
2564535,8,49.3
2564535,9,7998.28
2564535,10,187.34
2564535,11,4622.67
2564535,12,59.16
2564535,13,1068.31
2564535,14,9.86
2564535,1,4121.98
2564535,2,151.6
2564535,3,361.92
2564535,4,7.78
2564535,5,3363.44
2564535,6,121.28
2564480,1,63474
2564485,1,46473.29
2564548,1,122854.55
2564484-1,1,36212.71
2564484-2,2,8933.42
2564484-2,1,8125.76
2564484-2,1,11652.26
2564484-3,1,19481.39
4538715,1,1129.1
2615438,1,32356.1
2615469,1,15498.34
4538764,1,3147
105504526,1,100575
2564251,1,73482.32
2564251,2,3265.15
2564337,1,33694.53
2564319,1,37853.25
2564316,1,35398.69
2564318,1,35669.42
105504525,1,100575
4538736,1,756
4538736,2,4760
105504546,1,215989.16
2564311,1,26924.6
105504506,1,41450
105504507,1,39917
2615374,1,36715.02
2615374,2,3769.86
2564289,1,35398.69
2564290,1,35398.69
2564526,1,51803.57
2564526,1,52720.46
2564526,1,43925.75
2564526,1,10737.41
2564526,1,27212.2
2564526,1,10737.41
2564526,1,16620.37
2564276,1,58950.83
2564569,1,34649.29
2564569,1,72233.46
2564569,1,69298.58
2564569,1,37454.39
2564570,1,409444.19
2564551,1,328864.92
2564564,1,110163.37
2564564,2,15353.24
2564564,3,14195.72
2564564,4,1276.23
2564564,5,2554.75
2564564,6,10165.72
2564564,7,1416.65
2564564,8,389.76
2564564,9,4664.74
2564564,10,2281.02
2564564,11,2664.86
2564564,12,17978.31
2564564,13,14317.6
2564564,14,7112.74
2564564,15,5175.24
2564471,1,62463.44
2564471,2,749.91
2564471,3,14.3
2564472,1,56212.8
2564473,1,54202.55
2564473,2,1823.5
2564473,3,77.84
2564437,1,95519.08
2564354,1,41487.4
2564491,1,9618.75
4538778,1,3785.92
4538778,2,4443.72
4538778,3,5184.34
4538778,4,141.62
4538778,5,474.61
4538776,1,25901.02
4538776,2,45.2
4538776,3,196.74
4538777,1,515.28
4538775,1,2239.2
4538775,2,9355.06
4538775,3,9.67
4538775,4,5678.07
4538775,5,5.18
4538775,6,2327.81
4538775,7,14.95
4538775,8,198.91
4538775,9,695.63
4538775,10,0.58
4538775,11,1.57
4538775,12,753.98
4538775,13,376.99
4538775,14,367.45
4538775,15,1.33
4538775,16,29.46
4538775,17,0.34
4538775,18,1436.33
4538775,19,12.89
4538775,20,216.56
4538775,21,3.2
4538775,22,1501.92
4538775,23,19.93
4538775,24,502.65
2564597,1,134116.24
2564598,1,36132.38
2564596,1,42055.22
2564596,1,56013.78
2564596,1,52710.9
2564596,1,36618.53
2564596,1,45559.62
2564561,1,110332.1
2615400-3,1,81779.92
2615400-5,1,152052.23
2615400-6,1,5140.68
2615410-2,1,22040.07
2615410-2,1,5441.17
2615410-9,1,42524.76
261541001,1,245.22
261541001,1,39.38
261541001,2,48.08
261541001,3,99.02
261541001,4,435.27
261541001,5,201.32
261541001,1,522.66
261541001,2,1129.85
261541001,3,111.73
261541001,4,270.62
261541001,5,233.37
261541001,6,253.25
261541001,7,383.02
261541001,8,349.87
261541001,9,313.9
261541001,1,58.09
261541001,2,222.94
261541001,3,187.98
261541001,4,76.55
261541001,5,92.75
261541001,6,178.89
261541001,7,389.22
261541001,8,25.92
261541001,9,67.69
261541001,10,440.24
261541001,11,1038.66
261541001,12,593.15
261541001,13,11.13
261541001,14,346.49
261541001,15,259.2
261541001,1,352.37
261541001,2,123.55
261541001,3,159.67
261541001,4,410.48
261541001,5,28.46
261541001,6,366.27
261541001,7,96.43
261541001,8,60.81
261541001,9,22.93
261541001,10,91.73
261541001,11,47.59
261541001,12,161.32
261541001,13,65.4
261541001,14,85.37
261541001,15,26.26
261541001,1,30.51
261541001,2,119.11
261541001,3,11.1
261541001,4,169.34
261541001,5,294.35
261541001,6,850.69
261541001,7,131.28
261541001,8,393.61
261541001,9,691.05
261541001,10,1693
261541001,11,1514.23
261541001,12,595.65
261541001,13,126.53
261541001,14,241.36
261541001,15,233.89
261541001,16,1265.57
261541001,17,1388.29
261541001,18,775.97
261541001,19,313.65
261541001,20,149.11
261541001,21,468.11
261541001,22,534.34
261541001,23,157.64
261541001,24,2137.5
261541001,25,2151.8
261541001,26,362.08
261541001,27,156.85
261541001,28,124.72
261541001,29,389.37
261541001,30,70.72
261541001,31,241.55
261541001,32,137.74
261541001,33,128.65
261541001,34,396.78
261541001,35,79.19
261541001,36,346.38
261541001,37,27.73
261541001,38,109.3
261541001,39,449.52
261541001,40,149.38
261541001,41,93.15
261541001,1,726.67
261541001,2,1301.3
261541001,3,557.7
261541001,4,650.65
261541001,5,510.46
261541001,6,302.47
261541001,7,30.18
261541001,8,31.17
261541001,9,305.05
261541001,10,16.13
261541001,11,12.08
261541001,12,154.12
261541001,13,120.26
261541001,14,38.65
261541001,15,20.49
261541001,16,40.49
261541001,17,207.37
261541001,18,1122.03
261541001,19,106.14
261541001,20,408
261541001,21,337.94
261541001,22,228.23
261541001,23,112.65
261541001,24,23.43
261541001,25,777.47
261541001,26,174.24
261541001,27,120.74
261541001,28,36.82
261541001,29,42.64
261541001,30,106.76
261541001,31,302.47
261541001,32,36.82
261541001,2,613.2
261541001,1,105.6
261541001,2,1560.12
261541001,1,33.6
261541001,2,88.04
261541001,3,96.2
261541001,4,529.32
261541001,1,174.88
261541001,2,287.56
261541001,3,175
261541001,4,758.8
261541001,1,240
261541001,2,17.34
261541001,1,388.85
261541001,2,785.85
261541001,3,40.47
261541001,4,348.9
261541001,5,59.5
261541001,6,514.6
261541001,7,49.99
261541001,8,49.24
261541001,9,377.5
261541001,10,128.35
261541001,11,166.65
261541001,12,116.13
261541001,13,321.48
261541001,14,191.61
261541001,15,16.69
261541001,16,27.89
2615400-4,1,5496.95
2615400-4,2,13231.42
2564571,1,113296.46
2615384,1,27355.08
2615384,1,29630.63
2615384,2,6416.37
2615384,1,9947.82
4538739,1,10973.61
4538713,1,18725.1
4538713,2,470.48
2564778,1,57916.19
2564458,1,6890.05
2564458,2,9918.07
2564458,3,17829.33
2564458,4,4968.08
2564458,5,4649.51
2564141,1,23564.65
2564141,2,1409.4
2564141,3,202
2564141,4,7077.9
2564141,5,40
2564141,6,104.4
2564141,7,1082
2564141,8,353.5
2564141,9,100
2564141,10,6.25
2615387,1,9770
2564451,1,14250.3
2564478,1,56573.49
2564478,2,2682.13
2564478,3,30232.51
2564478,4,28434.73
2564478,5,234.93
2564645,1,13304.97
2564645,2,1322.25
2564645,3,26271.27
2564645,4,21383.45
2615428,1,1147.25
2615428,1,3878.94
2615428,1,4030.72
4538714,1,1654.62
4538738,1,7703.9
4538738,2,129.46
4538738,3,55.48
4538738,4,578.38
4538738,5,55.59
4538738,6,55.58
4538738,7,385.97
4538738,8,385.97
4538738,9,759.87
4538729,1,9766.56
2564420-2,1,18905.73
4538761,1,75600
4538762,1,8922.53
2615451B,1,15334
105504563,1,182369.88
105504564,1,141372
2563892,1,97792.01
2564107,1,19291.39
2564078,1,66797.82
2564262,1,195848.66
2564308,1,65194.67
2564359,1,166536.22
2564409,1,10000
2564446,1,50805.56
2564427,1,14250.3
2564364,1,46721.8
2564385,1,351051.25
2564331,1,79574.76
2564493,1,9282
2564455,1,97713.13
2564550,1,4132.21
2564550,1,25303.82
2564550,1,854.14
2564540,1,243230.53
2564553,1,243230.53
2564519,1,29410.09
2564565,1,27143.42
2564365-1,1,5967.75
2564365-2,2,10573.55
2564365-2,1,32623.16
2564612,1,95744.19
2564635,1,63829.46
2564477,1,18714.89
4538751,1,1676.81
4538751,2,1126.5
4538751,3,3370.88
4538751,4,2714.68
4538751,5,285.62
4538751,6,354.57
4538751,7,347.18
4538751,8,1077.26
4538751,9,467.83
2564420-1,1,43243.73
2615470,1,1488.83
2615470,2,26095.18
2564286,2,123240.96
2564286,1,5135.04
2564286,3,8448
2564371,1,16935.19
2564391,1,161939.96
105504522,1,58500
2564416,1,64871.76
4538773,1,1021.24
4538758,1,2298.06
4538758,2,2.31
4538758,3,0.54
4538758,1,7163.1
4538758,1,20817.36
4538780,1,345.75
4538780,2,531.38
4538780,3,72.04
4538780,6,106.03
4538780,7,2853.36
4538780,8,27.59
4538780,11,10.85
4538780,14,112.74
4538780,15,32.23
4538780,17,1022.59
4538780,18,12.82
4538780,4,408.68
4538780,5,873.43
4538780,9,1887.72
4538780,10,41.28
4538780,12,333.57
4538780,13,525.81
4538780,16,311.48
4538780,19,2135.66
4538780,20,139.82
4538780,1,70.85
2564488,1,8164.23
4538752,1,1510.15
4538760,1,2868.36
2615471,1,910.27
2615471,2,455.14
2615471,3,455.14
2615471,4,455.14
2615471,5,455.14
2615471,6,910.27
2615471,7,910.27
2615471,8,910.27
2615471,9,910.27
2615471,10,910.27
2615471,11,455.14
2615471,12,1820.55
2615471,13,455.14
4538781,1,1037.53
4538781,2,1918.42
4538781,3,1
4538781,4,2
4538781,5,544.4
4538781,6,1842.75
4538781,7,221.1
4538781,8,8978
4538781,10,2065
4538781,12,405.6
4538781,13,362.18
4538781,9,368.55
2615376,1,12220.2
2615376,2,45098.5
2615376,3,11000
2564379,1,51750
2564380,1,51750
2564381,1,51750
2564382,1,51750
2615346,1,29321.5
2564220,1,13211.38
2564369,1,105913.9
2564292,1,100044
2564429,1,10320
2564492,1,20250
2564376,1,6486.48
2564376,2,11793.6
2564376,3,357.28
2564376,4,216.92
2564376,5,225
2564376,6,119.7
2564376,7,67.69
2564376,8,128.71
2564686,1,5793.81
2564686,2,55413.02
2564330,1,46514.57
2615474,1,79435.99
2615475,1,7308.25
2615475,1,14426.9
2615472,1,15498.34
105504504,1,62995
2564400,1,24569.95
2564400,2,15222.38
2564339,1,56690.76
2564340,1,52554.29
2564351,1,56690.76
2564352,1,52955.57
2564355,1,56690.76
2564384,1,56690.76
2615457,1,3526.74
2615457,2,23077.56
2615457,3,1119.6
2615457,4,1091.2
2615457,5,6358.46
105504547,1,215870
105504547,1,215870
105504547,1,215870
105504547,1,215870
4538747,1,87945.15
4538719,1,165
4538719,2,25408.8
4538719,3,60.85
2564690,1,73280
2615473,1,15211.45
2615473,2,405.64
2615473,3,405.64
2615473,4,405.64
2615473,5,405.64
4538779,1,44246.66
4538767,1,2141.47
4538767,2,2141.47
4538791,1,35229.91
4538791,2,95.5
4538791,3,188.6
4538792,1,35656.23
4538792,2,73.89
4538792,3,497.46
4538793,1,2462.59
4538793,2,0.14
4538793,3,3438.57
4538793,4,5.48
4538793,5,2290.55
4538793,6,5.48
4538793,7,2555.08
4538793,8,2.37
4538793,9,3015.91
4538793,10,146.82
4538793,11,2064.84
4538793,12,6.39
4538793,13,576.76
4538793,14,0.1
4538793,16,12.63
4538793,17,400.19
4538793,18,3.95
4538793,19,6264.21
4538793,20,58.1
4538793,21,200.49
4538793,22,505.52
4538793,23,0.93
4538793,24,2811.57
4538793,25,115.94
4538793,26,377.49
4538793,27,1.39
4538793,28,137.35
4538793,29,200.09
4538793,30,1.98
4538793,31,858.45
4538793,32,9.83
4538793,33,1130.97
4538793,34,171.76
4538793,35,1174.54
4538793,36,663.05
4538793,37,1431.72
4538793,38,0.52
4538793,39,6.9
4538793,15,2.83
4538796,1,15739.5
2564324,1,107352.33
105504505,1,66500
105504508,1,44050
2564367,1,59207.22
2564334,1,47430.31
2564434,1,47430.31
4538784,1,86.68
4538784,2,2853.27
4538784,3,1187.06
4538784,4,2301.88
4538784,5,984.8
4538784,6,1264.11
4538784,7,260.04
4538784,8,680.21
4538784,9,408.13
4538784,10,523.7
4538784,11,48.15
4538784,12,187.81
4538784,13,192.63
4538784,14,267.27
4538784,15,33.71
4538784,16,640.48
4538784,17,349.13
4538784,18,479.15
4538784,19,575.47
4538784,20,939.05
4538784,21,180.59
4538784,22,628.44
4538784,23,530.92
4538784,24,168.54
4538785,1,214.66
4538785,1,881.25
4538785,1,946.16
4538785,2,30.54
4538785,3,5701.27
4538785,1,2144.34
4538785,2,271.69
4538785,1,4168.06
4538785,1,1303.85
4538785,1,153.17
4538785,1,1307.07
4538785,1,655.65
4538785,1,1971.48
4538785,2,273.83
4538785,1,9072.45
4538785,1,224.96
4538785,1,109.69
4538785,1,346.66
4538800,1,159201.96
4538807,1,1550
4538804,1,8949.98
4538801,1,159770.45
2564096,1,17000
2615388,1,73752.74
2615388,2,39976
2615388,3,28792.3
2615391,1,20563.84
2615391,2,747.78
2615391,3,4.4
105504521,1,61150
2564482,1,2460
105504529,1,84315
2564658,1,64648.02
2564658,1,29247.69
2564658,1,52979.18
2564658,1,44972.54
2615454,1,22030.34
2615454,1,22371.52
2615454,2,4844.44
2615454,1,10014.31
2564572,1,96449.4
2564674,1,53100.95
2564674,1,60612.34
2564674,1,44858.57
2564674,1,28467.47
2564674,1,20650.37
2564674,1,40317.39
2564674,1,10799.28
4538769,1,1.35
4538769,2,1.35
4538769,3,14.83
4538769,4,94.37
4538769,5,80.89
4538769,6,40.44
4538769,7,188.73
4538769,8,33.7
4538769,9,106.5
4538769,10,12.13
4538769,11,32.35
4538769,12,2.83
4538769,13,8.76
4538769,14,20.22
4538769,15,20.22
4538769,16,9.44
4538769,17,275.01
4538769,18,6.74
2564413,1,54793.25
4538808,1,14302.64
2564317,1,8887.2
2564317,2,690
2564317,3,94.14
2564317,4,72.6
2564317,5,87.36
2564317,6,1413.72
2564317,7,103.92
2564317,8,157.44
2564317,9,1540.5
2564317,10,6843.42
2564317,11,132
2564317,12,909
2564317,13,3876.6
2564317,14,38596.84
2564418,1,95600
2615397,1,4300.1
2615397,2,8287.2
2615397,3,12340.43
2615397,4,1083.15
2615397,5,10126.53
2615397,7,43567.62
2615397,8,1196.32
2615397,9,22080.47
2615397,10,766.98
2615397,11,18.9
2564541,1,17261.57
2564541,2,34.67
2564541,3,442.12
2564542,1,819
2564542,2,14380.21
2564543,1,36310.37
2564545,1,45202.14
2564545,2,10773.74
2564545,3,1363.32
2564545,4,7505.84
2564586,1,164248.22
2564587,1,164248.22
2564602,1,140855.97
2564616,1,164248.22
2564617,1,164248.22
2564649,1,164248.22
4538782,1,18820.62
4538782,2,472.88
4538810,1,455
4538810,1,2150.95
4538810,2,1323.66
4538810,3,203.98
4538810,1,537.8
4538810,1,138.65
4538810,2,2275
4538810,3,800
4538810,4,123.28
4538820,1,16800
2615494,1,5969
4538821,1,19646.81
2564327,2,72070.92
2564327,3,3265.15
2564327,2,72070.92
2564327,3,3265.15
2564327,2,72070.92
2564327,3,3265.15
2564327,2,72070.92
2564327,3,3265.15
2564327,2,72070.92
2564327,3,3265.15
2564386,1,5133.6
2564386,2,4938.3
2564386,3,2236.96
2564386,4,4195.84
2564386,5,827.64
2564386,6,4238.46
2564386,7,14861.34
2564386,8,660.15
2564386,9,774
2564386,10,1098
2564387,1,50220
2564394,1,100196.73
2564430,1,42676.67
2564445,1,32515.56
2615390,1,16140
2564462,1,42676.67
2564537,1,3635.26
2564537,2,7615.77
2564537,1,12106.73
2564537,2,10481.81
2564537,1,6889.42
2564537,2,10481.81
2564528,1,40032.34
2564528,2,3806.69
2564528,3,9746.29
2564528,4,6313.38
2564528,5,29746.71
2564592,1,132065.01
2564567,1,129320.58
2564694,1,75330.75
2564694,2,727.68
2564694,3,6157.78
2615396,1,379.2
2615396,2,4016.55
2564631,1,47430.31
2564502,1,3987.61
2564502,1,16973.56
2564574,1,9878.43
2564574,1,14099.87
2564574,1,5974.43
2564633,1,8614.86
2564698,1,92775.38
2615456,1,21200
2564481,1,144400
105504538,1,2700
105504538,2,3400
105504538,3,2500
105504538,4,2800
105504538,5,2200
105504538,6,3000
105504538,7,3000
105504538,8,3300
105504538,9,2600
105504538,10,3600
105504538,11,3000
105504538,12,2200
105504538,13,3500
2564664,1,128251.82
2564510,1,66797.82
2564521,1,66797.82
2564608,1,18849.6
2615444,1,1155.12
2564803,1,129561.74
4538806,1,133848.68
4538806,2,10758.02
4538806,3,28431.91
4538806,4,92.21
4538806,5,153.69
4538806,6,10158.64
4538806,1,276.63
4538806,2,1690.55
4538794,1,185.49
4538794,2,116.19
4538794,3,377.36
4538794,4,281.42
4538794,5,78.03
4538794,6,117.39
4538794,7,24.26
4538794,8,24.77
4538794,9,82.56
4538794,10,260.46
4538794,11,720.67
4538794,12,168.82
4538794,13,2158.28
4538794,14,127.2
4538794,15,29.63
4538794,16,199.77
4538794,17,500.78
4538794,18,781.95
4538794,19,227.14
4538794,20,23.83
4538794,21,1059.72
4538794,22,68.73
4538816,1,10171.83
4538814,1,1546.32
4538814,2,3.06
4538814,5,9.58
4538814,8,195.96
4538814,11,40.19
4538814,12,23.64
4538814,13,13
4538814,14,21.28
4538814,15,115.86
4538814,16,47.29
4538814,17,2.36
4538814,18,10.64
4538814,19,39.72
4538814,20,107.11
4538814,21,1.42
4538814,22,39.01
4538814,23,513.07
4538814,24,46.73
4538814,27,71.88
4538814,30,3.06
4538814,3,56.4
4538814,4,13.78
4538814,6,223.01
4538814,7,56.96
4538814,9,3609.71
4538814,10,882.28
4538814,25,860.77
4538814,26,210.38
4538814,28,1672.55
4538814,29,427.15
4538814,31,56.4
4538814,32,13.78
4538814,1,386.66
4538814,2,1595.72
4538814,3,533.34
4538814,1,1737.36
4538814,2,1716.55
2564464,1,10784
2564464,2,19630.8
2564464,3,14320.8
2564562,1,106313.85
2564562,2,12846.57
2564562,3,6269.94
2564562,4,37377.65
2564466,1,51750
2564467,1,51750
2564490,1,10125
2564310,1,40691.57
2564370,1,240067.33
2564539,1,162855.21
2564468,1,51750
2564469,1,51750
2564366,1,61872.1
2564368,1,64272.46
2564710,1,1897.37
2564710,2,6169.16
2564710,3,248.57
2564710,4,1263.16
2564710,1,42013.51
2564710,2,689.52
2564710,3,363.96
2564710,4,7.8
2564710,1,2300.44
2564710,2,68.2
2564710,3,151.55
2564710,4,4354.61
2564710,5,7457.02
2564710,6,272.8
2564710,7,10667.46
2564710,8,9321.28
2564710,9,341
2564710,10,857.01
2564710,11,16.35
2564710,12,831.21
2564710,13,16.35
2564710,14,1840.37
2564710,15,68.2
2564710,16,2044.27
2564710,17,98.1
2564710,18,301.7
2564710,19,6.54
2564710,20,787.8
2564710,21,599.33
2564710,22,33.33
2564710,23,314.14
2564710,24,17.8
2564710,25,23013.04
2564710,1,3827.52
2564710,2,140.4
2564710,3,33312.51
2564710,4,632.16
2564710,5,1392.05
2564710,6,46.8
2564710,7,556.66
2564710,8,7.8
2564687,1,673805.15
2564687,1,517766.07
2564687,1,480368.27
2564687,1,183765.04
2564687,1,773747.55
2564661,1,22240.91
2564661,2,19282.98
2564661,3,11190.63
2564665,1,38086
2564628,1,20296.27
2564393,1,7920.75
2564393,2,9317.79
2564393,3,32537.8
2564741,1,16116.18
2564741,2,264.93
2564741,1,5362.72
2564741,2,169.18
2564741,3,858.06
2564741,4,2000.08
2564741,1,6209.74
2564741,2,60
2564741,3,3214.49
2564741,4,45
2564741,5,4867.88
2564741,6,75
2564741,7,650.9
2564741,8,15.38
2564741,9,3584.89
2564741,10,30
2564741,11,9283.71
2564741,12,369.12
2564741,13,3026.97
2564741,14,50
2564741,15,13793.75
2564741,16,194.7
2564741,17,2073.73
2564741,18,50
2564741,19,9033.37
2564741,20,150
2564741,21,27587.49
2564741,22,389.4
2564741,23,9863.54
2564741,24,125
2564741,25,729.95
2564741,26,27.65
2564741,1,23471.03
2564741,1,5253.15
2564741,2,130
2564741,3,7523.41
2564741,4,169.36
2564741,5,18277.98
2564741,6,321.04
2564741,1,15936.53
2564741,2,338.87
2564741,3,10850.41
2564741,4,230.72
2564741,5,594.79
2564741,6,15.38
2564741,7,4526.02
2564741,8,144.2
2564741,9,149.97
2564741,10,6.44
2564741,11,609.5
2564741,12,35.23
2564741,13,1629.44
2564741,14,76.9
2564826,1,3558.25
2564826,2,96.9
2564826,1,4989.82
2564826,2,116.28
2564826,1,5126.43
2564826,2,75.3
2564826,1,1485.81
2564826,2,48.45
2564826,1,7465.88
2564826,2,209.95
2564826,1,5483.58
2564826,2,214.81
2564826,3,171.78
2564826,4,45.57
2564826,5,155.92
2564826,6,58.4
2564826,7,3946.13
2564826,8,81.69
2564826,1,6251.13
2564826,2,163
2564826,1,5000.88
2564826,2,130.4
2564826,1,1052.18
2564826,2,39.9
2564826,3,219.75
2564826,4,56.88
2564826,5,91.18
2564826,6,37.92
2564826,7,44.66
2564826,8,11.88
2564826,1,11385.9
2564826,2,472.8
2564826,3,2460.64
2564826,4,67.2
2564826,5,29.04
2564826,6,1.12
2564826,7,0.73
2564826,8,156.92
2564826,9,9.96
2564826,10,912.29
2564826,11,19.76
2564826,12,260.52
2564826,13,9.88
2564826,1,1018.94
2564826,2,1296.12
2564826,1,6608.01
2564826,2,4847.01
2564826,3,234.65
2564826,4,503.7
2564826,5,215.31
2564826,6,5.04
2564826,7,525.81
2564826,8,212.93
2564826,9,65.77
2564826,10,124.16
2564826,11,2.47
2564826,12,12605.32
2564826,13,256.1
2564826,14,6357.12
2564826,15,51.22
2564826,16,1842.95
2564826,17,37.05
2564826,18,1532.68
2564826,19,53.19
2564826,20,3279.36
2564826,21,24.7
2564826,22,709.05
2564826,23,14.82
2564826,24,178.04
2564826,25,3.94
2564826,26,2606.46
2564826,27,82.74
2564826,28,1368.08
2564826,29,33.6
2564826,30,84.74
2564826,31,3418.98
2564826,32,40.32
2564826,33,13283.46
2564826,34,403.2
2564826,35,197.07
2564826,36,15.5
2564826,37,3497.53
2564826,38,60.48
2564826,39,163.02
2564826,40,6019
2564826,41,228.48
2564826,42,1858.13
2564826,43,25
2564826,44,160.73
2564826,45,1955.54
2564826,46,80.5
2564826,1,11285.11
2564826,2,254.04
2564826,1,1119.98
2564826,2,30.76
2564826,3,3936.29
2564826,4,115.35
2564826,1,3655.89
2564826,2,158
2564826,1,53.88
2564826,2,3.91
2564826,3,141.69
2564826,4,3.91
2564826,5,159.1
2564826,6,3.22
2564826,7,93.08
2564826,8,5.42
2564826,9,248.76
2564826,10,5
2564826,11,14555.96
2564826,12,553.68
2564826,13,1480.92
2564826,14,20
2564826,15,4734.51
2564826,16,60
2564826,17,729.79
2564826,18,15.38
2564826,19,1021.15
2564826,20,10
2564826,21,1152.98
2564826,22,20
2564739,1,739888.07
2564739,2,1620
4538786,1,22950
4538790,1,814.08
4538790,2,1872.6
4538787,1,6.22
4538787,2,232.53
4538787,3,19.82
2615489,1,1256.84
2615489,2,1256.84
2615489,3,418.95
2615489,4,1636.08
2615489,5,1090.72
2615489,6,837.89
2615489,7,837.89
2564702,1,572.17
2564702,1,10838.84
2564702,1,11441
2564702,1,147075.94
2564703,1,147075.94
2564703,1,22882
105504567,1,236440
2615492,1,67702.9
2615493,1,12247.1
4538726,1,15238.56
2615507,1,18221.02
105504527,1,48500
2564423,1,267.13
2564423,2,3549.06
2564423,3,267.13
2564423,4,3549.06
2564423,5,545.28
2564423,6,7244.36
2564423,7,545.27
2564423,8,7244.35
2564423,9,734.4
2564423,10,9756.99
2564423,11,734.4
2564423,12,9756.99
2564423,13,993.38
2564423,14,993.38
2564423,15,963.58
2564423,16,963.58
2564423,17,983.42
2564423,18,983.42
2564423,19,4966.88
2564423,20,4966.88
2564423,21,995.76
2564423,22,995.76
2564423,23,1005.79
2564423,24,1005.79
2564423,25,1142.38
2564423,26,1142.38
2564423,27,4523.9
2564423,28,4523.9
2564423,29,3427.15
2564423,30,3427.15
2564423,31,256.03
2564423,32,2944.37
2564423,33,438.3
105504530,1,62965
2564785,1,32062.95
4538802,1,242.05
4538802,2,732.09
4538802,3,707.36
4538802,4,493.69
4538802,5,4891.5
4538802,6,1288.86
4538802,7,820.47
4538802,8,542.24
4538802,9,91.84
4538802,10,372.57
4538802,11,131.7
4538802,12,140.01
4538802,13,695.3
4538802,14,2543.42
4538802,15,9198.82
4538802,16,929.05
4538802,17,123.4
4538802,18,866.16
4538802,19,7408.64
4538802,20,5965.82
4538802,21,709.78
4538802,22,432.49
4538802,23,2996.26
4538802,24,94.33
4538802,25,2855.82
4538802,26,989.61
4538802,27,3580.46
4538802,28,593.26
4538802,29,193
2615506,1,37440
2615506,2,360
4538822,1,22190.46
4538822,2,7797.69
4538822,3,5585.03
4538822,4,445.94
4538828,1,1402.58
4538828,2,2.45
4538828,3,2129.35
4538828,4,7.55
4538828,5,1331.99
4538828,6,3.57
4538828,7,17997.07
4538828,8,18.84
4538828,9,1033.49
4538828,10,8.44
4538828,11,7460.97
4538828,12,21.98
4538828,13,3730.49
4538828,14,10.99
4538828,15,276.58
4538828,16,1098.03
4538828,17,0.73
4538828,18,377.49
4538828,19,1.39
4538828,20,391.2
4538828,21,251.33
4538828,22,367.49
4538828,23,1.29
4538828,24,2058.6
4538828,25,687.36
4538828,26,11.05
4538828,27,746.64
4538828,28,2.6
4538828,29,45.47
4538828,30,75.78
4538828,31,50.52
4538828,32,35.36
4538828,33,161.66
4538828,34,183.13
4538828,35,22.73
4538828,36,159.47
4538828,37,37.55
4538833,1,5680.86
4538833,2,117.64
4538833,3,77.17
4538833,4,955.1
4538833,5,1677.75
4538833,6,3761.79
4538838,1,9768.65
4538838,2,251.5
4538838,3,3994.44
4538838,4,284.91
2564356,1,62861.1
2564356,2,45520.1
2564356,3,6336
2563959,1,178431.28
2564312,1,27047.84
2564404,1,26488.24
2564417,1,45687.6
2564476,1,20139.7
105504532,1,57689
2564295,1,10319.33
2564549,1,9.72
2564549,2,238.14
2564549,3,156.24
2564549,4,26287.38
2564549,5,279.59
2564549,6,5258.59
2564549,9,3166.1
2564549,10,1899.66
2564549,11,2182.4
2564549,12,615.6
2564549,13,2035.35
2564549,14,5065.76
2564549,15,6414.72
2564549,16,842.52
2564549,17,18560.7
2564549,7,198.4
2564549,8,646.4
105504535,1,76570
105504537,1,52774
2564643,1,24501.46
2564711,1,55.68
2564711,2,23.46
2564711,3,0.55
2564711,4,243.13
2564711,5,2.93
2564711,6,129.68
2564711,7,35.1
2564711,8,148.25
2564711,9,35.1
2564711,10,380.84
2564711,11,81.9
2564711,12,2.26
2564711,13,84.83
2564711,14,18.66
2564711,1,237.55
2564711,2,46.8
2564711,1,1529.18
2564711,2,41.73
2564711,1,6124.02
2564711,2,74.34
2564711,3,3713.38
2564711,4,76.74
2564711,1,51.06
2564711,2,2.24
2564711,3,2689.13
2564711,4,68.2
2564711,5,9.61
2564711,6,350.94
2564711,7,229.08
2564711,8,463.43
2564711,9,19.8
2564711,10,101.96
2564711,11,3.27
2564711,12,161.3
2564711,13,1237.34
2564711,14,45.78
2564711,15,672.21
2564711,16,13.08
2564711,17,297.43
2564711,18,6.54
2564711,19,430.8
2564711,20,5.07
2564711,21,423.17
2564711,22,5.07
2564711,23,830.63
2564711,24,32.4
2564711,25,641.76
2564711,26,29.4
2564711,27,0.56
2564711,28,40.07
2564711,29,0.56
2564711,30,305.06
2564711,31,10.8
2564711,32,31.39
2564711,33,0.56
2564711,34,663.49
2564711,35,21.6
2564711,36,743.63
2564711,37,319.17
2564711,38,17.85
2564711,39,16.61
2564711,40,188.7
2564711,41,10.8
2564711,42,609.08
2564711,43,319.17
2564711,44,17.85
2564711,45,16.61
2564711,46,188.7
2564711,47,10.8
2564711,48,609.08
2564711,49,25.99
2564711,50,0.56
2564711,51,138.45
2564711,52,5.4
2564711,53,255.44
2564711,54,8.1
2564711,55,641.76
2564711,56,743.63
2564711,57,29.4
2564711,58,0.56
2564711,59,40.07
2564711,60,0.56
2564711,61,305.06
2564711,62,10.8
2564711,63,31.39
2564711,64,0.56
2564711,65,663.49
2564711,66,21.6
2564711,67,430.8
2564711,68,5.07
2564711,69,1000.45
2564711,70,1089.79
2564711,71,514.91
2564711,72,22.59
2564711,73,980.6
2564711,74,20.08
2564711,75,283.95
2564711,76,612.54
2564711,77,15.06
2564711,78,490.78
2564711,79,12.55
2564711,80,268.69
2564711,81,10.04
2564711,82,517.78
2564711,83,17.57
2564711,84,852.52
2564711,85,423.17
2564711,86,5.07
2564711,87,292.71
2564711,88,5.07
2564711,89,456.14
2564711,90,1505.48
2564711,91,91.25
2564711,92,81.03
2564711,93,1145.12
2564711,94,104.4
2564711,95,1374.05
2564711,96,936.4
2564711,97,26.16
2564711,98,1767.63
2564711,99,65.4
2564711,100,3833.93
2564711,101,136.4
2564711,102,3647.04
2564711,103,2612.63
2564711,104,100.8
2564711,105,454.12
2564711,1,11543.48
2564711,2,480
2564711,3,692.52
2564711,4,20.88
2564711,5,245.85
2564711,6,1351.38
2564711,7,111.36
2564711,8,305.33
2564711,9,12
2564711,10,1748.3
2564711,11,53.76
2564711,12,467.08
2564711,13,10
2564711,14,322.82
2564711,15,8
2564711,16,1762.07
2564711,17,48
2564711,18,1490.08
2564711,19,9325.36
2564711,1,208.36
2564711,2,6861.54
2564711,1,1722.18
2564711,2,70.54
2564711,3,3656.08
2564711,1,323.63
2564711,2,5.07
2564711,3,58.29
2564711,4,3.96
2564711,5,258.92
2564711,6,19.8
2564711,7,5161.88
2564711,8,65.91
2564711,9,878.13
2564711,10,15.21
2564711,11,3254.43
2564711,12,50.7
2564711,13,52.73
2564711,14,3.96
2564711,15,76
2564711,16,3.96
2564711,17,70.57
2564711,18,3.96
2564711,19,60.21
2564711,20,3.96
2564711,21,69.73
2564711,22,3.96
2564711,23,77.6
2564711,24,3.96
2564711,25,74.03
2564711,26,3.96
2564711,27,61.04
2564711,28,3.96
2564711,29,261.97
2564711,30,19.8
2564711,31,89.64
2564711,32,3.27
2564711,33,838.82
2564711,34,9.81
2564711,35,823.38
2564711,36,16.35
2564711,37,99.08
2564711,38,3.96
2564711,39,103.36
2564711,40,3.27
2564711,41,255.75
2564711,42,6.54
2564711,43,633.82
2564711,44,18.18
2564711,45,2661.19
2564711,46,2752.95
2564711,47,328.05
2564711,48,7.8
2564711,49,3859.9
2564711,50,30.42
2564711,51,889
2564711,52,10.14
2564711,53,6771.94
2564711,54,111.54
2564711,55,202.36
2564711,56,5.07
2564711,1,94.07
2564711,2,6.06
2564711,1,323.07
2564711,2,12.03
2564609,1,208.88
2564609,2,3272.44
2564609,3,2571.4
2564609,4,1118
2564609,5,3399.96
2564609,6,117.24
2564609,7,8227.2
2564609,8,48.61
2564609,9,761.6
2564609,10,48.6
2564609,11,761.6
2564609,12,8.1
2564609,13,126.93
2564609,14,73.81
2564609,15,1156.44
2564609,16,113.41
2564609,17,1776.8
2564609,18,217.04
2564609,19,3400.41
2564609,20,217.04
2564609,21,3400.41
2564609,22,166.92
2564609,23,73.91
2564609,24,1158
2564609,25,209.98
2564609,26,3289.78
2564609,27,785.71
2564609,28,30.09
2564609,29,471.38
2564609,30,240.52
2564609,31,3768.19
2564609,32,155.89
2564609,33,2442.36
2564609,34,371.96
2564609,35,5827.41
2564609,36,502.89
2564609,37,7878.6
2564609,38,352.9
2564609,39,5528.76
2564609,40,211.81
2564609,41,3318.39
2564609,42,240.52
2564609,43,3768.19
2564609,44,159.68
2564609,45,2501.69
2564609,46,287.12
2564609,47,4498.29
2564609,48,82.66
2564609,49,1295.1
2564609,50,4664.8
2564609,51,578.56
2564609,52,281.3
2564609,53,6751.18
2564609,54,281.3
2564609,55,6751.18
2564609,56,63.16
2564609,57,989.61
2564609,58,4439.96
2564609,59,18239.04
2564609,60,181.53
2564609,61,2843.94
2564609,62,211.78
2564609,63,3317.86
2564609,64,7089.12
2564609,65,7089.12
2564609,66,99.1
2564609,67,2378.42
2564609,68,48.58
2564609,69,777.37
2564609,70,888.87
2564609,71,24.38
2564609,72,381.93
2564609,73,4515.36
2564609,74,4515.36
2564609,75,2.43
2564609,76,58.28
2564609,77,1958.4
2564609,78,1958.4
2564609,79,47.91
2564609,80,750.62
2564609,81,475.58
2564609,82,7434.8
2564609,83,2949.28
2564609,84,70.12
2564609,85,806.47
2564609,86,333.36
2564609,87,215.4
2564609,88,215.4
2564609,89,9463.9
2564609,90,1131.9
2564609,91,182.02
2564609,92,4368.38
2564610,1,274.95
2564610,2,4307.58
2564610,3,2198.54
2564610,4,421.95
2564610,5,10126.77
2564610,6,421.95
2564610,7,10126.77
2564610,8,703.25
2564610,9,16877.95
2564610,10,703.25
2564610,11,16877.95
2564610,12,224.03
2564610,13,2576.32
2564610,14,452.48
2564610,15,2.51
2564610,16,39.3
2564610,17,83.86
2564610,18,1313.78
2564610,19,24.24
2564610,20,426.8
2564610,21,44.55
2564610,22,698.02
2564610,23,26.12
2564610,24,409.27
2564610,25,183.33
2564610,26,574.25
2564610,27,8996.57
2564610,28,1376.6
2564610,29,24.97
2564610,30,391.15
2564610,31,11.64
2564610,32,182.37
2564610,33,75.82
2564610,34,1187.89
2564610,35,2949.28
2564610,36,963.95
2564610,37,16.07
2564610,38,251.75
2564457,1,34998.9
4538811,1,10935
4538818,1,2675.11
4538818,2,1711.72
4538818,3,2102.38
4538818,4,2496.77
4538818,5,2196.65
4538818,6,905.32
4538817,1,213.98
4538817,2,2882.79
4538817,3,6716.61
4538817,4,2912.51
4538817,5,624.11
4538824,1,468.66
4538842,1,13508.5
2564296,1,43248
2615398,1,9828
2615402,1,79350.42
2615402,2,25466.8
2615392,1,82800.87
2564483,7,1519.84
2564483,8,2508.47
2564483,1,408.49
2564483,2,939.09
2564483,3,687.56
2564483,4,795.48
2564483,5,3278.24
2564483,6,582.04
2564483,1,26737.83
2564483,1,894.6
2564483,1,4816.69
2564483,2,4078.65
2564483,3,1206.76
2564483,4,1636.64
2564483,5,1677.37
2564483,6,2024.61
2564483,7,1906.9
2564483,8,747.51
2564483,9,2794.67
2564483,10,2478.97
2564483,11,757.76
2564483,12,610.91
2564483,14,579.13
2564483,15,1202.41
2564483,16,803.02
2564483,17,747.51
2564483,18,1413.65
2564483,13,768.06
2564483,1,38.84
2564483,1,2975.12
2564483,2,900.48
2564483,4,327.46
2564483,5,1061.51
2564483,3,496.15
2564483,6,1745.05
2564483,7,1237.96
105504533,1,50505
2564475,1,895
2564443,1,30957.99
2564599,1,6765.52
2564599,2,16032.25
2564599,3,40935.38
2564615,1,8705.84
2564615,2,15561.39
2564615,3,13616.22
2564615,1,85950.02
2564615,1,6753.22
4538768,1,14470.13
4538768,2,472.88
4538823,1,9842.49
4538823,2,377.88
4538823,3,706.15
4538823,4,1647.31
4538823,6,153.52
4538823,7,524.3
4538823,8,1367.44
4538823,9,1486.7
4538823,10,155.87
4538823,11,90.92
4538823,12,311.74
4538823,13,259.79
4538823,14,153.52
4538823,15,177.13
4538823,16,177.13
4538823,5,798.27
105504569,1,589500
105504569,1,589500
105504569,1,589500
4538831,1,4154.76
2564297,1,20638.66
2564515,1,47822.15
105504531,1,67095
2564456,1,18580.59
2564518,1,47822.15
2564578,1,42676.67
2564582,1,33870.38
4538672,1,1776.2
2564577,1,95744.19
2564652,1,18809.4
2564685,1,49266
2564685,3,168
2564685,4,112
2564685,5,384
2564685,7,453.6
2564685,8,302.4
2564685,9,1036.8
2564685,10,94997
2564685,11,1553.58
2564685,14,2306.88
2564685,12,1035.72
2564685,2,368
2564685,6,1123.2
2564685,13,2499.12
4538829,1,8167.34
4538832,1,80.09
4538832,2,353.21
4538832,3,2258.19
4538832,4,96.7
4538825,1,5907.24
4538834,1,4024
4538834,1,601.19
4538834,1,104.45
4538834,1,8618.62
4538834,1,7097.3
4538834,1,1852.32
4538834,1,816.27
4538834,1,9593.06
4538834,1,7674.82
4538834,1,1173.78
4538834,1,689.4
4538847,1,630
4538847,2,4480
4538861,1,468.5
4538860,1,7579.48
4538864,1,13638.38
2565049,1,6636.24
2565049,2,2657.55
2565050,1,2650.94
2565050,2,8465.92
2565050,3,2573.6
2565050,4,1596
2565050,5,1760
4538865,1,19013.6
4538805,1,7981.8
2615481,1,5613.15
2615481,2,5925
2615481,3,4521.71
2615476,1,7737.37
2564889,1,11172.76
2564889,2,443.27
2564889,1,397.24
2564889,2,787.31
2564889,3,1087.92
2564889,4,536.81
2564889,1,97.79
2564889,2,1.98
2564889,3,1498.05
2564889,4,14.94
2564889,5,644.44
2564889,6,3.96
2564889,7,282.41
2564889,8,2.49
2564889,9,273.46
2564889,10,5.94
2564889,11,211.33
2564889,12,2.49
2564889,13,212.46
2564889,14,2.49
2564889,15,133.47
2564889,16,1.98
2564889,17,184.38
2564889,18,2.49
2564889,19,127.4
2564889,20,2.49
2564889,21,238.85
2564889,22,2.49
2564889,23,163.37
2564889,24,1.98
2564889,25,1340.22
2564889,26,7136.75
2564889,27,219.78
2564889,28,35839.6
2564889,29,1494
2564889,30,29931.3
2564889,31,2013.63
2564889,32,2358.11
2564889,33,20079.59
2564889,34,786.84
2564889,35,13012.9
2564889,36,259.2
2564889,37,90.99
2564889,38,3.24
2564889,39,3.06
2564889,40,5286.6
2564889,41,194.4
2564889,42,1300.52
2564889,43,20.28
2564889,44,1543.16
2564889,45,40.56
2564889,46,182.42
2564889,47,2003.88
2564889,48,97.2
2564889,49,1968.85
2564889,50,81
2564889,51,240.64
2564889,52,15.6
2564889,53,228.81
2564889,54,15.6
2564889,55,226.79
2564889,56,15.6
2564889,57,272.11
2564889,58,15.6
2564889,59,3283.31
2564889,60,40.56
2564889,61,1910.69
2564889,62,1771.57
2564889,63,64.8
2564889,64,69.75
2564889,65,4.69
2564889,1,736.22
2564889,2,26.88
2564889,3,824.67
2564889,4,33.6
2564889,5,53.07
2564889,6,1.68
2564889,7,0.92
2564889,8,11463.95
2564889,9,475.2
2564889,1,397.59
2564889,1,205.57
2564889,2,7.96
2564889,1,845.69
2564889,2,23.22
2564889,3,491.35
2564889,4,19.92
2564889,5,17022.8
2564889,6,688.86
2564889,1,436.02
2564889,2,7.96
2564889,3,872.03
2564889,4,15.92
2564889,5,8127.22
2564890,1,5598.39
2564890,1,4991.7
2564890,2,78.18
2564890,1,370.33
2564890,2,94.2
2564890,3,154.6
2564890,4,3.96
2564890,5,376.71
2564890,6,150.72
2564890,7,180.81
2564890,8,47.28
2564890,9,154.07
2564890,10,35.46
2564890,11,1046.15
2564890,12,32.4
2564890,13,61.46
2564890,14,11.82
2564890,15,81.24
2564890,16,1.98
2564890,1,7574.43
2564890,2,170.52
2564890,3,1545.5
2564890,4,38.88
2564890,5,18401.97
2564890,6,323.2
2564890,7,15148.86
2564890,8,341.04
2564890,1,1069.94
2564890,2,24.9
2564890,3,77.58
2564890,4,3002.82
2564890,5,59.76
2564890,6,713.84
2564890,7,14.94
2564890,8,193.09
2564890,9,2.49
2564890,10,1079.2
2564890,11,25.74
2564890,12,663.76
2564890,13,118.54
2564890,14,138.18
2564890,15,138.77
2564890,16,8.65
2564890,17,6389.83
2564890,18,279.84
2564890,19,179.59
2564890,20,7.47
2564890,21,988.5
2564890,22,24.9
2564890,23,4115.09
2564890,24,142.56
2564890,25,155.19
2564890,26,6.72
2564890,27,317.98
2564890,28,41.2
2564890,29,0.56
2564890,30,41.2
2564890,31,0.56
2564890,32,1228.26
2564890,33,49.8
2564890,34,10030.36
2564890,35,829.02
2564890,36,31.68
2564890,37,829.02
2564890,38,31.68
2564890,39,2006.13
2564890,40,63.68
2564890,41,3935.76
2564890,42,199
2564890,1,2261.19
2564890,1,6342.67
2564890,2,297
2564890,1,903.62
2564890,2,1178.93
2564890,3,2937.98
2564890,4,3050.02
2564890,1,3866.95
2564890,2,213.76
2564890,3,42.24
2564890,4,11.18
2564890,5,0.86
2564890,6,40.41
2564890,7,1.12
2564890,8,0.49
2564890,1,2572.98
2564890,2,92.88
2564890,3,2116.32
2564890,4,91.54
2564890,5,4139.39
2564890,6,78.4
2564890,7,330.69
2564890,8,11.94
2564890,9,3250.82
2564890,10,123.84
2564890,11,1716.89
2564890,12,46.44
2564890,13,613.62
2564890,14,35.49
2564890,15,12028.71
2564890,16,294.12
2564890,17,279.2
2564890,18,6.48
2564890,19,4351.59
2564890,20,154.8
2564890,1,320.57
2564890,2,13.65
2564890,3,71.22
2564890,4,3.89
2564890,5,1837.17
2564890,6,30.18
2564890,7,5632.93
2564890,8,116.1
2564890,9,1087.27
2564890,10,23.22
2564890,11,851.3
2564890,12,15.48
2564890,13,277.77
2564890,14,7.74
2564890,15,1915.16
2564890,16,38.7
2564890,17,1271.21
2564890,18,15.09
2564890,19,907.9
2564890,20,20.12
2564890,1,9486.77
2564890,2,193.5
2564800,1,978468.25
4538812,1,1042.95
4538835,1,20930
4538858,1,8080
4538858,2,3784.76
4538858,3,3
4538858,4,10822.5
4538858,5,585.48
4538858,6,2590.1
4538858,7,1082.1
4538858,8,2940.8
4538858,9,210.28
4538858,10,1737.5
2615460,1,30000
2564816,1,27319.79
2564874,1,113067
2564554,1,55440
4538841,1,60112.02
4538843,1,79999.3
4538813,1,26400
4538813,2,166032
2564396,1,72070.92
2564396,2,3265.15
2564396,1,72070.92
2564396,2,3265.15
2564399,1,88435.73
2564399,2,50242.67
2564399,3,4961.94
2564399,4,816.08
2564412,1,84675.94
105504536,1,215870
105504536,1,215870
105504536,1,215870
105504536,1,215870
105504536,1,215870
105504536,1,215870
105504536,1,215870
105504536,1,215870
105504536,1,215870
105504536,1,215870
2564688,1,431753.04
2564688,2,41.6
2564688,3,598.12
2564688,4,3
2564581,1,14250.3
4538869,1,15357.47
4538869,2,25.2
4538869,3,24023.2
4538869,4,206.95
4538869,5,264.68
4538869,6,532.21
4538869,7,2.02
4538869,8,1331.74
4538869,9,3.83
4538869,10,7198.77
4538869,11,7.59
4538869,12,3114.86
4538869,13,10.92
4538869,14,1243.23
4538869,15,3.93
4538869,16,4972.92
4538869,17,15.71
4538869,18,3478.18
4538869,19,68.17
4538869,20,880.32
4538869,21,6.26
4538869,22,5757.45
4538869,23,153.13
4538869,24,5889.47
4538869,25,21.12
4538869,26,5860.78
4538869,27,49.8
4538869,28,5052.66
4538869,29,11.76
4538869,30,5052.64
4538869,31,11.76
4538869,32,5052.53
4538869,33,11.88
4538869,34,2526.67
4538869,35,5.53
4538869,36,2526.67
4538869,37,5.53
4538869,38,4295.23
4538869,39,9.52
4538869,40,757.98
4538869,41,1.68
4538869,42,42.31
4538869,43,1396.94
4538869,44,27.66
4538869,45,921.95
4538869,46,4189.13
4538869,47,10.17
4538869,48,112.34
4538869,49,1.33
4538869,50,68.2
4538869,51,68.2
4538869,52,1094.03
4538869,53,1094.03
2564622,1,470.7
2564622,2,70.4
2564622,3,15.6
2564622,4,62.34
2564622,1,21358.6
2564622,2,2990.03
2564622,3,5343.39
2564622,4,218.85
2564622,5,2.93
2564656,1,54676.51
2564683,1,102312
2564684,1,102312
2615419,1,11596
2564707,1,87951.06
2564719,1,95744.19
2564720,1,117268.07
2564600,1,35687.45
2564682,1,138002.99
2564682,1,2029.77
2564695,1,63296.68
2564695,1,91186.82
2564695,1,689.94
2564695,2,612.49
2564695,3,1934.81
2564774,1,31213
2564774,2,13063.68
2564774,3,7530.6
4538866,1,3348.25
4538866,2,8065.13
4538866,3,715.25
105504584,1,135460
105504584,1,140322
105504584,1,216000
105504585,1,107848
105504585,1,242505
105504585,1,171707
105504585,1,200616
2564762,1,64125.91
2564593,1,101801.46
2564715,1,6806.25
2564715,1,49912.5
2564715,1,5922
2564813,1,36850
2564767,1,32656.93
2564820,1,145629.65
2564820,1,11328.49
2564820,1,1133.1
2564820,1,2832.74
2564820,1,10136.02
2564523,1,27953.93
2564523,2,15179.79
4538799,1,38498.26
2615508,1,960.62
2615508,2,1440.92
2615508,3,480.31
2615508,4,960.62
2615508,5,480.31
2615508,6,960.62
2615508,7,480.31
2615508,8,480.31
2615509,1,15178.24
2615509,2,404.75
2615509,3,404.75
2615509,4,404.75
2615509,5,809.51
4538855,1,813.81
4538855,2,283.88
4538855,3,1610.45
4538855,4,3441.83
4538855,5,228.81
4538855,6,88.55
4538855,1,39.74
4538855,1,7550.81
4538855,2,7305.69
4538855,1,94.9
4538855,2,130.89
4538855,3,391.64
4538855,1,710.29
4538763,1,3112.79
4538857,1,22035.64
4538850,1,1722.53
4538850,2,355.05
4538850,3,1402.55
4538850,4,323.25
4538850,5,323.25
4538850,6,509.52
4538850,7,1380.64
4538850,8,37.26
4538850,9,35.07
4538850,10,4190.11
4538850,11,4130.93
4538850,12,3703.61
4538850,13,436.1
4538850,14,191.8
4538850,15,46
4538850,16,74.73
4538850,17,536.91
4538850,18,1585.53
4538850,19,2627.58
4538850,20,980.68
4538850,21,1242.54
4538850,22,543.49
4538850,23,692.51
4538850,24,2158.6
4538850,1,1236.71
4538850,1,653.56
4538850,1,205.16
4538850,2,2967.04
4538850,3,307.87
4538850,1,78.02
4538850,1,296.44
4538850,1,71.38
4538850,1,569.73
4538850,1,2797.24
4538850,1,205.04
4538850,1,464.75
4538850,1,391.86
4538850,1,452.96
4538850,1,901.81
4538850,1,237.82
4538850,1,7307.88
4538850,1,2096.2
4538850,1,187.41
4538850,1,229.13
4538850,1,5283.45
4538850,1,260.32
4538850,1,297.28
4538850,1,588.8
4538850,2,415.07
4538850,1,588.66
2564486,1,26531.63
105504518,1,45186
105504520,1,77491
2564560,1,55335
2564454,1,40279.41
2564520,1,101804.5
2564494,1,20250
105504534,1,117974
2564607,1,14250.3
2564662,1,52394.88
2564588,1,39213.46
2564632,1,9282
4538798,1,19535
2564945,1,15028.41
2564414,1,73684.58
2564888,1,32062.95
2615513,1,15498.34
2565051,1,62187.04
2564452,1,40364.8
4538870,1,1039.74
4538870,2,1130.71
4538870,3,4947.64
4538870,4,1856.96
4538870,5,1506.46
2564516,1,41573.35
2564517,1,41573.35
2564442,1,3979.29
2564442,2,95502.91
2564442,3,18662.4
2564449,1,68270.9
2615422,1,37276.66
2615422,2,14712.17
2615409,1,6852.82
2615409,2,9179.58
105504559,1,46230
105504560,1,49906
2564738,1,113510.39
105504561,1,50176
2615435-2,1,30276.46
2615435-1,1,900.9
2615435-1,2,584.1
2615435-1,3,1089
2615435-1,4,2381.89
2615435-4,1,33098.96
2615435-4,1,1291.22
2615435-4,1,43.63
2615435-3,1,20108.02
2615435-3,2,3196.7
2615435-5,1,12576.17
2615435-5,1,12576.17
2615435-5,1,4150.78
2615435-7,1,13788.5
2615435-9,1,5587
2615435-8,1,17781.26
2615435-8,2,5797.61
2615435-8,3,5797.62
2615435-8,4,866.3
2615435-8,5,477.4
261543510,1,26710.45
2564830,1,56708.69
2564819,1,22427.25
2564819,1,39630.11
2564819,1,39778.55
2564819,1,84102.2
2564819,1,5284.01
2564819,1,2642.01
2564819,1,10607.61
2564819,1,75691.98
2564814,1,64384.32
2564828,1,38133.68
2564828,1,38133.68
2564845,1,45626.51
2564829,1,54085.05
2564829,1,46892.65
2564829,1,46993.08
2564829,1,46892.65
2564829,1,52076.83
2564856,1,56147.54
2564856,1,43406.92
2564856,1,2475.36
2564856,1,43952.84
2564856,1,46883.02
4538874,1,127.98
105504586,1,87705
105504586,1,141116
105504586,1,151851
4538879,1,9990.22
4538879,2,81.2
4538879,3,3619.67
4538879,4,1036.91
4538879,6,1371.57
4538879,7,1261.85
4538879,8,271.57
4538879,9,1481.3
4538879,10,52.67
4538879,11,4367.09
4538879,12,4224.45
4538879,13,2995.52
4538879,14,1009.48
4538879,5,1484.1
4538883,1,2270.2
4538844,1,1244.59
4538844,2,1998.43
4538844,3,631.89
4538844,4,258.9
4538844,5,3505.52
4538844,6,327.17
4538844,7,350.2
4538844,8,279.04
4538844,9,364.96
4538844,10,2055.12
4538844,11,918.31
4538844,12,290.26
4538844,13,298.52
4538844,14,1712.13
4538844,15,686.7
4538844,16,2931.5
4538844,17,288.78
2564556,1,53877.29
2564557,1,53877.29
2564558,1,41573.35
2564579,1,16328.47
105504539,1,42995
105504540,1,63995
2564546,1,17959.55
2564522,1,92775.38
105504548,1,96855
4538867,1,3437.3
4538867,2,1909.61
4538867,3,2400.65
4538867,4,13530.96
4538867,5,1575.7
4538867,6,1923.96
4538867,7,23188.14
4538867,8,3546.42
4538867,9,1574.61
4538867,10,2455.21
4538867,11,2073.29
4538867,12,872.97
4538867,13,1036.65
4538867,14,8686
4538867,15,6301.72
4538867,16,3229.97
4538867,17,12983.99
4538867,18,1200.33
4538867,19,2182.41
4538867,20,3055.38
2564624,1,6978.6
2564624,2,7798.35
2564624,3,31419.28
4538888,1,46743.8
4538888,2,53.57
4538888,3,247.32
4538889,1,49.49
4538889,2,1.02
2564568,1,115387.77
2564568,2,5236
2564568,3,640
4538871,1,3819.56
2565077,1,15251.63
2564601,1,48917.71
2564601,2,12359.92
2564601,3,810.22
2564601,4,3904.52
2564601,5,1056.48
2564601,6,983.46
2564601,7,107
2564668,1,60896.69
2564716,1,12927
2564716,2,67486
2564716,3,9224
2564716,4,65400
2564716,5,12396
2564716,6,64978
2564716,7,308
2564716,8,308
2564716,11,308
2564716,9,494
2564716,10,316
2564716,12,297
2564717,1,19168
2564717,2,275874
2615458,1,20979.6
2615458,2,5957.1
2615458,3,9537.7
2564788,1,16710
2564788,1,6467.74
2564788,2,137984.26
2564788,3,626.24
2564788,4,2641.34
2564788,5,40800.52
2615329,1,4580
2615464,1,5726.24
2615466,1,185.72
2615466,1,4026.97
2615478,1,6145.24
2615479,1,3875.32
2564843,1,122513.75
2564843,1,8262.16
2564852,1,106422.8
2564852,2,14921.6
2564920,1,5506.81
2564920,2,6154.96
2564920,3,3661.44
2564920,4,9868.56
2564920,5,6942.86
2564920,6,1213.8
2564920,1,21837.45
2564920,1,6566.66
2564920,1,264.41
2564920,2,2.34
2564920,1,309.74
2564920,1,5020.01
2564920,1,89995.82
2564920,1,40505.49
2564844,1,403096.51
2564844,2,112835.18
2615531,1,6295.43
4538783,1,34560
2564699,1,53741.98
4538872,1,29040.87
4538862,1,73.33
4538862,2,1502.48
4538862,3,75.74
4538862,4,18.92
4538899,1,28201.62
4538899,2,61.38
4538899,3,279.55
2564474,1,71350.66
2564474,2,3505.49
2564474,1,71350.66
2564474,2,3505.49
2564474,1,71350.66
2564474,2,3505.49
2564474,1,71350.66
2564474,2,3505.49
2564463,1,9618.19
2564463,2,11622.25
2564463,1,18580.59
2564463,1,9755.47
2564463,2,7615.77
2564395,1,4497.33
2564395,2,9329.77
2564395,1,4497.33
2564395,2,9329.77
2564395,1,7357.01
2564395,2,15231.53
2564395,1,7357.01
2564395,2,15231.53
2564614,1,10962.83
2564614,2,10277.62
2564614,1,11353.62
2564614,2,10277.62
2564614,1,7712.24
2564614,2,9659
2564614,1,12799.02
2564614,2,9789.52
2564604,1,96915.07
2564604,2,2649.19
2564498,1,156959.63
2564498,2,8885.55
2564761,1,43206.82
2564831,1,64125.91
2564401,1,127503.68
2564575,1,26781.09
2564637,1,42757.18
2564538,1,67450
2564580,1,14250.3
2564743,1,57124.98
2564805,1,34212.86
2564621,1,64397.28
2564621,2,529.85
2564621,3,48
2564621,4,151.8
2564621,5,7509.6
2564629,1,7658.98
2564629,1,4503.87
2564629,1,1200.76
2564629,1,8158.01
105504565,1,57898
2564834,1,159573.65
2564559,1,144400
2564594,1,45450
2564594,2,31900
2564594,3,47200
2564594,4,11200
2564594,5,22800
2564594,6,5280
2564594,7,30080
2564903,1,95744.19
4538878,1,915.52
4538803,1,10428.4
4538803,2,7066.71
4538803,3,16278.25
4538803,4,415
4538803,5,265
4538803,6,500
4538882,1,258462.74
4538882,2,10414.04
4538882,3,44075.99
4538882,4,133.89
4538882,5,10711.58
4538882,7,4463.16
4538882,6,19548.64
2615515,1,8028
2615530,1,19500
4538886,1,43.6
4538894,1,34.33
4538894,1,28.61
4538894,1,447.17
4538894,2,0.25
4538894,3,42.34
4538894,4,2.77
4538894,5,11.44
4538894,6,172.47
4538894,7,2989.58
4538894,8,8336.32
4538894,9,65.8
4538894,10,42.37
4538894,11,409.35
4538894,12,64.46
4538894,13,710.54
4538894,14,2582.72
4538894,15,550.46
4538894,16,108.18
4538894,17,1992.85
4538894,18,487.08
4538894,19,45.24
4538894,20,833.25
4538894,21,203.66
4538894,22,26.96
4538894,23,67.37
4538894,24,808.74
4538894,25,67.37
4538894,1,977.78
4538905,1,1975
4538904,1,5386
4538876,1,9835
2615395,1,3526
2615413,1,62660
2564673-1,1,3806.17
2564673-2,1,60040.58
105504541,1,93832
2564639,1,47826.57
2564640,1,47826.57
2564667,1,47826.57
2564742,1,54092.23
2564772,1,42310.29
2564806,1,34784.41
2564770,1,28370.81
2564770,2,5636.19
105504568,1,6381
2565002,1,741508.06
2565076,1,23398.81
4538853,1,24200
4538853,2,1900
4538896,1,534.63
4538896,1,1225.76
4538896,1,933.1
4538896,1,699.83
4538896,2,190.18
4538896,1,1461.37
4538896,1,326.23
4538896,2,326.23
4538896,3,559.91
4538896,1,798.14
4538896,2,270.86
4538896,1,1920.17
4538896,1,8.77
4538896,1,517.04
4538896,1,5539.33
4538896,1,180.76
4538896,1,106.18
4538896,2,0.5
4538896,3,271.3
4538896,4,355.38
4538896,5,54.68
4538896,6,2246.94
4538896,7,1013.22
4538896,8,807.38
4538896,9,159.77
4538896,1,432.66
4538896,1,185.65
4538896,1,136.3
4538896,2,18.58
4538896,1,460.6
4538896,1,292.81
4538896,1,208.68
4538896,1,329.59
4538896,1,214.54
4538906,1,111
4538908,1,1624.19
4538908,2,1767.83
4538908,3,1546.85
4538908,4,1104.89
4538908,5,8286.69
4538908,6,1270.63
4538908,7,9875.53
4538908,8,10059.71
4538908,9,13146.84
4538912,1,35012.13
4538912,2,112.06
4538912,3,554
105504519,1,50241
2564681,1,96188.86
105504543,1,215870
105504543,1,291300
105504543,1,215870
105504543,1,215870
105504543,1,215870
105504543,1,215870
2564807,1,
2564807,2,793.25
2564807,3,620.48
2564807,4,
2564807,5,4302.4
2564807,6,1161.2
2564807,7,4917
2564807,8,351.6
2564807,9,1220.8
2564807,10,580.2
2564807,11,6044
2564807,12,4712.4
2564807,13,4000
2564807,14,6750
2564807,15,3082
2564807,16,2256
2564807,17,1450.56
2564807,18,6549.4
2564807,1,5750
2564807,2,1040
2564807,3,11000
2564807,4,35211
2564807,5,840
2564807,6,916
2564807,7,468.6
2564807,1,4499.95
2564807,2,0.17
2564807,3,0.2
105504562,1,52000
2564975,1,32062.95
2564988,1,27865.36
2564988,1,34630.74
2564988,2,17314.3
2615496,1,2783.83
2615496,1,14315.91
2615496,1,23618.71
4538877,1,2263.17
4538910,1,2549.06
4538910,2,5257.44
4538910,3,31.86
4538910,4,297.39
4538910,5,20180.07
4538910,6,11948.72
4538910,7,3027.01
4538910,8,828.44
2564864,1,1233.82
2564864,2,4630.02
2564864,3,1295.07
2564864,4,30722.98
105504523,1,30551.99
2564626,1,46078.32
2564660,1,55461.79
2564671,1,27136.24
2564671,2,355.71
2564671,3,21612.5
105504544,1,52995
2564659,1,156394.19
2564659,2,3886.4
2564659,3,232.96
2564670,1,90142.51
2564670,2,4666.68
2564634,1,63240.41
2564724,1,47733.79
2564725,1,48099.61
2564726,1,47733.79
2564893,1,76.59
2564893,2,1199.81
2564893,3,4671.4
2564893,4,85865.72
2564893,5,6499.7
2564893,6,98.1
2564893,7,2942.1
2564893,8,2747.2
2564893,9,128.17
2564893,10,2007.91
2564893,11,1.77
2564893,12,42.31
2564893,13,4.12
2564893,14,98.76
2564798,1,11229.57
2564798,1,7078.63
2564798,1,11917.48
2564798,1,3073.38
2564905,1,25035.77
2564905,1,23594.39
2564905,1,52628.38
2564898,1,64384.32
2564969,1,136.8
2564969,2,5.04
2564969,1,3138.63
2564969,2,119.4
2564969,1,46.17
2564969,2,18.9
2564969,3,711.71
2564969,4,16.8
2564969,5,56.73
2564969,6,11.88
2564969,7,0.33
2564969,1,997.16
2564969,2,32.5
2564969,1,560.24
2564969,2,28.22
2564969,3,2322.7
2564969,4,14733.45
2564969,5,630.4
2564969,6,57.99
2564969,7,2.2
2564969,8,1.47
2564969,9,526.26
2564969,10,19.7
2564969,11,598.56
2564969,12,23.64
2564969,13,17.97
2564969,14,542.35
2564969,15,23.64
2564969,16,16.9
2564969,17,202.2
2564969,18,7.88
2564969,19,5.87
2564969,20,388.92
2564969,21,11.82
2564969,22,6.2
2564969,23,483.63
2564969,24,11.82
2564969,25,0.91
2564969,26,221.25
2564969,27,7.88
2564969,28,5.69
2564969,29,333.92
2564969,30,3.94
2564969,31,110.7
2564969,32,3.94
2564969,33,1292.36
2564969,34,47.28
2564969,35,1372.91
2564969,36,47.28
2564969,37,246.69
2564969,38,7.88
2564969,39,2620.63
2564969,40,212.48
2564969,41,1194.79
2564969,42,99.6
2564969,43,417.79
2564969,44,26.56
2564969,45,4197.75
2564969,46,2920.27
2564969,47,212.48
2564969,48,4243.01
2564969,49,157.6
2564969,50,4269.19
2564969,51,6247.59
2564969,1,2555.71
2564969,2,47.28
2564969,3,1493.92
2564969,4,59.1
2564969,5,4467.49
2564969,7,100.21
2564969,6,98.8
2564969,8,2.47
2564969,9,2046.68
2564969,10,37.05
2564969,11,1974.73
2564969,12,39.76
2564969,13,2.47
2564969,14,1466.91
2564969,15,10657.45
2564969,16,254.13
2564969,17,460.52
2564969,18,9.88
2564969,19,63.2
2564969,20,1.97
2564969,21,90.57
2564969,22,2.71
2564969,23,39.94
2564969,24,2.47
2564969,25,4090.7
2564969,26,145.92
2564969,27,777.76
2564969,28,1317.51
2564969,29,24.95
2564969,30,8068.34
2564969,31,194.4
2564969,32,1412.92
2564969,33,53.68
2564969,34,53.4
2564969,35,3.42
2564969,36,621.96
2564969,37,24.7
2564969,38,762.24
2564969,39,142.29
2564969,40,2.47
2564969,41,314.49
2564969,42,10.48
2564969,43,1330.42
2564969,44,59.52
2564969,45,519.17
2564969,46,2431.02
2564969,47,60.08
2564969,48,171.76
2564969,49,908.17
2564969,50,27.58
2564969,51,353.23
2564969,52,13.42
2564969,53,3183.57
2564969,54,74.1
2564969,55,230.85
2564969,56,103.05
2564969,57,2.47
2564969,58,90.25
2564969,59,2.47
2564969,60,39.42
2564969,61,823.53
2564969,1,824.02
2564969,2,358.36
2564969,3,358.36
2564969,4,1998.78
2564969,5,1704.23
2564969,1,10455.09
2564969,2,149.7
2564969,3,834.63
2564969,4,9.98
2564969,1,473.86
2564969,2,6.44
2564969,3,10.28
2564969,1,9421.55
2564969,2,178.45
2564969,1,12316.72
2564969,2,233.28
2564969,3,12316.72
2564969,4,233.28
2615503,1,10744.83
2615503,1,14548.24
2615503,2,3150.45
2564955,1,28873.89
2564955,1,21002.5
2564942,1,383327.43
2564942,1,664939.3
2564942,1,1167714.01
2564872,1,79453.07
2564872,1,32553.85
2564872,1,12372.78
2564872,1,14828.8
2564872,1,6413.46
2615514,1,122.4
2615514,2,2963.1
2615514,3,114.75
4538895,1,116911.16
4538909,1,113400
4538909,2,218400
4538854,1,29921.83
4538915,1,10135.2
4538915,2,2298.96
4538915,3,2553.68
4538915,4,0.72
2615540,1,22982
4538919,1,3662.08
4538919,2,260.51
4538919,3,337.31
4538924,1,8266.5
4538932,1,2819
4538933,1,2447
2564095,1,16458.65
2615412,1,56160
2615412,2,6514
2615412,3,32858
2615412,4,7906
2564713,1,34484.1
2564713,2,1044.07
2564797,1,22876.2
2564797,1,24925.81
2564627,1,5147.33
2564627,2,68784.63
2564627,3,3768.68
2564627,4,320.04
2564627,5,3680.46
2564700,1,28535.37
2564700,2,5562
2564675,1,19237.5
2564650,1,136400
2565075,1,37880.78
4538873,1,9575.6
4538873,2,1777.93
4538873,3,185.6
4538873,4,62.64
4538873,5,47878
4538873,6,8889.65
4538873,7,928
4538873,8,47878
4538873,9,8889.65
4538873,10,928
4538873,11,9575.6
4538873,12,185.6
4538873,13,1777.93
4538939,1,1407
4538939,2,17.61
4538939,3,5052.25
4538939,4,12.16
4538939,5,659.26
4538939,6,3087.9
4538939,7,1158.66
4538939,8,3.25
4538939,9,1305.04
4538939,10,2.1
4538939,11,1.91
4538939,12,1291.44
4538939,13,2.1
4538939,14,2.25
4538939,15,160.9
4538939,16,3.28
4538939,17,5478.02
4538939,18,110.7
4538939,19,1889.9
4538939,20,1.81
4538938,1,6901.43
4538941,1,5284.11
4538941,2,18905.67
4538941,3,764.86
4538941,4,22682.37
4538941,5,3725.88
4538941,6,422.01
4538941,1,4497.8
4538898,1,7539.79
4538819,1,22538.46
4538927,1,14788.46
4538927,2,7619.97
4538927,3,2564.63
4538927,4,6881.56
2564426,1,44640
2564589,1,65812.5
2564705,1,26796.87
2564706,1,22042.44
2564619,1,41573.35
2564620,1,41573.35
2564657,1,41573.35
2564605,1,121380
2564680,1,14250.3
105504549,1,44995
105504550,1,62995
105504551,1,63995
105504552,1,61995
105504553,1,63995
105504554,1,61995
105504555,1,59995
105504556,1,62995
2615482,1,7994.75
2615488,1,3974.38
2615488,1,1131.21
2564721,1,304328.4
105504574,1,53201
105504575,1,59207
105504576,1,62513
2564968,1,3208.6
2564968,2,123.5
2564968,3,3174.4
2564968,4,735
2564968,5,429.32
2564968,6,15.76
2564968,7,2539.34
2564968,8,63.04
2564968,9,240.43
2564968,10,35128.8
2564968,11,788
2564968,12,1184.96
2564968,13,1309.73
2564968,14,10970.61
2564968,15,247
2564968,16,25.67
2564968,17,0.55
2564968,18,890.36
2564968,19,20.96
2564968,20,323.04
2564968,21,317.04
2564968,22,624
2564968,23,17.09
2564968,24,16.12
2564968,25,609.39
2564968,26,740.16
2564968,27,29.47
2564968,28,0.55
2564968,29,314.49
2564968,30,10.48
2564968,31,241.81
2564968,32,7.86
2564968,33,2107.97
2564968,34,70.74
2564968,35,31.39
2564968,36,0.55
2564968,37,625
2564968,38,20.96
2564968,39,25.67
2564968,40,0.55
2564968,41,890.36
2564968,42,20.96
2564968,43,323.04
2564968,44,317.04
2564968,45,624
2564968,46,17.09
2564968,47,16.12
2564968,48,187.52
2564968,49,10.64
2564968,50,609.39
2564968,51,740.16
2564968,52,29.47
2564968,53,0.55
2564968,54,314.49
2564968,55,10.48
2564968,56,241.81
2564968,57,7.86
2564968,58,2107.97
2564968,59,70.74
2564968,60,31.39
2564968,61,0.55
2564968,62,625
2564968,63,20.96
2564968,64,10627.27
2564968,65,1910.45
2564968,66,108.4
2564968,67,12614.26
2564968,68,375.76
2564968,69,9273.18
2564968,70,201.3
2564968,71,1175.53
2564968,72,5390.19
2564968,73,144
2564968,74,3835.36
2564968,75,26.84
2564968,76,463.37
2564968,77,13.42
2564968,78,37.52
2564968,79,6116.85
2564968,80,225.4
2564968,81,113.68
2564968,82,3.94
2564968,83,99.37
2564968,84,2.62
2564968,85,187.52
2564968,86,10.64
2564968,1,157
2564968,2,18010.25
2564968,3,2562.25
2564968,4,2559.6
2564968,1,3567.61
2564968,2,61.44
2564968,3,4170.57
2564968,4,76.8
2564968,1,554.02
2564968,2,734.9
2564968,3,839.56
2564968,4,735.45
2564968,5,732.3
2564968,6,223.06
2564968,7,899.52
2564968,8,51.49
2564968,9,151.6
2564968,10,12.87
2564968,11,166.54
2564968,12,12.87
2564968,13,165.05
2564968,14,12.87
2564968,15,266.91
2564968,16,10.91
2564968,17,734.9
2564968,18,636.51
2564968,19,7791.39
2564941,1,153976.06
4538770,1,301.35
4538770,2,692.16
4538770,3,7801.33
4538770,4,2463.91
4538770,5,1755.96
4538770,6,295.52
4538770,7,513.4
4538770,8,435.96
4538770,9,1231.97
4538770,10,730.36
4538770,11,1447.57
4538770,12,1089.73
4538770,13,1116.09
4538770,14,358.03
4538770,15,347.21
4538770,16,1231.26
4538770,17,918.31
4538770,18,345.01
4538770,19,833.39
4538770,20,9128.62
4538770,21,982.3
4538770,22,228.49
4538770,23,397.65
4538770,24,2243.86
4538770,25,890.39
4538770,26,4911.35
4538770,27,985.24
4538770,28,2546.68
4538770,29,858.68
4538770,30,984.46
4538770,31,5711.69
4538770,32,28.04
4538907,1,19500
4538935,1,42
4538935,2,91.14
4538891,1,21276.68
4538891,2,1906.57
4538891,3,741.57
4538891,4,4576.46
4538891,5,400.54
4538918,1,6925.8
2615541,1,79950
4538930,1,104579.58
4538948,1,147.63
4538948,1,43.77
4538948,1,158.13
4538948,2,1271.79
4538948,3,808.39
2615542,1,5715.43
4538953,1,25872.98
4538953,2,47.34
4538953,3,222.64
2564591,1,40279.41
2564669,1,30957.99
2564773,1,35600.07
2615446,1,38342.57
2615446,2,301
2615446,3,210
2615446,4,5422.5
2615446,5,167.04
2564768,1,96188.86
2564663,1,76665
2564663,1,45120
2564663,2,30400
2564663,3,30120
4538875,1,508.35
4538875,2,1467.8
4538875,3,743.24
4538875,4,1467.8
4538875,6,1133.57
4538875,7,1332.24
4538875,8,362.27
4538875,9,1003.85
4538875,10,2377
4538875,11,13574.81
4538875,12,96.41
4538875,13,596
4538875,14,462.77
4538875,15,987.49
4538875,16,229.05
4538875,17,116.86
4538875,18,890.5
4538875,19,490.83
4538875,20,245.41
4538875,21,149.58
4538875,22,655.6
4538875,23,785.32
4538875,24,701.18
4538875,25,549.26
4538875,26,134.39
4538875,27,116.86
4538875,29,518.87
4538875,5,3307.22
4538875,28,2278.83
2564862,1,59551.3
2564863,1,58591.12
4538689,1,996
4538689,2,230
4538689,3,1500
2615537,1,44494.55
2615539,1,35455.46
2564435,1,10576.8
2564435,2,660
2565013,1,2047.15
2565013,2,604.3
2565013,3,9436.78
2565013,4,216.54
2565013,5,2710.22
2565013,1,17442.62
2565013,2,417.48
2565013,3,990.52
2565013,4,15
2565013,5,4262.88
2565013,6,60
2565013,7,274.02
2565013,8,1321.36
2565013,9,25
2565013,10,4445.17
2565013,11,50
2565013,12,5891.55
2565013,13,244.28
2565013,14,587.66
2565013,15,12.4
2565013,16,12396.57
2565013,17,322.4
2565013,18,464.46
2565013,19,12.92
2565013,20,523.86
2565013,21,9.69
2565013,22,461.66
2565013,23,17.36
2565013,24,31.46
2565013,25,0.56
2565013,26,1300.54
2565013,27,39.4
2565013,28,1762.56
2565013,29,67.2
2565013,30,2987.97
2565013,31,129.2
2565013,32,2333.73
2565013,33,98.5
2565013,34,2375.02
2565013,35,77
2565013,36,455.22
2565013,37,1637.85
2565013,38,33.6
2565013,39,150.35
2565013,40,2157.32
2565013,41,26.88
2565013,1,9469.23
2565013,2,165
2565013,3,673.19
2565013,4,10
2565013,5,203.07
2565013,6,7.7
2565013,7,836.62
2565013,8,10
2565013,9,9117.63
2565013,10,150
2565013,11,10066.59
2565013,12,400.4
2565013,13,66.67
2565013,14,4.05
2565013,1,4207.73
2565013,2,11396.96
2565013,3,472.8
2565013,4,320.65
2565013,5,980.84
2565013,6,62
2565013,7,950.18
2565013,8,62
2565013,9,1008.7
2565013,10,62
2565013,11,957.03
2565013,12,62
2565013,13,1298.66
2565013,14,62
2565013,15,901.91
2565013,16,62
2565013,17,850.82
2565013,18,62
2565013,19,1091.03
2565013,20,62
2565013,21,4472.01
2565013,22,146.4
2565013,23,1233.48
2565013,24,48.8
2565013,25,206.07
2565013,26,15.5
2565013,27,184.69
2565013,28,15.5
2565013,29,219.94
2565013,30,15.5
2565013,31,186.41
2565013,32,15.5
2565013,33,217.99
2565013,34,15.5
2565013,35,320.52
2565013,36,12.2
2565013,37,326.4
2565013,38,12.2
2565014,1,90.43
2565014,2,23.64
2565014,3,202.59
2565014,4,47.28
2565014,5,248.15
2565014,6,2.72
2565014,1,123.1
2565014,2,23.64
2565014,1,1285
2565014,2,37.14
2565014,3,1138.67
2565014,4,37.14
2565014,1,12838.85
2565014,1,2687.99
2565014,2,48.45
2565014,1,675.12
2565014,2,226.08
2565014,3,322.98
2565014,4,131.88
2565014,1,2348.65
2565014,2,96.9
2565014,3,17041.53
2565014,4,369.6
2565014,5,2160.28
2565014,6,659.54
2565014,7,4422.51
2565014,8,625.49
2565014,9,1307.19
2565014,10,6157.18
2565014,11,136.4
2565014,12,1229.7
2565014,13,24.8
2565014,14,2249.01
2565014,15,95.36
2565014,16,2.48
2565014,17,1907.17
2565014,18,49.6
2565014,19,63.06
2565014,20,2.48
2565014,21,155.43
2565014,22,4.96
2565014,23,670.05
2565014,24,19.7
2565014,25,319.57
2565014,26,3.94
2565014,27,5.28
2565014,28,395.13
2565014,29,294.8
2565014,30,7.44
2565014,1,11240.82
2565014,2,408.1
2565014,3,11074.56
2565014,4,150
2565014,1,338.23
2565014,2,118.13
2565014,3,6.64
2565014,4,259.67
2565014,5,538.8
2565014,6,2660.21
2565014,1,114.88
2565014,2,8.1
2565014,1,5983.88
2565014,2,231
2565014,3,162.48
2565014,4,8.31
2565014,5,2459.24
2565014,6,92.4
2565014,7,328.8
2565014,8,11.85
2565014,9,22.86
2565014,10,0.66
2565014,11,73.45
2565014,12,3.3
2565014,13,84.48
2565014,14,3.3
2565014,15,121.9
2565014,16,12.15
2565014,17,87.59
2565014,18,17113.57
2565014,19,693
2565014,20,1223.52
2565014,21,39.5
2565014,22,1401.27
2565014,23,38.5
2565014,24,3029.85
2565014,25,115.5
2565014,1,371.38
2565014,2,11.85
2565014,1,2594.64
2565014,2,102.78
2565015,1,4040.58
2565015,2,171.62
2565015,3,129.08
2565015,4,4.79
2565015,5,1550.92
2565015,6,57.21
2565015,7,3113.38
2565015,8,57.92
2565015,1,2421.95
2565015,2,75.7
2565015,3,2210.15
2565015,4,75.7
2565015,1,7870.88
2565015,2,326.8
2565015,1,4242.58
2565015,2,151.4
2565015,1,1318.05
2565015,2,826.03
2565015,3,1093.17
2565015,4,4821.69
2565015,5,37.04
2565015,6,22.9
2565015,7,825.38
2565015,8,1532.29
2565015,9,318.03
2565015,10,324.07
2565015,11,17.14
2565015,12,16.17
2565015,13,827.31
2565015,14,29.04
2565015,15,611.31
2565015,16,25.76
2565015,17,0.55
2565015,18,894.81
2565015,19,19.36
2565015,20,188.3
2565015,21,10.48
2565015,22,29.56
2565015,23,0.55
2565015,24,628.62
2565015,25,19.36
2565015,26,2120.21
2565015,27,65.34
2565015,28,243.18
2565015,29,7.26
2565015,30,109366.14
2565015,31,1817.75
2565015,1,1486.95
2565015,2,1113.13
2565015,3,668.25
2565015,4,50.4
2565015,5,904
2565015,6,1619
2565015,7,112.57
2564709,1,7880.22
2564709,2,3940.12
2564709,1,49818.84
2564709,2,1286.56
2564709,3,4328.81
2564709,4,156
2564709,5,4671.07
2564709,6,109.65
2564709,7,3318.52
2564709,8,146.2
2564709,1,2735.95
2564709,2,73.1
2564709,1,2213.05
2564709,2,84.21
2564709,3,2324.81
2564709,4,85.8
2564709,5,2478.35
2564709,6,120.3
2564709,7,233.36
2564709,8,8.02
2564709,9,91.9
2564709,10,4.02
2564709,11,3754.86
2564709,12,168.42
2564709,1,8078.02
2564709,2,292.4
2564500,1,75205.7
2564500,2,54459.3
2564500,3,2080
2564611,1,437.12
2564611,2,21417.88
2564544-1,1,80396.64
2564544-1,2,1799.4
2564544-1,3,10717.79
2564544-2,1,48180.12
2564697,1,4882.82
2564697,2,9789.52
2564697,1,12799.02
2564697,2,9789.52
2564697,1,12799.02
2564697,2,9789.52
2564697,1,4495.62
2564697,2,9331.48
2564786,1,4495.62
2564786,2,9331.48
2564786,1,13105.45
2564786,2,9483.1
2564786,1,13105.45
2564786,2,9483.1
2564786,1,5189.24
2564786,2,9483.1
2564782,1,11241.31
2564782,2,39130.58
2564897,1,21412.32
2564851,1,108249.11
105504570,1,215870
105504570,1,215870
105504570,1,215870
105504570,1,215870
2564857,1,15091.46
2564736,1,95627.76
2564930,1,243230.53
2564943,1,52198.76
2564943,1,52394.28
2564835,1,50805.56
2564891,1,325618.75
2564842,1,28402.2
2564842,1,225.39
2564625,1,44127.75
2564997,1,159573.65
2564906,1,2765.78
4538940,1,2886.33
4538940,2,1992.5
4538940,3,8679.96
4538940,4,286.31
4538940,5,513.26
4538940,6,3362.35
4538940,7,8305.19
4538940,8,279.32
4538940,9,740.2
4538940,10,4885.82
4538940,11,4885.82
4538940,12,1822.58
4538940,13,395.71
4538940,14,649.43
4538940,15,69.83
4538940,17,346.82
4538940,18,576.1
4538940,19,4054.84
4538940,20,1855.16
4538940,21,552.82
4538940,22,1513
4538940,23,280.49
4538940,16,186.22
2564679,1,127503.68
4538881,1,2560.21
4538881,2,468.84
4538881,3,69.62
4538881,4,2091.79
4538881,5,4485.24
4538881,6,267.9
4538881,7,295.62
4538881,8,77.45
4538881,9,191.95
4538881,10,235.12
4538881,11,167.27
4538881,12,1029.18
4538881,13,89.9
4538881,14,308.87
4538881,15,45.24
4538881,16,683.89
4538881,17,146.14
4538881,18,240.3
4538916,1,82.5
4538916,2,27.5
4538913,1,46656
4538913,2,5184
4538913,3,1728
4538911,1,205.32
4538951,1,11.54
4538951,1,86.3
4538951,2,11834.81
4538951,3,7310.46
4538951,1,424.09
4538951,2,419.01
4538951,1,624.78
4538951,2,593.6
4538951,3,57.72
4538951,1,70.18
4538951,2,1633.08
4538951,3,417.07
4538951,4,182.31
4538951,5,2188.81
4538951,6,182.33
4538951,7,14.91
4538951,8,179.07
4538951,9,14.91
4538951,10,577.15
4538951,11,277.03
4538947,1,312
4538954,1,104579.58
2564530,1,51750
2564531,1,51750
2615411,1,72884.9
2615411,2,10218
2615411,4,2268
2615411,5,14477.3
2615411,3,19922
2615437,1,69000
2564727,1,41520.19
2564728,1,41520.19
2564784,1,57713.32
2564779,1,35814.24
2564808,1,28856.65
4538962,1,23794.88
4538963,1,24265.77
4538963,2,1633.73
4538963,3,15674.42
2564532,1,51750
2564533,1,51750
2564789,1,61680
105504573,1,56664
2565009,1,84889.66
105504587,1,103887
105504588,1,216546.68
2615500,1,1344
4538926,1,25804.2
4538926,2,4924.89
4538926,3,556.8
4538955,1,10885.99
2615421,1,14060.84
2564636,1,58011.56
2564677,1,28532.58
2564677,2,5190.87
2564677,3,44441.18
2564677,4,36327.57
2564677,5,1855.83
2564677,6,4659.02
105504557,1,39999
105504558,1,66500
2564696,1,219913.2
2564623,1,16343.27
2564801,1,243230.53
2564790,1,58773.39
2564910,1,15600
2564911,1,15600
4538890,1,0.25
4538890,2,7746.04
4538890,3,616.86
2565045,1,32062.95
4538902,1,35464.76
4538902,2,6305.62
4538902,3,264836.04
4538902,4,13616.08
4538902,5,44615.6
4538902,6,36500.3
2564810,1,34222.69
2564810,2,5954.47
4538942,1,7027.38
4538830,1,666.4
4538946,1,453.38
4538945,1,25650
4538957,1,3584.55
4538957,2,4678.67
4538957,3,5376.82
4538957,4,1114.96
4538966,1,880.35
4538966,2,0.45
2564764,1,166536.22
2564701,1,10000
2564689,1,16935.19
2564871,1,10125
4538931,1,1058.66
4538931,2,713.93
4538931,3,3941.59
4538931,4,1568.28
4538931,5,234.11
4538931,6,145.47
4538931,7,1417.87
4538931,8,867.48
4538931,9,1306.14
4538931,10,267.64
4538931,11,538.23
4538975,1,1064.16
4538903,1,17337.58
4538978,1,21757.56
4538978,2,26.13
4538978,3,40
4538978,4,17996.65
4538978,5,19.26
4538978,6,1919.13
4538978,7,8.75
4538978,8,1029.3
4538978,9,8.84
4538978,10,3315.86
4538978,11,151.55
4538978,12,136.4
4538978,13,1165.42
4538978,14,213.72
2564590,1,20139.7
2564613,2,43286.04
2564613,1,59775.96
2564613,3,6272
2564527,1,195909.08
2564638,1,58011.56
2564655,1,58011.56
2615467,1,9778
2615447-1,1,4818.49
2615447-2,1,6999
2615447-2,2,1500
4538961,1,1374
4538887,1,1752.72
2615533,1,1030.5
2615533,2,515.25
2615533,3,515.25
2615533,4,515.25
2615533,5,515.25
2615533,6,515.25
2615533,7,515.25
2615533,8,515.25
2615533,9,515.25
4538925,1,779.84
4538923,1,9505.27
4538920,1,27749.28
4538920,2,716.76
2565237,1,230.4
2565237,2,4189.68
2565237,3,2105
2565237,4,422.88
2565237,5,632.35
2565237,6,1080
2565237,7,653.2
2565237,8,297.6
2565237,9,696
2565237,10,600
2615557,1,72.79
2615557,2,109.19
2615557,3,145.58
2615557,4,400.35
2615557,5,72.79
2615557,6,87.35
2615557,7,109.19
2615557,8,58.23
2615557,9,109.19
2615557,10,36.4
2615557,11,181.98
2615557,12,145.58
2615557,13,218.37
2615557,14,14.56
2615557,15,21.84
2615557,16,72.79
2615557,17,101.91
2615557,18,36.4
2615557,19,21.84
2615557,20,14.56
2615557,21,131.02
2615557,22,58.23
2615557,23,14.56
2615557,24,7.28
2615557,25,3.64
2615557,26,7.28
2615557,27,21.84
2615557,28,131.02
4538971,1,9602
4538934,1,34971.37
4538934,1,2956
4538990,1,15314.64
2564512,1,40691.57
2615445,1,47162.88
2615455,1,70744.32
2615468,1,42300
2564796,1,100196.73
105504581,1,77905
105504582,1,34495
2564825,1,33870.38
2615477,1,89699.55
2564833,1,42676.67
2564869,1,96188.86
2564931,1,61934.94
2564972,1,46912.9
2564972,2,524.14
2564972,3,12990.27
2564972,4,703.22
2564972,5,7744.17
2564929,1,47430.31
2564858,1,32656.93
2564909,1,32656.93
2565012,1,89064.36
105504604,1,159206.4
105504604,1,299520
4538970,1,1460.88
4538968,1,1584.38
4538968,2,146.2
4538969,1,156224.2
4538967,1,138.88
4538967,2,890.72
4538967,3,7636.64
4538967,4,52.52
4538973,1,9212.67
4538973,1,10570.64
2564849,1,31580.74
2564850,1,29089.82
2564850,2,6269.59
2564850,3,5362.38
4538996,1,46757.09
4538996,2,55.08
4538996,3,232.53
2615415-1,1,36620.8
2615415-1,1,95409.77
2615415-3,1,221729.98
2615415-4,1,49209.2
2564651,2,56133
2564651,1,77517
2564729,1,28328.5
2615415-2,1,6112.78
2615415-2,2,788.86
2615415-2,3,1018.8
2615415-2,4,1065.66
2615415-2,5,494.8
2615415-2,6,6571.47
2615415-2,7,3155.42
2615415-2,8,2366.57
2615415-2,9,2131.32
2615415-2,10,1328.9
2615415-2,11,1218.63
2615415-2,12,3655.88
2615415-2,13,3655.88
2615415-2,14,385.32
2615415-2,15,1590.19
2615415-2,16,531.49
2615415-2,1,77.46
2615415-2,2,1511.79
2615415-2,3,465.34
2615415-2,4,2.19
2615415-2,5,429.74
2615415-2,6,43.66
2615415-2,7,2.19
2615415-2,8,429.37
2615415-2,9,43.88
2615415-2,10,835.46
2615415-2,11,3439.05
2615415-2,12,1094.8
2615415-2,13,3986.69
2615415-2,14,78.81
2615415-2,15,2439.06
2615415-2,16,109.29
2615415-2,17,385.32
2615415-2,18,1590.19
2615415-2,19,531.49
2615415-2,20,577.99
2615415-2,21,2385.29
2615415-2,22,797.22
2615415-2,1,3814.69
2615415-2,2,1022.12
2615415-2,3,1074.66
2615415-2,1,675.29
2615415-2,2,503.28
2615415-2,3,1006.57
2615415-2,4,159.04
2615415-2,5,953.32
2615415-2,6,421.29
2615415-2,7,1364.24
2615415-2,8,438.25
2615415-2,9,7905.05
2615415-2,10,795.22
2615415-2,11,534.39
2615415-2,12,503.28
2615415-2,13,437.08
2615415-2,14,62.44
2615415-2,15,503.28
2615415-2,16,503.28
2615415-2,17,14091.96
2615415-2,1,956.03
2615415-2,2,1345.68
2615415-2,3,819.25
2615415-2,4,134.26
2615415-2,5,2473.07
2615415-2,6,604.46
2615415-2,7,30.85
2615415-2,8,5143.03
2615415-2,9,336.7
2615415-2,10,607.31
2615415-2,11,227.67
2615415-2,12,594.94
2615415-2,13,460.34
2615415-2,14,297.47
2615415-2,15,2309.08
2615415-2,16,704.5
2615415-2,17,461.82
2615415-2,18,533.68
2615415-2,19,4439.08
2615415-2,20,38.88
2615415-2,21,1154.54
2615415-2,22,128.84
2615415-2,23,1202.18
2615415-2,24,96.13
2615415-2,25,158.34
2615415-2,26,16.96
2615415-2,27,67.86
2615415-2,28,50.89
2615415-2,29,84.82
2615415-2,30,237.5
2615415-2,31,87.65
2615415-2,32,65.03
2615415-2,33,192.27
2615415-2,34,22.62
2615415-2,35,390.19
2615415-2,36,514.59
2615415-2,37,1334.55
2615415-2,38,531.56
2615415-2,39,364.74
2615415-2,40,65.03
2615415-2,41,944.36
2615415-2,42,7240.37
2615415-2,43,1236.3
2615415-2,44,185.9
2615415-2,45,363.51
2615415-2,46,500.46
2615415-2,47,1163.96
2615415-2,50,1116.84
2615415-2,51,1048.98
2615415-2,52,1979.21
2615415-2,53,870.85
2615415-2,54,910.44
2615415-2,55,5442.82
2615415-2,56,352.49
2615415-2,57,2286.69
2615415-2,58,1076.55
2615415-2,59,464.76
2615415-2,60,705.68
2615415-2,61,764.82
2615415-2,62,1388.63
2615415-2,63,649.13
2615415-2,64,650.31
2615415-2,65,9.42
2615415-2,66,50.73
2615415-2,67,8455.49
2615415-2,68,553.55
2615415-2,69,3244.96
2615415-2,70,69.85
2615415-2,71,1286.69
2615415-2,72,314.48
2615415-2,73,950.73
2615415-2,74,692.72
2615415-2,75,1039.08
2615415-2,76,594.94
2615415-2,77,1189.88
2615415-2,78,8.48
2615415-2,79,593.76
2615415-2,80,6.68
2615415-2,81,667.98
2615415-2,82,1955.65
2615415-2,83,9071.37
2615415-2,84,1861.4
2615415-2,85,464.76
2615415-2,86,84.82
2615415-2,87,311.02
2615415-2,88,146.08
2615415-2,89,189.67
2615415-2,90,541.93
2615415-2,91,607.9
2615415-2,92,108.39
2615415-2,93,834.09
2615415-2,94,6181.49
2615415-2,95,1481.26
2615415-2,96,42.41
2615415-2,97,200.28
2615415-2,98,230.91
2615415-2,99,35.34
2615415-2,100,98.96
2615415-2,101,353.43
2615415-2,102,320.44
2615415-2,103,28.27
2615415-2,104,17.67
2615415-2,105,1072.07
2615415-2,106,1807.21
2615415-2,48,3237.42
2615415-2,49,5219.45
2615415-2,107,94.25
2615415-2,108,276.85
2615415-2,109,341.65
2615415-2,110,106.03
2615415-2,111,18.85
2615415-2,112,508.94
2615415-2,113,263.89
2615415-2,114,141.37
2615415-2,115,2286.69
2615415-2,116,111.92
2615415-2,117,160.81
2615415-2,118,2297.3
2615415-2,119,108.62
2615415-2,120,96.6
2615415-2,121,32.99
2615415-2,122,2082.94
2615415-2,123,352.84
2615415-2,124,1126.62
2615415-2,125,440.02
2615415-2,126,47.12
2615415-2,127,102.49
2615415-2,128,18.85
2615415-2,129,131.95
2615415-2,130,44.77
2615415-2,131,1334.2
2615415-2,132,977.82
2615415-2,133,650.31
2615415-2,134,650.31
2615415-2,135,297.47
2615415-2,136,2478.25
2615415-2,137,811.24
2615415-2,138,1107.41
2615415-2,139,217.24
2615415-2,140,1.57
2615415-2,143,1143.35
2615415-2,144,404.84
2615415-2,147,61.69
2615415-2,148,63.62
2615415-2,149,214.89
2615415-2,152,334.27
2615415-2,155,1039.84
2615415-2,156,12.69
2615415-2,159,85.25
2615415-2,162,293.35
2615415-2,163,33.19
2615415-2,166,23.28
2615415-2,169,186.26
2615415-2,172,204.99
2615415-2,173,1114.48
2615415-2,174,607.28
2615415-2,177,3911.29
2615415-2,178,5866.94
2615415-2,141,261.51
2615415-2,142,17.12
2615415-2,145,3108.76
2615415-2,146,1113.21
2615415-2,150,5000.26
2615415-2,151,1277
2615415-2,153,7778.18
2615415-2,154,1986.45
2615415-2,157,219.83
2615415-2,158,612.99
2615415-2,160,1165.13
2615415-2,161,2301.83
2615415-2,164,365.53
2615415-2,165,1329.39
2615415-2,167,428.9
2615415-2,168,104.83
2615415-2,170,3431.16
2615415-2,171,838.63
2615415-2,175,4663.14
2615415-2,176,1669.82
2564723,1,21505.87
2564723,1,49103.55
2564957,1,28703.26
2564907,1,44060.4
2564775,1,31000
2564847,1,11421.67
2564847,2,4181.16
2564848,1,69817.15
2564861,1,56354.49
2565081,1,1174.42
2565081,2,20.46
2565081,3,613.85
2565081,4,11.72
2565081,5,227.75
2565081,6,4.39
2565081,7,466.79
2565081,8,14.65
2565081,1,890.38
2565081,2,336.36
2565081,3,305.44
2565081,4,304.48
2565081,5,356.23
2565081,6,12.1
2565081,7,9225.24
2565081,1,1113.49
2565081,2,73.2
2565081,3,15325.02
2565081,4,306.88
2565081,5,73757.12
2565081,6,1457.68
2565081,7,9983.08
2565081,8,368.1
2565081,9,1823.03
2565081,10,45.42
2565081,11,4195.9
2565081,12,151.4
2565081,13,16200.53
2565081,14,306.88
2565081,15,65.29
2565081,16,1.95
2565081,17,40.03
2565081,18,1.3
2565081,19,102.11
2565081,20,1.95
2565081,21,48.85
2565081,22,1.95
2565081,23,70.09
2565081,24,3.25
2565081,25,72.16
2565081,26,3.25
2565081,27,61.14
2565081,28,31.27
2565081,29,1.3
2565081,30,201.48
2565081,31,3.89
2565082,1,2209.67
2565082,1,93.99
2565082,2,3.31
2565082,3,194.47
2565082,4,3.31
2565082,5,211.32
2565082,6,3.31
2565082,7,217.58
2565082,8,3.31
2565082,9,170.55
2565082,10,3.31
2565082,11,313.26
2565082,12,3.31
2565082,13,241.43
2565082,14,3.31
2565082,15,200.25
2565082,16,3.31
2565082,17,92.69
2565082,18,3.31
2565082,19,162.77
2565082,20,3.31
2565082,21,320.37
2565082,22,3.31
2565082,23,130.62
2565082,24,3.31
2565082,25,219.73
2565082,26,3.31
2565082,27,116.36
2565082,28,3.31
2565082,29,172.32
2565082,30,3.31
2565082,31,90.48
2565082,32,3.31
2565082,33,107.56
2565082,34,3.31
2565082,1,5183.24
2565082,2,197
2565082,3,1934.47
2565082,4,51.22
2565082,1,622
2565082,2,23.64
2565082,1,4431.14
2565082,2,170.8
2565082,3,2417.77
2565082,4,97
2565082,5,4893.72
2565082,6,88.56
2565082,7,6139.7
2565082,8,219.53
2565082,9,1190.98
2565082,10,2265.32
2565082,11,39.72
2565082,12,5079.43
2565082,13,99.3
2565082,14,15680.76
2565082,15,595.8
2565082,16,741.91
2565082,17,66.75
2565082,18,8702.85
2565082,19,483.9
2565082,20,6.34
2565082,21,1187.05
2565082,22,106.8
2565082,23,1095.58
2565082,24,79.44
2565082,25,1913.66
2565082,26,33.1
2565082,27,89.63
2565082,28,1884.78
2565082,29,106.8
2565082,30,5183.84
2565082,31,112.54
2565082,32,657.15
2565082,33,6078.31
2565082,34,132.4
2565082,35,10483.8
2565082,36,1751.84
2565082,37,38.9
2565082,38,2727.43
2565082,39,66.2
2565082,40,9.4
2565082,41,92.81
2565082,42,6.62
2565082,43,1790.08
2565082,44,1106.59
2565082,45,19.86
2565082,46,114.14
2565082,47,530.61
2565082,48,2466.9
2565082,49,72.82
2565082,50,161.87
2565082,51,8490.28
2565082,52,92.68
2565082,53,897.6
2565082,54,783.71
2565082,55,15.85
2565082,56,15333.4
2565082,57,366
2565082,58,49122.29
2565082,59,536.22
2565082,60,5193.22
2565082,1,79.07
2565082,2,2.2
2565082,3,0.97
2565082,4,101.13
2565082,5,3.3
2565082,6,2.1
2565082,7,119.18
2565082,8,3.3
2565082,9,1.39
2565082,10,704.46
2565082,11,23.28
2565082,12,859.29
2565082,13,23.28
2565082,14,247.31
2565082,15,7.76
2565082,16,521.16
2565082,17,7.76
2565082,18,359.02
2565082,19,3.88
2565082,20,398.07
2565082,21,11.64
2565082,22,339.44
2565082,23,11.64
2565082,24,366.21
2565082,25,3.88
2565082,26,1622.19
2565082,27,46.56
2565082,28,1058.99
2565082,29,404.74
2565082,30,11
2565082,31,1080.38
2565082,32,39.6
2565082,33,305.06
2565082,34,201.39
2565082,35,15.25
2565082,1,365.92
2565082,2,4.92
2565082,3,596.35
2565082,4,9.84
2565082,5,882.92
2565082,6,15.14
2565082,7,1565.65
2565082,8,30.28
2565082,9,7027.3
2565082,10,227.1
2565082,11,1640.75
2565082,12,19.68
2565082,1,631.21
2565082,1,180.8
2565082,2,4.92
2565082,1,380.32
2615498,1,12282.28
2615511,1,3949.79
2565037,1,140917.71
2565003,1,382037.85
2565026,1,124764.78
2564860,1,53611.63
4538958,1,35281.3
4538958,2,17160.39
4538958,3,631.05
2564776,1,224958.2
105504577,1,59674
2564970,1,22666.97
2564970,1,1413.37
2564970,1,1023.89
2564970,1,11771.61
2564970,2,9591.68
2564970,1,690.44
2564970,1,31818.17
2564970,2,795.45
2564791,1,39430.5
2564792,1,31911.18
2564792,2,1851.54
2564792,3,5652.88
4538980,1,306881.28
4538980,2,10483.2
4538980,3,17222.4
4538980,4,27106.56
4538980,5,1797.12
4538980,6,7488
4538980,7,1138.18
4538980,8,299.52
4538980,9,2246.4
4538980,10,1872
4538980,11,4567.68
4538989,1,5.76
4538989,1,1185.64
4538989,2,376.24
4538989,3,16.63
4538989,4,76.58
4538989,7,591.09
4538989,5,2348.51
4538989,6,3701.98
4538989,8,3346.91
4538989,9,7151.8
4538989,1,447.21
4538989,1,423.24
4538989,2,418.18
4538989,1,283.1
4538991,1,221.94
4538991,2,1098.59
4538991,3,1331.63
4538991,4,1220.66
4538991,5,1664.54
4538991,6,4877.09
4538991,7,8655.59
4538991,8,2585.58
4538991,9,1664.54
4538991,10,224.71
4538991,11,220.83
4538991,12,10103.41
4538991,13,13203.94
4538995,1,46.71
4538995,2,46.71
4538995,3,15021.96
4538995,4,1412.87
4538995,5,89.91
4538995,6,1681.43
4538995,7,616.53
4538995,8,1955.83
4538995,9,2419.39
4538995,10,1627.72
4538995,11,224.19
4538995,12,3035.92
4538995,13,770.66
4538995,14,112.09
4538995,15,464.73
4538995,16,134.28
4538995,17,525.45
4538995,18,324.61
4538995,19,324.61
2615559,1,1305.68
2615559,2,870.45
2615559,3,1305.68
2615559,4,1305.68
2615559,5,435.23
2615559,6,1305.68
2615559,7,870.45
2615559,8,435.23
2615559,9,870.45
2615559,10,1740.9
2615559,11,435.23
2615559,12,1740.9
2615559,13,870.45
4538977,1,16037.14
4538977,2,1892.22
4538977,3,7493.05
4538977,4,5648.05
4538977,6,619.52
4538982,1,4154.06
2564444,1,43248
2564630,1,55335
2615459,1,43439.5
2615459,2,25523.5
2615459,3,6755
2615459,4,7533
2615459,5,2200
2564692,1,12284.05
2564691,1,71350.66
2564691,2,3505.49
2564691,1,71350.66
2564691,2,3505.49
2564771,1,9974.63
2564771,2,4341.98
2564771,3,30027.08
2564771,4,5837.89
2564771,5,4785.64
2564771,6,2558.9
2564771,7,1022.91
2564771,1,177153.34
2564771,1,338.6
2564771,2,424.85
2564964,1,50022
2564952,1,95744.19
2564998,1,117268.07
4539004,1,17277.38
4539004,2,37.17
4539004,3,253.02
2564944,1,3807.08
2564944,1,21.98
2564944,2,344.33
2564944,3,262.58
2564944,4,4113.64
2564944,5,1820.14
2564944,6,231.44
2564944,7,5554.48
2564944,8,231.44
2564944,9,5554.48
2564944,10,7.56
2564944,11,49.12
2564944,12,652.58
2564944,13,49.12
2564944,14,652.58
2564944,15,1621.43
2564944,16,25402.27
2564944,17,4664.8
2564944,18,703.25
2564944,19,16877.95
2564944,20,703.25
2564944,21,16877.95
2564944,22,55.56
2564944,23,870.38
2564944,24,22.88
2564944,25,358.38
2564944,26,224.03
2564944,27,2576.32
2564944,28,410.66
2564944,29,5455.85
2564944,30,410.66
2564944,31,5455.85
4538921,1,984.61
4538921,2,75.21
4538921,3,52.64
4538921,4,11.57
4538921,5,24.3
4538921,6,46.28
4538921,7,193.8
4538959,1,62961
4538965,1,88.64
4538965,1,11472.74
4538965,1,73.9
4538965,1,61.98
4538965,1,427
4538965,1,2623.35
4538965,1,1235.84
4538965,1,2115
4538965,1,239.11
4538965,1,559.3
4538965,1,2356.39
4538965,1,1389.16
4538965,1,779.98
4538965,2,828.47
4538965,3,1017.09
4538965,1,1099.8
2615558,1,10500.89
2615558,2,420.04
2615558,3,420.04
2615558,4,420.04
4538972,1,814.92
4538972,2,367.84
4538972,3,850.65
4538972,4,382.17
4538972,5,387
4539000,1,1461.39
4539003,1,54703
2564704,1,45556.1
2564704,2,32988.9
2564704,3,4160
2615465-2,1,85950.3
2615465-8,1,4569.93
2615465-8,2,4183.53
2615465-8,3,9594.9
2615465-8,4,2168.54
2615465-8,5,9594.9
2615465-8,6,1951.68
2615465-9,1,28148.18
261546512,1,4092.87
261546512,1,4092.87
261546512,1,8680.8
261546511,1,2683.36
261546511,2,4289.21
261546511,3,3590.99
261546511,4,2508.85
2615465-1,1,1729.31
2615465-1,2,146.47
2615465-1,3,45.06
2615465-1,1,166.62
2615465-1,2,38.25
2615465-1,3,1117.71
2615465-1,4,1004.76
2615465-1,1,283.73
2615465-1,2,258.4
2615465-1,3,11.63
2615465-1,4,97.88
2615465-1,1,16.98
2615465-1,2,1068.93
2615465-1,3,220.52
2615465-1,4,585.26
2615465-1,5,175.76
2615465-1,6,111.11
2615465-1,7,302.81
2615465-1,8,268.68
2615465-1,9,66.11
2615465-1,10,95.22
2615465-1,11,238.96
2615465-1,12,82.48
2615465-1,13,175.64
2615465-1,1,2007.06
2615465-1,1,40.39
2615465-1,2,8.63
2615465-1,3,72.7
2615465-1,4,1791.6
2615465-1,1,174.66
2615465-1,1,670
2615465-1,1,216
2615465-1,1,196.12
2615465-1,1,201.05
2615465-1,2,354
2615465-1,3,15
2615465-1,1,3652.51
2615465-1,2,477.76
2615465-1,3,26.9
2615465-1,4,58.38
2615465-1,5,4364.54
2615465-1,6,393.41
2615465-1,7,1705.6
2615465-1,8,61.49
2615465-1,9,227.08
2615465-1,10,42.77
2564865,1,29410.09
2564936,1,56658.52
105504580,1,60995
2564974,1,2527.79
2564974,1,15936.22
2564974,1,4696.18
2615485-1,1,216.19
2615485-1,2,25.91
2615485-1,3,351.32
2615485-1,4,85.43
2615485-1,5,205.18
2615485-1,6,18.71
2615485-1,7,43.12
2615485-1,8,73.66
2615485-1,9,9.44
2615485-1,10,147.7
2615485-1,11,9.44
2615485-1,12,195.71
2615485-1,13,79.88
2615485-1,14,657.58
2615485-1,15,365.38
2615485-1,16,304.21
2615485-1,17,108.25
2615485-1,18,240.49
2615485-1,19,98.63
2615485-1,20,13.82
2615485-1,21,60.65
2615485-1,22,78.47
2615485-1,23,101.01
2615485-1,24,250.61
2615485-1,25,81.47
2615485-1,26,287.77
2615485-1,27,130.51
2615485-1,28,240.13
2615485-1,29,27.87
2615485-1,30,112.78
2615485-1,31,87.08
2615485-1,32,179.95
2615485-1,33,59.27
2615485-1,34,39.95
2615485-1,35,121.24
2615485-2,1,67269.14
2615485-4,1,8082.3
2615485-4,2,4849.09
2615485-4,3,944.64
2615485-4,4,6676.95
2615485-4,5,2637.35
2615485-3,1,756.08
2615485-3,2,3446.82
2615485-3,3,12.32
2615485-3,4,1691.52
2615485-3,5,193.76
2615485-5,1,16884.73
2615485-6,1,67262.1
2615485-7,1,6811.76
2615485-7,3,11581.54
2615485-7,4,11581.54
2615485-7,5,6289.32
2615485-7,6,3476.48
2615485-7,7,12210.6
2615485-7,8,315.06
2615485-7,9,2406.71
2615485-7,10,2957.92
2615485-7,11,13757.39
2615485-7,2,1695.96
2615485-8,1,57260.53
2615485-9,1,5163.13
2615485-9,2,24500
2615485-9,3,960.96
2615485-9,4,611.52
2615485-9,5,582.4
2615485-9,6,160.16
4538983,1,24683.07
2565068,1,54097.57
2565068,1,49128.75
2565068,1,87470.29
2565039,1,57607.37
2565039,1,13224.78
2565039,1,32248.11
2565079,1,60150.18
2565079,1,45342.09
2565079,1,40272.52
2565079,1,45342.09
2565079,1,43040.29
2565107,1,32062.95
2615560,1,43134.48
4538976,1,18680.7
4538992,1,36871.3
4538992,2,6900
4538992,3,15704.28
4538992,4,6485.64
4538992,5,669.06
4538992,6,669.06
4538992,7,3485.21
4538992,8,3988.32
4538992,9,3988.32
4538992,10,341
4539008,1,4218.05
4539008,2,906.09
4539008,3,23798.96
4539008,4,1360.53
2564566,1,23501.79
2564566,1,6974.24
2564566,1,128573.05
2615425,1,4300
2615425,2,6300
2564603,1,43400.29
2564603,2,26499.84
2615443,1,41806.8
2564877,1,28856.65
2564971,1,107230.98
2564573,1,5670
2564573,1,52800
2564573,1,52800
2565029,1,121380
2565036,1,77315.59
4538922,1,6953.45
4538922,2,149.59
4538922,3,5143.96
4538922,4,1005.68
4538922,5,84.41
4538922,6,2250.53
4538922,7,1295.23
4538922,8,82.55
4538922,9,188.69
4538922,10,59.11
4538922,11,78.49
2615544,1,140.4
2615544,2,396
2615544,3,691.2
2615544,4,140.4
2565070,1,149.7
2565070,1,102278.86
2565070,1,6639.27
2565086,1,522279.58
2565086,1,875301.92
2565086,1,512607.75
4538956,1,34560
2615573,1,2829.17
4538997,1,1476.16
4538997,2,847
4539011,1,22401.6
4539016,1,17599.24
4539016,2,51.36
4539016,3,106.4
2564938,1,5610.67
2564938,2,73969.75
2564938,3,4248.5
2564576,1,195221.5
2615433,1,17787.5
2564731,1,4040.4
2564731,2,2280.6
2564731,3,1665.3
2564731,4,4113.42
2564731,5,27.3
2564731,6,2102.1
2564731,7,51191.88
2564731,8,808.08
2564879,1,7172.28
2564879,2,9483.1
2564879,1,13105.45
2564879,2,9483.1
2564879,1,13105.45
2564879,2,9483.1
2564879,1,11338.67
2564879,1,7172.28
2564879,2,9483.1
2564932,1,101611.5
2564950,1,16935.19
2615532,1,1143.58
2615532,2,439.25
2615532,3,1317.75
2615532,4,1757
2615532,5,878.5
2565138,1,24914.2
2565138,1,142341.52
4539006,1,12964.3
4539006,2,1050
4538986,1,10950.24
4539022,1,1351.03
4539022,2,52.68
4539022,3,120.43
4539022,4,93.56
4539022,5,287.15
4539022,6,6.5
4539026,1,25874.99
4539026,2,49.08
4539026,3,218.89
2615434,1,33600
2615414,1,132059.64
2615414,2,59069.85
2564853,1,17812.87
2564708,1,52800
2564978,1,14250.3
105504591,1,51435
105504592,1,56349
105504593,1,64071
4538900,1,12304.39
4538900,1,1928.2
2565062,1,128251.82
2565099,1,123460.38
2564951,1,95627.76
2565128,1,27843.78
2565083,1,290870.25
2565083,2,48124.58
2615522,1,3784.29
2615522,1,1119.26
2564821,1,2036.58
2564821,2,3847.5
2564821,3,2546.21
2564821,4,468
2564821,5,5650
2564821,6,32.5
2565328,1,206169.6
4539002,1,194.07
4539002,2,15
4539002,3,6.97
4539039,1,2049.56
4539039,2,15.23
4539039,3,327
4539039,4,0.74
4539039,5,4336.32
4539039,6,2257.66
4539039,7,132.36
4539039,8,68.07
4539039,9,393.29
4539039,10,393.29
4539039,11,124.8
4539039,12,124.8
4539039,13,133.62
4539039,14,50.42
4539039,15,45.38
4539039,16,45.38
4539039,18,72.61
4539039,19,11.35
4539039,20,56.73
4539039,21,319.55
4539039,22,468.41
4539039,23,0.52
4539039,24,1315.04
4539039,25,0.98
4539039,26,2325.73
4539039,27,831.35
4539039,28,0.62
4539039,29,857.18
4539039,30,83.83
4539039,31,68.07
4539039,32,502.57
4539039,33,1.65
4539039,34,68.07
4539039,35,68.07
4539039,36,68.07
4539039,37,2824.83
4539039,38,11.42
4539039,39,8479.65
4539039,40,29.11
4539039,41,5656.98
4539039,42,15.53
4539039,43,2830.78
4539039,44,5.47
4539039,45,1414.74
4539039,46,3.39
4539039,48,1291.65
4539039,49,0.42
4539039,50,1285.77
4539039,51,1714.36
4539039,52,1285.77
4539039,53,2142.95
4539039,54,1285.77
4539039,55,1714.36
4539039,56,2568.38
4539039,57,1027.35
4539039,58,2568.38
4539039,59,2568.38
4539039,60,1128.83
4539039,61,1881.38
4539039,62,1505.11
4539039,63,1128.83
4539039,64,1128.83
4539039,65,376.28
4539039,66,1128.83
4539039,67,752.55
4539039,68,752.55
4539039,69,7444.27
4539039,70,24.53
4539039,71,5770.83
4539039,72,128.58
4539039,73,2923.79
4539039,74,25.92
4539039,76,9
4539039,77,5158.2
4539039,78,5010.29
4539039,79,44.55
4539039,17,44.12
4539039,75,1254.71
2564431,1,34425
2564733,1,41520.19
2564734,1,33662.21
2564769,1,41653.1
2564815,1,24350.88
2564811,1,61434.08
2564924,1,132065.01
2564954,1,50022
2564947,1,56393.44
2565021,1,431753.04
2564875,1,129409.75
4538998,1,2460.16
4538998,1,147.49
4538998,2,452.85
4538998,3,2838.11
4538998,4,2484.36
4538998,5,5153.09
2564672,1,33125
2564672,2,75400
2564672,3,17700
2564933,1,42676.67
2565103,1,160090.57
2565103,1,160090.57
2565115,1,66320
2565031,1,24492.7
2565032,1,19144.13
2565123,1,49491.12
2565080,1,3618.14
2565080,1,29083.85
2565080,2,732
2565080,3,24867.75
2565080,4,976
2565080,1,18005.23
2565080,2,316.24
2565080,1,20145.55
2565080,2,605.6
2565080,3,115.1
2565080,4,11.94
2615512,1,3762.07
2564883,1,16917.08
2564883,2,20305.1
2565016,1,66745.77
4539027,1,744.96
4539027,2,3687.32
4539027,3,744.96
4539027,4,1471.18
4539027,5,323.28
4539027,6,5997.17
4539027,7,46.85
4539027,8,70.28
4539027,9,456.82
4539027,10,76.14
4539027,11,1903.4
4539027,12,1903.4
4539027,13,299.86
4539027,14,695.77
4539027,15,94.88
4539027,16,315.09
4539027,17,2314.53
2564408,1,16935.19
2564606,1,64125.91
2564718,1,20139.7
2564896,1,224958.2
2564953,1,121197.4
2564892,1,43481.96
2615574,1,1688.4
2615574,2,2110.49
2615574,3,1688.4
2615574,4,1688.4
2615574,5,2110.49
2615574,6,1688.4
2615574,7,2532.59
2615574,8,2110.49
2615574,9,1688.4
2615574,10,1688.4
2615574,11,2110.49
2615574,12,1688.4
2615574,13,1688.4
4539020,1,89.99
4539020,2,89.99
4539020,3,450.26
4539020,4,75.59
4539020,5,87
4539020,6,926.58
4539020,9,326.56
4539020,7,5246.51
4539020,8,11210.97
4539020,10,3672.59
4539020,11,326.56
4539020,12,57.63
4539020,14,647.59
4539020,15,57.63
4539020,1,69.14
4539020,2,130.67
4539020,3,19.73
4539020,4,72.25
4539020,5,138.28
4539020,1,107.74
4539020,2,64.53
4539020,1,1789.29
4539020,1,276.55
4539020,1,240.6
4539020,2,
4539020,1,423.36
4539020,2,501.94
4539025,1,540.54
4539025,2,3097.09
4539025,3,8.82
4539040,1,43.6
2615483,1,37000
2564787,1,22563.58
2564802,1,95744.19
2564900,1,224958.2
2564904,1,147694.82
2564904,2,129305.21
2564937,1,229.58
2564937,1,4994.8
2564937,1,25314.45
2564902,1,67740.75
2564882,1,21411
2564882,1,20977.36
2565033,1,14250.3
2565022,1,87192
2565023,1,48020
2565100,1,65118.36
2565100,2,48073
2565100,3,2881.82
2565100,4,4925.28
2565100,5,2012.54
2565100,6,4271.28
2565100,7,5910.64
2565100,8,38.87
2565100,9,1181.6
2565100,10,4942.72
2565100,11,30.56
2565108,1,27786.3
4538994,1,210790
4539030,1,9114.5
4539041,1,1796.44
2565121,1,22141.09
2565121,1,142687.64
2564511,1,34425
2564846,1,23521.43
2564846,2,38675.61
2564846,3,65005.49
2564846,4,35861.16
2564885,1,55335
2565043,1,2775
2565043,2,45560
2565043,3,12216
2564989,1,18223.22
2564989,1,22528.04
2564989,1,347
2564989,1,2401
2564989,1,471
2564989,2,1155.99
2565227,1,32062.95
4538999,1,11533.72
4539049,1,8353.67
4539049,2,6327.51
4539049,3,219.87
4539014,1,33194.71
4538985,1,1896.98
4538985,1,1896.98
4539034,1,97.35
2615575,1,22046
4539042,1,16778.01
4539042,2,13734.4
4539042,3,3337.32
4539042,4,113.45
4539042,5,2949.7
4539042,6,2886.68
4539043,1,16415
2564948,1,72750
2564887,1,22950
2564984,1,48646.07
2564926,1,32795.06
2564949,1,32795.06
2564927,1,41540.41
2564991,1,32795.06
105504589,1,56758
105504594,1,117335
2615497,1,23950
2615529,1,16359.62
2615529,2,2929.17
2565101,1,1386.5
2565101,2,1586.5
2565101,3,1613.4
2565101,4,1249.36
2565101,5,2322.4
2565101,6,2458.5
2565101,7,351.6
2565101,8,6850
2565101,9,139.6
2565101,10,97.52
2565101,11,455
2565101,12,4533
2565101,13,1683
2565101,14,568.8
2565101,15,4000
2565101,16,2700
2565101,17,1849.2
2565101,18,2820
2565101,19,2719.8
2565101,20,4030.4
2565101,1,5750
2565101,2,2080
2565101,3,5500
2565101,4,46948
2565101,5,840
2565101,6,916
2565101,7,468.6
2565101,8,1
2565006,1,125661.04
2565006,2,5108.96
2565144,1,636407.36
2565144,1,531951.44
2565144,1,841998.53
2565161,1,2917.48
2565161,2,62326.24
2565161,3,9224.67
2565161,4,1958.4
2565161,5,45437.13
2565161,1,24639.92
2565161,1,2904
2565161,2,405.85
2565124,1,44460.96
2565199,1,32934.02
2565199,1,43561.18
4539021,1,11718.43
4539012,1,26104.76
4539046,1,10795.8
4539055,1,53.08
4539055,2,272
2615417,1,20880
2564822,1,74856.15
2564735,1,88640.24
2564737,1,88640.24
2564763,1,78791.33
2564765,1,88640.24
2564732,1,5252.6
2564732,2,40.2
2564795,1,236373.98
2564868,1,84675.94
2564854,1,92775.38
105504572,1,54834
2564832,1,240067.33
2564908,1,240067.33
2615504,1,31260
2565329,1,106175
2565158,1,862.42
2565158,1,1809.2
2565158,2,588.68
2565158,1,4178.48
2565158,1,7404.14
2565158,1,4482.22
2565158,2,12087.7
2565158,1,7971.86
2565158,2,82.14
2565158,3,740.74
2565158,4,3552.38
2565158,5,1788.28
2565158,1,28024.14
2565158,2,1491.12
2565158,3,152.06
2565158,4,124.82
2565158,5,134.55
2565158,6,333.49
2565158,7,3273.89
2565158,8,1265.71
2565158,9,1672.76
2565158,10,360.77
2565158,11,1016.94
2565158,12,360.77
2565158,13,2011.54
2565158,14,104.77
2565158,15,82.17
2565158,16,120.53
2565158,17,1163.81
2565158,18,979.42
2565158,19,160.92
2565158,20,479.45
2565158,21,169.04
2565158,22,885.31
2565158,23,297.77
2565158,24,1302.6
2565158,25,885.31
2565158,26,4754.77
2565158,27,848.76
2565158,28,824.47
2565158,29,2680.09
2565158,30,3531.06
2565158,31,968.59
2565158,32,1426.44
2565158,33,473.14
2565158,1,702.88
2565158,1,4090.45
2565158,2,306.45
2565158,3,1316.56
2565158,4,316.78
2565158,5,114.66
2565158,6,649.09
2565158,7,5369.95
2565158,8,90.42
2565158,9,97.64
2565158,10,101.4
2565158,11,96.59
2565158,12,95.96
2565158,13,465.73
2565158,14,292.84
2565158,15,129.04
2565158,16,402.11
2565158,17,267.04
2565158,18,119.63
2565158,19,302.91
2565158,20,188.65
2565158,21,266.37
2565158,22,281.73
2565158,23,149.72
2565158,24,159.2
2565158,25,213.91
2565158,26,806.28
2565158,27,1259.75
2565158,28,198.95
2565158,29,1791.8
2565158,30,1791.8
2565158,31,944.83
2565158,32,7383.01
2565158,1,118.68
2565158,2,4370.82
2565158,3,1311.25
2565158,1,3669.24
2565158,2,152.2
2565158,3,4294.18
2565158,4,4027.77
2565158,5,79.96
2565158,6,68.1
2565158,7,72.75
2565158,8,132.49
2565158,9,114.21
2565154,1,17907.12
2565091,1,13280
105504613,1,215870
105504613,1,215870
2565264,1,2848.97
2565264,2,24533.97
2565264,1,2383.78
2565264,1,9122.82
2565264,2,1066.1
2565264,1,313.91
2565264,2,1105.02
2565264,3,257.26
2565264,4,3603.91
2565264,5,10186.8
2565264,6,8952.07
2565264,7,14108.57
2565264,8,2626.02
2565264,9,6852.68
2565264,10,2006.49
2565264,11,11933.54
2565264,12,2670.87
2565264,1,20239.8
2565264,3,12243.12
2565264,5,939.11
2565264,7,1397.68
2565264,9,1343.66
2565264,11,1173.52
2565264,13,110.51
2565264,1,10302.34
2565265,1,461.57
2565265,2,92.31
2565265,1,2999.41
2565265,1,2492.35
2565265,1,730.76
2565265,3,514.79
2565265,1,4359.01
2565265,3,1028.6
2565265,5,114.26
2565265,7,564.83
2565265,1,23.41
2565265,2,2933.26
2565265,1,5921.83
2565265,3,381.15
2565265,1,3497.74
2565265,1,13666.59
2565265,1,292.35
2565265,2,111.36
2565265,3,372.76
2565265,4,2846.99
2565265,5,277.93
2565265,6,302.06
2565265,7,814.61
2565265,8,1319.58
2565265,9,234.22
2565265,10,877.74
2565265,11,1821.76
2565265,12,251.52
2565265,13,16.96
2565265,14,203.22
2565265,15,259.15
2565265,16,201.35
2565265,17,2434.61
2565265,18,5187.36
2565265,19,946.47
2565265,20,165.76
2565265,21,5704.59
2565265,22,488.89
2565265,23,98.43
2565265,24,181.93
2565265,25,65.17
2565265,26,230.85
2565265,27,169.36
2565265,28,97.1
2565265,29,236.03
2565265,30,12600.79
2565265,31,3664
2565265,32,476.4
2565265,33,109.51
2565265,34,251.79
2565265,35,335.98
2565265,36,2193.28
2565265,1,3184.27
2565265,2,714.56
2565265,3,1272.43
2565265,4,3600.59
2565265,5,2948.8
2565265,6,2860.51
2565265,1,7433.84
2565265,2,122.13
2565265,3,93.82
2565265,4,168.09
2565265,5,3043.27
2565265,6,5406.92
2565265,1,1530.42
2565265,2,1317.06
2565265,3,12596.88
2565265,1,367.6
2565265,1,2406.9
2565265,1,6461.29
2565212,1,41515.01
2565212,1,30285.17
2565212,1,26044.07
2565212,1,64867.21
2565212,1,10417.63
2565212,1,22025.58
2565212,1,79842.72
2565212,1,5189.38
2565212,1,5208.81
2565202,1,3098.55
2565202,2,11036.52
2565202,3,20460.47
2565202,4,9780.14
2565202,5,13341.63
2565202,6,13341.63
2565202,7,1642.56
2565202,8,2340.46
2565202,9,3098.55
2565202,10,3056.43
2565202,11,26683.26
2565202,12,13772.43
2565202,13,3098.55
2565202,1,5301.82
2565202,2,7028.86
2565202,3,79.27
2565202,1,191.76
2565202,2,409.37
2565203,1,9565.53
2565203,1,27863.35
2565203,2,21604.24
2565203,3,6180.77
2565203,4,1248.99
2565203,5,671.14
2565203,6,4161.48
2565203,7,379.64
2565203,8,1079.24
2565203,9,1715.65
2565203,10,2734.07
2565203,11,4523.31
2565203,1,4693.08
2565203,1,15063.8
2565203,3,25936.93
2565203,1,4917.35
2565203,2,1560.56
2565203,3,7248.64
2565203,4,3671.04
2565203,5,3012.52
2565203,6,399.2
2565203,7,733.76
2565203,8,11979.29
2565169,1,243230.53
2565238,1,51011.73
2565238,2,34514.48
2565238,3,34514.48
2565238,4,10638.32
2565238,5,8776.46
2565238,6,420.42
2565238,7,231
2565238,8,70.84
2565238,10,123.2
2565238,11,70.84
2565238,9,2100.56
2565361,1,21980
2565361,2,13800
2565361,3,20850
2565361,4,9747
4538987,1,29258
4539065,1,16211.33
2565157,1,317.16
2565157,1,1657.38
2565157,1,424.63
2565157,1,11813.52
2565157,2,2633.56
2565157,3,1408.93
2565157,1,1611.2
2565157,1,1457.99
2565157,2,3258.19
2565157,3,1871.18
2565157,4,15380.56
2565157,5,9683.57
2565157,1,35.79
2565157,2,1960.06
2565157,3,2959.61
2565157,4,12229.26
2565157,5,12229.26
2565157,6,15926.3
2565157,7,154.3
2565157,8,149.52
2565157,9,43.03
2565157,10,51.58
2565157,11,4468.05
2565157,12,57.45
2565157,13,1804.82
2565157,14,12229.26
2565157,15,11375.74
2565157,16,3320.57
2565157,1,629.56
2565157,2,209.85
2565157,1,2390.44
2565157,1,1660.33
2565157,1,6201.32
2564934,1,14833.06
2564934,2,32004.86
2564935,1,22016.94
2564935,2,13858.44
2564712,1,58588.06
2564777,1,74856.15
2564777,1,74856.15
2564783,1,153788.4
2615543,1,5330.29
2615543,1,17559.91
2615543,1,9691.95
2565247,1,10293.01
2565247,1,21404.55
2565247,1,16232.61
2565247,1,2360.28
2565247,1,1016.42
2565247,1,64393.01
2565247,1,115329.42
2615549,1,3951.16
2615528,1,1124.6
2615527,1,3802.36
4539001,1,69218.8
4539001,2,1794.19
4539001,1,144497.11
4539017,1,104735.36
4539017,2,131.73
4539017,3,85.97
4539017,5,21.09
4539017,4,64.36
2615562,1,16067.26
2615562,1,17643.79
2615562,1,9738.24
4539061,1,6894.68
4539061,2,54.29
105504620,1,241983
4539073,1,2000
2615601,1,3519.32
105504578,1,42995
2564925,1,25000
2565017,1,56226.29
2565150,1,27362.99
4539007,1,4175.73
2564804-1,1,107208.13
2564804-1,2,17733.51
2564804-2,1,37014.9
2564855-1,1,115778.22
2564855-1,2,10539.66
2564855-2,1,86720.06
2565046,1,16328.47
2564986,1,66169.32
2565004,1,223.76
2565004,1,832.67
2565004,1,27191.48
2565063,1,49398.26
2565088,1,49833.29
2565030,1,14250.3
2565028,1,22563.58
2564916,1,147509.9
2565048,1,42676.67
2565092,1,30450
2565094,1,30450
2565134,1,127658.92
2565137,1,36741.35
2565207,1,28451.12
2564987,1,44557.52
2565164,1,29212.5
4539057,1,310659.5
4539056,1,24310.92
4539056,2,1081.28
4539056,3,991.18
4539036,1,19593.11
4539064,1,10435.81
4539067,1,1811.91
4539067,2,3368.72
4539067,3,1558.76
4539067,4,2771.13
4539067,5,2510.86
4539067,6,6061.85
4539067,7,6310.02
4539067,8,8421.8
4539067,9,5053.08
4539067,1,623.66
4539067,1,497.06
2615595,1,20943.7
2615577,1,843.9
2615577,2,1265.85
2615577,3,1265.85
2615577,4,686.59
2615577,5,2109.75
2615577,6,843.9
2615577,7,421.95
2564722,1,74856.15
2564722,1,74856.15
2564722,1,74856.15
2564722,1,74856.15
2564823,1,44271.06
2564956,1,58252.8
2564824,1,44271.06
2564793,1,42050.65
2564809,1,22222.16
2564809,1,27014.57
2565011,1,129320.58
2565061,1,33961.69
2565059,1,58026.51
2565263,1,7006.92
2565263,1,9521.97
2565263,1,9752.37
2565263,1,44280.58
2565263,1,7982.21
2565263,1,43554.82
2565263,1,13768.47
2565263,1,1747.63
2565263,1,311.04
2615576,1,15511
2615581,1,4223
2615568,1,3883.59
2615569,1,22749.91
2615569,2,3935.16
2615569,3,1734.3
4539024,1,40837.5
4539024,2,1601.16
4539024,3,3672
4539024,4,1718.2
4539024,5,74700
4539060,1,5382.36
4539078,1,43
4539079,1,222.71
4539079,2,2901.26
4539079,3,670.51
4539079,4,7797.79
4539081,1,17981.85
4539081,2,1421.91
4539081,3,24302.28
4539081,4,437.41
4539081,5,11084.71
4539081,6,5054.83
4539081,7,22009.33
4539081,8,877.35
4539081,9,13582.5
4539081,10,184.04
4539081,11,126.06
2565069,1,129960
2565084,1,2117.24
2565084,2,5396.87
2565084,3,9549.24
2565084,4,15832.55
2565084,5,4664.61
2565084,6,3625.59
2565084,7,52142.09
2565042,1,35244
2565042,2,37200
2615480,1,7873.6
2565423,1,14600
2565423,2,12610
2565423,3,12216
2565423,4,1761.6
2565423,5,6278.4
2565423,6,543.6
2565423,7,159.5
2565423,8,782.4
2565423,9,2775
4539019,1,27022
4539038,1,391.57
2565290,1,32062.95
2565291,1,96188.86
4539052,1,25709.2
4539054,1,3076.67
4539028,1,5663.25
4539077,1,160.65
4539077,2,821.94
4539084,1,13953.38
2615583,1,8786.06
2615566,1,21996.91
2564678,1,74856.15
2564678,1,74856.15
2564678,1,74856.15
2564678,1,74856.15
2565089,1,47250.6
2615501,1,35920
2615501,2,88403.55
2564886,1,50587.5
2564859,1,27274
2564878,1,28251
105504571,1,71750
2564880,1,74421.04
2564880,1,74421.04
2564918,1,74421.04
2564918,1,74421.04
2564918,1,74421.04
2564918,1,74421.04
2564918,1,74421.04
105504579,1,51435
2564781,1,58012.5
2564884,1,58012.5
2565041,1,3600
2565041,2,750
2565041,3,6000
2565041,4,1300
2565041,5,900
2565041,6,3000
2565057-1,1,33693.79
2565057-1,2,3344.15
2565057-2,1,23139.2
2565058,1,56277.58
105504595,1,57990
105504596,1,40390
105504597,1,40390
2564946,1,5961.82
2564946,2,74316.07
2565038,1,30159.55
2565038,2,7824.06
2565106,1,92230
2565102,1,731595.34
2565090,1,35796.34
2565001,1,2725
2615536,1,19934.25
2565231,1,459178.01
2565189,1,58086.34
2565189,2,1375.71
2565213,1,48020
2565254,1,48020
2565209,1,33928.19
2565187,1,34392.19
2615609,1,3267.26
2615609,2,2437.3
4539051,1,14441.98
4539051,2,471.96
2615610,1,11724.24
2615610,2,59756.04
4539093,1,2891.96
4539094,1,990.44
2615594,1,956.32
2615594,2,956.32
2615594,3,956.32
2615594,4,478.16
2615594,5,956.32
2615594,6,478.16
2615594,7,478.16
2615594,8,956.32
2615594,9,956.32
2615594,10,956.32
2615594,11,478.16
2615594,12,478.16
2564642,1,54757.36
2564870,1,44640
2615461,1,35000
2615461,2,2500
2615461,4,3150
2565024,1,56691.48
105504602,1,66500
2565193,1,68700
2565220,1,160160.1
2565215,1,7696
2565215,1,2644.36
2565215,1,4164.4
2565215,1,6836.36
2565215,2,5245.94
4539083,1,19538.6
4539083,2,51069.21
4539083,3,13181.75
4539083,4,4077.38
4539083,5,1341.24
4539083,6,1019.35
4539083,7,2360.59
4539083,8,1555.84
4539095,1,4358
4539096,1,970.63
4539097,1,46955.75
4539102,1,526.67
2564894,1,72717.5
2565085,1,1275.73
2565085,1,963.64
2565085,2,3071.67
2565085,1,68870.77
2565085,1,4213.76
2565085,1,2359.01
2565085,1,18371.46
2565165,1,20500
2565262,1,124485.24
2565162,1,20878.55
2565204,1,20878.55
2565205,1,20878.55
2615548,1,6714.72
2615556,1,1128.88
2615564,1,16097
2615564,2,121.95
4539069,1,3817.76
4539069,2,1417.31
4539069,3,4957.59
4539069,4,877.89
4539069,5,899.43
4539069,6,1327.6
4539069,7,1059.69
4539069,8,631.51
4539069,9,215.29
4539069,10,1106.34
4539069,11,995.1
4539069,12,313.37
4539069,13,1740.24
4539069,14,119.6
4539069,15,221.27
4539069,16,612.37
4539069,17,1314.45
4539069,18,753.5
4539069,19,179.41
4539069,20,71.77
4539069,21,325.33
4539089,1,1148.74
4539089,1,1148.74
4539089,1,1886.56
4539089,2,352.1
4539089,3,141.14
4539089,4,2297.48
4539089,5,790.7
4539089,6,117.2
4539089,7,212.95
4539089,8,1804.02
4539089,9,9.9
4539089,10,89.47
4539015,1,468.3
105504629,1,99176.58
105504630,1,135400.65
2564794,1,69615
2564899,1,159716.88
2564873,1,39446.26
2564873,2,3972.16
2564873,3,3011.34
2564873,4,61438.42
2564873,5,8893.66
2564873,6,34341.6
2564873,7,11511.41
2565142,1,22180
2615624,1,1669.98
2564730,1,37671.62
2564914,1,46410
2564999,1,92775.38
2565093,1,31000
2565096,1,60900
2565116,1,224958.2
2565117,1,95744.19
2565214,1,27112.2
2565166,1,60900
2565307,1,63829.46
2565267,1,2388.78
2565315,1,14225.56
2565252,1,42676.67
2565366,1,28744.09
2565239,1,26688.42
2565239,1,2870.61
2565239,1,680.66
2565401,1,16328.47
2565018-1,1,37762.41
2565018-2,1,36516.91
2565018-2,2,2804.7
4539091,1,222448.85
4539091,2,10738.91
4539091,3,13807.17
4539091,4,920.48
4539091,5,2301.2
4539091,6,306.83
4539091,7,230.12
4539104,1,1909.64
4539104,2,275.67
4539104,1,38.21
4539104,1,3558.24
4539104,2,1300.47
4539104,3,6104.04
4539104,4,1582.07
4539104,5,585.27
4539104,6,900.42
4539104,7,1218.45
4539104,8,216.67
4539104,9,708.06
4539104,10,7.08
4539104,11,244.87
4539104,12,59.01
4539104,13,497.32
4539108,1,16167.37
4539035,1,46944.38
2565143,1,52524
2615462,1,124887.5
2615462,2,20.6
2564812,1,58011.56
4539068,1,10668.29
4539068,2,1204.56
4539068,3,8334.46
4539068,4,9591.7
4539068,5,988.2
4539068,6,27
4539050,1,12631.59
2615518,1,11650
2615518,2,5860
2615518,3,1660
2615518,4,2211
2615600,1,107.1
2615600,2,107.1
2615600,3,107.1
2615600,4,142.8
2615600,5,107.1
2615600,6,107.1
2615600,7,107.1
2615600,8,107.1
2615600,9,107.1
2615600,10,107.1
2615600,11,107.1
2615600,12,107.1
2615600,13,142.8
2615600,14,142.8
2615600,15,107.1
2615600,16,111.71
2615600,17,107.1
2615600,18,107.1
2615600,19,107.1
2615600,20,107.1
2615600,21,71.4
2615600,22,35.7
2615600,23,107.1
2615600,24,107.1
2615600,25,93.13
2615600,26,30.42
4539082,1,16000
4538984,1,30260
4539086,1,6339.92
4539116,1,835.1
4539116,2,1280.5
4539116,3,1113.49
105504631,1,233225.15
4539122,1,1570.94
4539130,1,11126.85
2565019,1,38626.9
2565019,2,4803.48
2565019,3,256.9
2565019,4,185.36
2565019,5,652.22
2565196,1,48450
2565268,1,8919.13
2565268,2,943.5
2565268,3,1808
2565219,1,133906.79
2565219,2,3413.11
2565240,1,127795.9
2565384,1,32062.95
2565071,1,12124
2565071,2,26476.53
4539119,1,3528
4539129,1,449.39
4539076,1,1696.8
4539085,1,8412.32
4539087,1,811.93
4539087,1,6999.19
4539087,1,229.66
4539087,1,798.97
4539087,1,241.48
4539087,1,2946.24
4539087,2,264.54
4539087,1,1387.85
4539087,1,11155.1
4539087,1,719.1
4539087,1,250.33
4539087,1,1392.31
4539087,1,583.98
4539087,1,223.48
4539087,1,332.06
4539087,1,89.39
4539087,2,38.27
4539087,1,73.9
4539087,1,88.13
4539087,2,74.21
4539087,1,390.35
4539087,1,504.03
4539087,1,112.56
4539087,1,583.98
4539087,1,1541.72
4539087,1,338.09
4539087,1,1606.93
4539101,1,1502.41
4539101,2,1502.41
4539101,3,4898.36
4539101,4,4898.36
4539101,5,543.07
4539101,6,705.75
4539101,7,2110.07
4539101,8,382.78
4539101,9,412.68
4539101,10,263.16
4539101,11,1961.73
4539101,12,476.08
4539101,13,777.52
4539101,14,179.43
4539101,15,90.91
4539101,16,155.5
4539101,17,1082.54
4539101,18,1672.26
4539088,1,14334.39
4539088,2,570.24
4539117,1,1407.96
4539124,1,6183.96
4539124,1,900.84
4539133,1,1279.25
2564939,1,3200
2564928,1,58012.5
2564917,1,46410
2615521,1,38459.63
2615486-1,1,38554.96
2615486-1,2,16588.49
2615486-2,1,35617.05
2565133,1,30375
2565211,1,31304.87
2565211,2,12282.37
2565211,3,60.12
2565211,5,476.36
2565211,6,3990
2565211,7,45.87
2565211,8,305.06
2565211,4,3788.96
2565250,1,48773.34
2565255,1,16900
2565047,1,32330.15
2565197,1,62839.85
2565226,1,30713.64
2615546,1,26262.73
2615586,1,2943.89
2565311,1,98606.97
2565425,1,118752.48
4539053,1,1918
4539053,2,918.8
2565347,1,29925.62
4539013,1,2701.96
2615597,1,16279.73
2615597,1,17877.11
2615597,1,9867.01
4539090,1,560
4539092,1,5000
2615611,1,8626.48
4539106,1,9392.31
4539136,1,171.55
4539138,1,22680.3
4539138,1,17593.26
4539120,1,113400
2564895,1,44271.06
2564915,1,44640
105504619,1,100225.02
2565259,1,59858.19
4539037,1,1283.6
4539037,2,992.47
4539037,3,31.88
4539037,4,473.06
4539037,5,34.47
4539037,6,274.31
4539037,7,51.11
4539037,8,6.35
4539037,9,1501.72
4539037,10,156.84
4539037,11,115.06
4539037,12,442.89
4539037,13,198.11
4539037,14,898.49
4539037,15,694.03
4539037,16,1145.49
4539037,17,25.58
4539037,18,394.32
4539037,19,28.5
4539037,20,908.01
4539037,21,284.47
4539037,22,85.72
4539037,23,8079.44
4539037,24,22.92
4539037,25,162.55
4539037,26,434.32
4539037,27,19957.26
4539037,28,273.04
4539037,29,19376.57
4539037,30,548.27
4539037,31,1014.06
4539037,32,3409.82
2565356,1,21538.65
2565476,1,856.24
2565476,2,854.88
2565476,3,463.99
2565476,4,131.95
2565476,1,1946.77
2565476,2,10539.92
2565476,3,5340.22
2565476,1,7845.64
2565476,2,29.79
2565476,1,9910.21
2565476,1,110.19
2565476,2,115
2565476,1,4722.98
2565476,1,2791.74
2565476,2,178.08
2565476,3,6314.81
2565476,4,1181.72
2565476,5,2372.25
2565476,6,183.87
2565476,7,883.8
2565476,8,213.19
2565476,9,348.24
2565476,10,7465.99
2565476,11,630.28
2565476,1,5770.84
2565476,1,248.2
2565476,2,190.66
2565476,1,111.63
2565476,1,2212.02
2565476,2,113.81
2565476,3,248.2
2565476,4,369.19
2565476,1,1158.85
2565476,2,82.06
2565476,3,215.85
2565476,4,461.26
2565476,5,53.35
2565476,6,124.66
2565476,7,921.46
2565476,8,415.45
2565476,9,1055.11
2565476,10,484.83
2565476,11,837.71
2565476,12,219.89
2565476,13,340.18
2565476,14,447.64
2565476,15,233.93
2565476,16,1535.8
2565476,17,14551.48
2565476,18,4782.04
2565476,19,3085.8
2565476,20,453.7
2565476,21,103.97
2565476,22,21.8
2565476,23,432.25
2565476,24,113.59
2565476,25,1257.74
2565476,26,600.12
2565476,27,90.1
2565476,28,539.23
2565476,29,523.4
2565476,30,100.25
2565476,31,340.2
2565476,32,103.48
2565476,33,922.07
2565476,34,3242.86
2565476,35,3589.54
2565476,36,3679.86
2565476,37,867.1
2565476,1,213.09
2565476,2,102.57
2565476,3,836.38
2565476,4,2991.11
2565476,1,480.05
2565476,2,798.41
2565476,1,849.59
2565476,1,5026
2565478,1,1453.36
2565478,2,12882.32
2565478,3,12882.32
2565478,4,8975.65
2565478,5,8865.52
2565478,1,6463.13
2565478,2,7638.34
2565478,3,249.72
2565478,4,649.2
2565478,5,871.78
2565478,6,737.44
2565478,7,1794.15
2565478,8,14832.55
2565478,9,6194.79
2565478,10,6794.37
2565478,1,26621.91
2565478,2,860.75
2565478,3,86.64
2565478,4,59.2
2565478,5,1718.89
2565478,6,860.03
2565478,7,997.5
2565478,8,3232.88
2565478,9,807.76
2565478,10,1492.02
2565478,11,2314.59
2565478,12,2371.51
2565478,13,3382.16
2565478,14,17490.76
2565478,15,1055.9
2565478,16,790.01
2565478,17,9248.41
2565478,18,1058.27
2565478,1,200.37
2565478,2,5181.84
2615604,1,15100.06
2565352,1,9977.25
2565352,1,4886.1
2565352,1,9837.13
2565352,2,810.68
2565352,1,5267.87
2565352,2,358.97
2565352,1,8985.84
2565352,2,9997.35
2565352,3,149.94
2565352,4,31.78
2565352,5,156.27
2565352,6,66.13
2565352,7,17.59
2565352,8,2809.25
2565352,9,4746.47
2565352,10,16922
2565352,11,52595.24
2565352,12,3351.84
2565352,13,2293.64
2565352,14,754.79
2565352,16,91.63
2565352,15,3115.51
2565352,17,767.19
2565352,18,6323.9
2565352,19,245.78
2565352,20,4746.47
2565352,21,3954.04
2565352,22,2715.25
2565352,23,9591.96
2565352,24,5555.55
2565352,1,118.17
2565352,2,2934.53
2565352,1,4680.88
2565352,1,4846.5
2565352,2,625.5
2565352,3,747.09
2565352,1,2939.09
2565352,2,762.72
2565352,3,720.74
2565352,4,4697.31
2565352,5,19507.89
2565352,6,1161.87
2565352,7,1697.76
2565352,8,19507.89
2565353,1,16553.05
2565353,2,12414.8
2565353,3,1378.58
2565353,1,1846.66
2565353,2,2422.32
2565353,1,923.34
2565353,2,11467.24
2565353,3,2422.32
2565353,1,4370.9
2565353,2,2191.37
2565353,3,392.13
2565353,4,193.02
2565353,5,2573.87
2565353,6,20522.38
2565353,7,28.69
2565353,8,63.06
2565353,9,72.6
2565353,10,125.87
2565353,11,1123.71
2565353,12,12272.94
2565353,1,1646.44
2565353,2,582.18
2565353,3,1263.6
2565353,4,1706.74
2565353,5,1407.91
2565353,1,6681.61
2565353,2,20750.55
2565353,1,199.8
2565353,1,33.84
2565477,1,1532.43
2565477,1,391.09
2565477,2,73441.8
2565477,3,77.24
2565477,4,1023.08
2565477,5,16118.3
2565477,6,16118.3
2565477,7,12088.73
2565477,8,8059.15
2565477,9,967.36
2615612,1,26508.08
4539098,1,2420
4539023,1,8371.3
4539114,1,2420
4539107,1,3790.2
4539121,1,1446
4539139,1,1099
2564714,1,164994.58
2565020,1,126.42
2565020,2,2221.38
2565020,3,120.45
2565020,4,2507.55
2565020,5,4.71
2565020,6,1408.29
2565020,7,385.54
2565020,8,823.18
2565020,9,556.51
2565020,10,137.75
2565020,11,245.18
2565020,12,2377.18
2565020,13,18.18
2565020,14,2163.42
2565020,15,37.6
2565020,16,2218.4
2565020,17,870
2565020,18,930
2565020,19,1298.7
2565020,20,1922.4
2565020,21,1320.3
2565020,22,17646.75
2565020,23,1125.6
2565020,24,2082.6
2565020,25,4602
2565020,26,1240
2565020,27,2524.8
2565020,28,3127.32
2565020,29,1321.74
2565020,30,1135.2
2565020,31,2575.8
2565020,32,2628
2565020,33,882.28
2565020,34,4809.6
2565020,35,960.12
2565020,36,2.46
2565020,37,807.6
2565020,38,1339
2565020,39,2223.45
2565371,1,127621.15
2565008,1,43630.5
2565113,1,224958.2
4538981,1,887.91
4538981,2,1173.91
4538981,3,844.39
4538981,4,777.45
4538981,5,225.88
4538981,6,21.49
4538981,7,700.15
4538981,8,314.92
4538981,9,1005.59
4538981,10,3914.96
4538981,11,365.96
4538981,12,440.68
4538981,13,8105
4538981,14,166.73
2565172,1,2145
105504608,1,41995
105504612,1,48093
2565359,1,270236.4
4539029,1,4074.63
4539029,2,306.06
4539029,3,137.15
4539029,4,10336.8
4539029,5,784.83
4539029,6,1084.34
4539029,7,35.56
4539029,8,39.24
4539029,9,2440.84
4539029,10,403.84
4539029,11,1801.55
4539029,12,21.01
4539029,13,2287.18
4539029,14,188.59
4539029,15,347.33
4539029,16,1009.61
4539029,17,1053.42
4539029,18,875.63
4539029,20,322.57
4539029,19,85.21
4539029,21,119.12
4539029,22,3.17
4539029,23,5633.5
4539029,24,1074.38
4539029,25,3355.84
4539029,26,3.17
105504616,1,59995
2615570,1,5129.9
2615582,1,3840.49
2615582,1,1135.88
2615578,1,3997.6
2565281,1,9990.77
2565281,1,10853.17
2565281,1,12492.9
105504638,1,141336
105504638,1,217180
4539100,1,21032.49
4539099,1,584.35
4539157,1,4013.82
4539155,1,440.21
4539155,2,33745.48
4539155,3,11354.22
4539155,4,9083.37
4539155,5,5937.18
4539155,6,36561.82
4539155,7,1471.61
4539155,8,61.84
4539155,9,1296.54
4539155,10,114.18
4539155,11,114.18
4539155,12,1014.91
4539155,13,5.84
4539155,14,2080.54
4539155,15,8.37
4539155,16,757.37
4539155,17,11665.02
4539155,18,2854.41
4539155,19,219.79
4539155,20,59
4539155,21,110.37
4539155,22,110.37
4539155,23,115.44
4539155,24,138.28
4539155,25,4567.06
4539155,26,1255.94
4539155,27,898.18
4539155,28,275.93
4539155,29,254.99
4539155,30,178.88
4539155,31,2078.01
4539155,32,508.72
4539155,33,508.72
4539155,34,348.87
4539159,1,510.55
4539158,1,9593.86
2564766,1,10000
2564973,1,99532.6
2565052,1,30632.36
2565053,1,43986.24
2565054,1,28915
2565055,1,32689
2565056,1,29709
2564994,1,54145
2565112,1,55338.83
2564993,1,30209.56
2564995,1,55338.83
2565010,1,50587.5
2565245,1,130132.93
2565382,1,129320.58
2565481,1,11919.39
2565481,3,5972.71
2565481,4,9931.53
2565481,5,4117.54
2565481,6,13395.73
2565481,7,7528.78
2565481,2,11481.86
2564876,1,73684
2565007,1,84675.94
2565225,1,158097.75
2565225,2,7679
2565225,3,448
2565208,1,71697.28
2565208,1,4616.11
2565208,1,15485.76
2565208,1,14749.44
2565208,1,66766.57
2565398,1,152389.62
2565398,1,884.62
2565398,1,1048.04
2565399,1,158380.63
2615614,1,44116.87
2565378,1,24889.5
2565390,1,30640.39
2565390,1,144751.99
2565391,1,27346.04
2565407,1,65148
2565407,2,600
4539123,1,690
4539123,2,442.5
4539123,3,840
2565210,1,22563.58
105504661,1,240485.5
4539165,1,46867.51
105504662,1,129041
2564547,1,74856.15
2564547,1,74856.15
2564547,1,74856.15
2564547,1,74856.15
2615526,1,30000
2615516,1,21401.1
2615516,2,44231.98
2565098,1,29010.89
2565098,2,105.08
2565098,3,42.67
2565098,4,1492.14
2565098,5,442.08
2565104,1,12273.8
2565104,2,12631.45
2615550,1,332.15
2615553,1,8729.65
2565060,1,42899.58
2565244,1,224958.2
2565243,1,224958.2
2565132,1,32597.34
2565275,1,160535.53
2565436,1,98606.97
4539115,1,12831.33
4539135,1,429.21
4539135,1,89.15
4539135,1,502.34
4539135,2,131.58
4539135,1,123.33
4539135,1,1153.44
4539135,1,975.03
4539135,1,185.68
4539135,1,1036.9
4539135,1,10972.32
4539135,1,1262.46
4539135,1,880.49
4539135,1,2587.08
4539135,1,1461.7
4539135,2,1555.66
4539135,1,451.36
4539135,1,866.62
4539135,1,164.46
4539135,1,4140.88
2615625,1,10595.54
2615625,2,423.82
2615625,3,423.82
2615625,4,423.82
4539147,1,260.26
4539147,1,1643.33
4539147,2,1149.54
4539147,3,8482.96
4539147,4,9461
4539147,5,202.14
4539147,6,277.22
4539147,7,2152.48
4539147,8,502.41
4539147,9,369.63
4539147,10,328.67
4539147,1,3462.43
4539147,2,427.12
4539147,3,354.76
4539147,4,435.44
4539147,5,13.01
4539147,6,343.1
4539147,7,537.15
4539147,8,861.04
4539147,9,765.65
4539103,1,9843.12
4539103,2,926.31
4539103,3,44.82
4539103,4,2.19
4539103,5,1030.15
4539103,6,1193.51
4539103,7,1075.71
4539103,8,20.72
4539103,9,562.46
4539103,10,280.88
4539103,11,448.21
4539103,12,577.7
4539103,13,173.07
4539103,14,54.37
4539103,15,53.79
4539103,16,173.31
4539103,17,1124.93
4539103,18,470.13
4539103,19,47.81
4539103,20,18.33
4539103,21,39.64
4539103,22,20.92
4539103,23,25.1
4539156,1,19730.08
4539151,1,426.74
4539151,2,3413.92
4539151,3,188.58
4539151,4,374.76
4539151,5,304.64
4539151,6,683.03
4539151,7,302.23
4539151,8,19.34
4539151,9,12.09
4539151,10,805.12
4539151,11,287.72
4539151,12,60.45
4539151,13,355.41
4539151,14,1094.06
4539151,15,265.96
4539151,16,478.73
4539151,17,236.95
4539151,18,232.11
4539151,19,322.78
4539128,1,21200
4539144,1,4938.14
4539144,2,72
4539144,3,2312.3
4539146,1,3960
4539146,2,23259.5
4539167,1,16560.72
4539169,1,5186.7
4539168,1,3906.8
2615627,1,6295.43
105504617,1,101993
2564866,1,92775.38
105504618,1,66805
105504601,1,65727
2565198,1,21395.29
105504605,1,61995
105504606,1,63995
2565354,1,3421
2565354,1,40324.14
2565354,2,945
2565354,1,2146.76
2565489,1,32062.95
4539170,1,6943.51
4539170,2,5726.59
4539170,3,5198.83
4539170,4,780
4539170,5,1151.18
4539172,1,20220.64
4539172,2,5718.82
4539172,3,2498.51
4539172,4,860.6
4539172,5,555.23
4539172,6,3553.44
4539172,7,1382.51
4539172,8,157.68
4539172,9,2887.17
4539172,10,3164.78
4539172,11,4648.35
4539171,1,26093.53
4539175,1,8385.2
2565284,1,127343.43
2615495-1,1,98725
2615520-1,1,562687.36
2615495-4,1,4157.48
2615495-4,2,2670.1
2615495-4,3,12624
2615495-4,4,4538.4
2615495-3,1,261192.75
2564780,1,55338.83
2564913,1,54145
2564919,1,236373.98
2564996,1,25741.49
2615495-2,1,20219.72
2565087,1,5200.39
2565087,2,42879.88
2565087,3,6379.81
2565087,4,564.9
2565087,5,1484.17
2565087,7,3061.87
2565087,6,4074.49
2565087,8,5361.03
2565087,9,18085.08
2565087,10,1816.54
2565087,11,22269.93
2565087,12,8258.46
2565087,13,18601.79
2565159,1,19814.44
2565159,2,28282.97
2615484,1,15974.6
2615484,2,14837.06
2615484,3,4502.94
2615484,4,1554
2615505-1,1,18581.99
2565141,1,13756.91
2565141,2,38850.84
2615552,1,6612
2615552,2,603.75
2615505-3,1,333551.04
2615505-3,2,1814.93
2615505-3,3,2907.09
2615505-3,4,27211.09
2615505-3,5,2034.69
2615505-3,6,1280.22
2615505-3,7,72.7
2615505-3,8,3555.69
2615505-2,1,79731.79
2615505-4,1,8425.62
2615580,1,9500
2615580,2,14500
2565261,1,87706.34
2565261,1,5166.05
2565261,1,41483.23
2565261,1,46594
2615525-6,1,106344.4
2615525-5,1,4162.91
2615525-5,1,8038.92
2615525-5,1,8325.81
2615525-2,1,6239.09
2615525-2,1,16721.88
2615525-2,1,6239.09
2615525-2,1,10867.47
2615525-1,1,46520
2615525-3,1,14950.38
2615525-4,1,30680.68
2615525-4,2,3793.56
2615525-4,3,9483.9
2565260,1,50944.84
2565260,1,43037.13
2565260,1,47109.43
2565314,1,35354.03
2565136,1,28856.25
2565155,1,28856.25
2565362,1,2014967.57
2565554,1,2545.84
2565554,1,15219.28
2565554,2,24543.03
2565554,3,2381.97
2565554,4,8623.01
2565554,1,9339.64
2565554,1,16756.06
2565554,2,16756.06
2565539,1,43781.29
2565539,1,48190.36
2565539,1,43442.53
2565539,1,48804.57
4539131,1,171.65
4539131,2,171.65
4539131,3,1006.88
4539131,4,661.19
4539131,5,1724.52
2615615,1,27313.41
2615615,1,35992.11
2615615,1,9932.67
4539134,1,5518.96
4539134,2,1789.71
4539183,1,3386.3
4539160,1,95566.8
4539176,1,27281.86
4539176,2,2869.61
4539176,3,5950.4
2615626,1,1302.25
2565280,1,5790.05
2565280,2,64342.56
2565280,3,33.88
2565280,4,827.75
2565280,5,707.85
2565280,6,140
2565280,7,147
2565280,8,1892.22
2565280,9,70.3
2565114,1,6993.9
2565114,1,5606.19
2565114,1,14152
2565114,1,4419.88
2565389,1,22022.83
2565389,1,89065.49
4539125,3,1728
4539125,2,5184
4539125,1,46656
4539150,1,15344.79
4539150,2,2
4539150,3,1
4539150,4,1
4539150,5,7059.6
4539150,6,473.8
4539150,7,7857.39
4539150,8,1440.48
4539150,9,7712.49
4539198,1,14813
2565310,1,99916.45
2564976,1,9720
2615567,1,9367.16
2565034,1,133595.64
2565153,1,60930.75
2565153,2,6247.1
2565153,3,3574.5
2565153,4,3179.23
2565153,5,13360.35
2565073,1,17247.38
2564963,1,22337.21
2564963,1,22337.21
2564963,1,15854.38
2564963,1,12884.86
2564963,1,14509.09
2565195,1,146285.02
2564965,1,58188.51
2565126,1,32589
2565119,1,74421.04
2565119,1,74421.04
2565120,1,14672.34
2565120,1,22588.55
2565120,1,22588.55
2565120,1,22588.55
2565120,1,14672.34
2565109,1,84675.94
2565222,1,14509.09
2565222,1,22337.21
2565222,1,22337.21
2565040,1,22588.55
2565040,1,22588.55
2565040,1,13029.84
2565040,1,14672.34
2565253,1,117268.07
2565305,1,63829.46
2565035,1,16935.19
2565223,1,34057.5
2565223,2,4563
2565223,3,825.2
2565223,4,788.1
2565223,5,1141.2
2615547,1,2543.55
2615547,2,2212.42
2615547,3,3070.83
2565297,1,1640.45
2565297,2,1358.5
2565297,3,1191.5
2565297,4,211.25
2565297,5,694.95
2565297,6,133.2
2565297,7,199.5
2565297,8,83.7
2565297,9,20
2565297,10,130.5
2565297,11,145
2565297,12,8
2565297,13,42
2565295,1,290385.36
2565363,1,24675.89
2565363,1,4839.66
2565363,1,194.97
105504621,1,54685
105504624,1,47452
105504625,1,39900
2565296,1,24907.89
2565296,1,483.97
2565296,1,35805.42
2565296,1,33849.5
2565296,1,100620.91
2565296,1,100620.91
2565296,1,35805.42
2565296,1,11741.52
2565296,1,15509.44
2565296,1,49354.16
2565296,1,8613.44
2565296,1,14585.24
2565296,1,3801.9
2565296,1,1718.08
2565296,1,22029.67
2565296,1,253.51
2565296,1,201.65
2565296,1,1839.07
2565296,1,14010.53
2565296,1,1718.08
2565296,1,49354.16
2565296,1,14642.85
2565296,1,22905.42
2565296,1,9162.17
2565296,1,27764.67
2565296,1,5823.72
2565296,1,7487.65
2565296,1,201.65
2565296,1,1839.07
2565296,1,293.84
2565296,1,4220.87
2565296,1,593.43
2565296,1,44.84
2565296,1,1424.24
2565296,1,103.71
2565296,1,74.32
105504627,1,100359.94
2565473,1,126505.34
2615589,1,7055.57
4539201,1,15003.63
4539141,1,346.03
4539141,2,7178.79
4539141,3,583.3
4539141,4,255.69
4539141,5,479.02
4539141,6,816.34
4539141,7,45.55
4539141,8,144.18
4539141,9,427.82
4539141,10,128.88
4539141,11,2359.1
4539141,12,450.82
4539141,13,417.82
4539141,14,534.34
4539141,15,154.77
4539141,16,859.18
4539141,17,993.35
4539141,18,544.93
4539141,19,5657.66
4539141,20,572
4539141,21,2641.92
4539141,22,298.36
4539141,23,285.77
4539141,24,1353.22
4539141,25,294.24
4539141,26,96.5
4539141,27,330
4539148,1,2500
4539145,1,2326.8
2564940,1,180988.9
2565130,1,135897.2
2565130,2,540
2565270,1,129320.58
2565256,1,30075.01
2565304,1,16521.83
2565304,2,11340.35
2565313,1,17907.12
2565338,1,19237.5
2565340,1,28856.25
2565349,1,19237.5
2565502,1,26518.89
2565616,1,38346.95
2564992,1,33203.3
2565122,1,40040
2565277,1,154000
2615551,1,59514.16
2615551,2,1584
2615551,3,630
2565364,1,253217.93
2565279,1,57164.4
2565355,1,64384.32
2565358,1,64384.32
2565309,1,48773.34
2565316,1,42676.67
2565350,1,166536.22
2615602,1,3649.8
2615602,3,409.2
2615602,4,373.2
2615602,6,1763
2615602,2,20979.6
2615602,5,1647.63
2615602,7,3243.31
2615602,8,8629.34
4539142,1,4323.02
4539178,1,574901.79
4539178,2,32091.15
4539178,3,13753.35
4539178,4,9550.94
4539178,5,1910.19
4539162,1,12826.72
4539191,1,60.3
4539191,2,114.35
4539191,1,768.78
4539191,1,2109.08
4539191,1,1423.53
4539191,2,355.88
4539191,1,43.35
4539191,1,999.76
4539191,1,577.76
4539191,1,386.68
4539191,2,392.56
4539191,3,581.28
4539191,4,581.28
4539191,5,431.88
4539191,6,426.71
4539191,1,8457.96
4539191,2,488.77
4539191,3,278.84
4539191,1,162.92
4539191,2,8430.45
4539195,1,21200
2615662,1,5352
2565283,1,14509.09
2565283,1,22337.21
2565283,1,22337.21
2565283,1,22337.21
2565283,1,9912.73
2565000,1,66797.82
2565377,1,23912.24
2565372,1,68393.48
2565372,1,30588.81
2565372,1,5561.6
2565372,1,52414.05
2565372,1,28935.7
2565027,1,74421.04
2565027,1,74421.04
2565027,1,74421.04
2565027,1,74421.04
2565027,1,74421.04
2565027,1,74421.04
2565027,1,74421.04
2565140,1,270000
2565044,1,15091.46
2565312,1,17907.12
2565337,1,40500
2565406,1,10885.56
2565406,2,7555.44
2565406,3,685.53
2565406,1,26784
2565406,2,2849
2565406,3,2821
2565406,4,2510.2
2565406,5,19595.52
2565406,1,107.72
2565555,1,523.26
2565555,2,721.77
2565555,3,204.87
2565555,4,315.15
2565555,1,2813.66
2565555,1,3374.63
2565555,1,8406.9
2565555,2,8406.9
2565555,3,4052.87
2565555,4,1705.73
2565555,5,9082.02
2565555,6,617.85
2565555,7,1136.53
2565555,8,2836.96
2565555,9,4052.87
2565555,10,3219.62
2565555,11,828.56
2565555,12,1270.34
2565555,1,1151.84
2565555,2,1151.84
2565555,3,6605.32
2565555,1,2507.9
2565555,2,2689.99
2565555,3,829.81
2565555,4,601.65
2565555,5,146.41
2565555,6,58.85
2565555,7,336.99
2565555,8,1898.12
2565555,9,30.99
2565555,10,653.54
2565555,11,53.64
2565555,12,471.14
2565555,13,680.85
2565555,14,695.06
2565555,15,388.51
2565555,16,62.61
2565555,17,492.7
2565555,18,688.79
2565555,19,255.3
2565555,20,1352.92
2565555,21,1546.62
2565555,22,5183.72
2565555,23,1897.66
2565555,1,9698.34
2565555,2,14398.46
2565555,1,13948.08
2565555,2,2446.85
2565555,1,17788.48
2565555,2,74.77
2565555,3,243.72
2565555,1,240.35
2565383,1,243230.53
2565386,1,60900
2565509,1,25101.87
2565357,1,9940.1
2565357,2,12286.6
2565357,3,10660.43
2565357,4,6862.04
2565357,5,4586.11
2565357,6,9048.13
2565357,7,2488.23
2565357,8,1846.02
2565357,9,1517.76
2565357,10,1928.8
2565357,11,3191.93
2565357,1,1.77
2565357,2,1.77
2565357,3,1.77
2565357,4,1.77
2565357,6,1.77
2565357,5,1.77
2565357,7,1.77
2565357,8,1.77
2565357,9,1.77
2565357,10,1.77
2565357,11,1.77
4539184,1,171.65
4539184,2,1006.88
4539179,1,864
4539179,2,7693.2
4539199,1,1381.91
4539199,2,619.98
4539199,3,1547.84
4539199,4,619.98
2615628,1,417.28
2615628,2,834.55
2615628,3,543.19
2615628,4,543.19
2615628,5,417.28
2615628,6,834.55
2615628,7,834.55
2615628,8,1251.83
2615628,9,834.55
2615628,10,1251.83
2615628,11,417.28
2615648,1,15548
2615649,1,1227.65
2615649,2,818.43
2615649,3,1227.65
2615649,4,818.43
2615649,5,818.43
2615649,6,1227.65
2615649,7,1227.65
2615649,8,1227.65
2615649,9,818.43
4539203,1,487.04
4539208,1,28054.96
4539209,1,2193.37
4539209,2,2193.37
4539209,3,822.51
4539209,4,884.91
4539209,5,508
4539209,6,2523.64
4539209,7,1328
4539209,8,65.55
4539209,9,5113.45
4539209,10,3791.13
4539209,11,3791.13
4539209,12,3791.13
4539209,13,3791.13
4539209,14,156.94
4539209,15,957.39
4539210,1,26093.53
4539211,1,38926
4539212,1,28488.59
4539213,1,5054.83
4539213,2,5054.83
4539213,3,5054.83
4539213,4,5054.83
4539213,5,5054.83
4539213,6,5054.83
4539213,7,4979.2
4539213,8,577.34
4539213,9,4424.56
4539213,10,2886.68
4539213,11,1107.4
4539213,12,11590.82
4539213,13,30.25
4539213,14,21.78
4539213,15,18.15
4539213,16,108.91
4539213,17,10.89
4539213,18,57.48
4539213,19,13.61
4539213,20,2.72
4539213,21,4.24
4539213,22,33.28
4539213,23,5.29
4539213,24,79.87
4539213,25,15.88
4539213,26,970.63
4539214,1,35610.74
4539215,1,157.57
2565025,1,79821.4
105504600,1,36849
2615499,1,3483
2565105,1,54658.43
2565131,1,36337.5
2565229,1,58012.5
2565111,1,36337.5
2615519,1,98136.19
105504622,1,53980
105504623,1,61701
2565201,1,10385.1
105504628,1,55019
2565485,1,110790
2565578,1,32062.95
2565574,1,9126
2565125,1,72675
2615623,1,45688.4
4539180,1,3633.16
4539192,1,1063.54
4539192,2,109.39
4539192,3,48.62
4539192,4,1203.31
4539192,5,537.24
4539192,6,303.87
4539192,7,1589.84
4539192,8,1027.07
4539192,9,313.59
4539192,10,1367.41
4539192,11,255.25
4539192,12,182.32
4539189,1,420.15
2615647,1,2120.18
2615647,2,2120.18
2615647,3,2120.18
2615647,4,1272.11
2615647,5,1696.14
2615647,6,1696.14
2615647,7,2120.18
2615647,8,2120.18
2615647,9,848.07
2615647,10,3392.28
2615647,11,424.04
2615647,12,2544.21
2615647,13,1696.14
4539204,1,4606.78
4539188,1,1095.6
4539216,1,4677.36
4539222,1,3267.81
4539222,2,6695.57
4539222,3,11329.94
4539225,1,1265.89
4539161,1,34500
2564990,1,51482.97
2565192,1,17537.59
2565192,1,144345.22
2565170,1,18760
2565170,2,20923.79
2565170,3,10680.19
2565170,4,22341.75
2565170,5,9868.68
2565170,6,20356.8
2565170,7,18106.64
2565170,8,21575.46
2565170,9,12624.82
2565170,10,8141.15
2565145,1,27654.44
2565216-1,1,23929.04
2565216-2,1,24152
2565424,1,42057.51
2565095,1,31000
2565339,1,40500
2565174,3,29684.79
2565174,7,9327.75
2565174,10,9950.02
2565174,1,24546.88
2565174,2,35883.1
2565174,4,6719.58
2565174,5,10959.92
2565174,6,17803.95
2565174,8,4904.08
2565174,9,20945.8
2565271,1,12692.83
2565271,2,8144.69
2565271,3,73018.47
2565271,4,5579.6
2565271,5,3518.93
2615616,1,5381.26
2615616,2,5098.03
4539200,1,8180.24
2615524,1,128925
2565216-3,1,27486.98
4539177,1,193656
4539177,1,7898.68
4539206,1,7640.39
4539196,1,24299.33
2565175,1,23299.55
2565175,2,39283.05
2565217,1,54566.31
2615517,1,15430.8
2615517,2,61792.66
2615517,3,19461.62
2565129,1,78455.39
2565129,2,3244.66
105504609,1,59995
105504610,1,38299
2565235,1,54767.77
2565365,1,29028.38
2565317,1,84675.94
4539058,1,19.32
4539058,2,373.55
4539058,3,6.37
4539058,4,1101.33
4539058,5,7.08
4539058,6,161.01
4539058,7,153.93
4539058,8,137.83
4539058,9,1154.14
4539058,10,499.78
4539058,11,399.31
4539058,12,99.83
4539058,13,99.83
4539058,14,402.53
4539058,15,349.08
4539058,16,3258.25
4539058,17,461.14
4539058,18,964.79
4539058,19,294.07
4539058,20,408.33
4539058,21,317.52
4539058,22,1291.96
4539058,23,81.79
4539058,24,298.84
4539058,25,2382.34
4539058,26,217.04
4539058,27,869.47
4539058,28,51.84
4539058,29,128.81
4539058,30,370.97
4539058,31,62.14
4539058,32,378.7
4539058,33,1188.27
4539058,34,4778.85
4539058,35,1382.78
4539058,36,344.44
4539058,37,353.58
4539058,38,864.96
4539058,39,7.08
4539058,40,110.13
4539058,41,1098.75
4539058,42,186.77
4539058,43,101.5
4539058,44,608.63
4539058,45,550.02
4539058,46,1112.27
4539058,47,175.83
4539058,48,2802.91
4539058,49,531.34
4539058,50,3200.93
4539058,51,613.78
4539058,52,5475.07
4539058,53,19800.67
4539058,54,799.91
4539058,55,834.04
4539058,56,789.61
4539058,57,1438.16
4539058,58,82.05
4539058,59,46.5
4539058,60,60.03
4539058,61,108.84
4539058,62,62.47
4539058,63,3.22
4539058,64,7.73
4539058,65,180.33
4539058,66,348.43
4539058,67,137.83
4539058,68,8755.86
4539058,69,4791.73
4539058,70,161.14
4539058,71,844.35
4539058,72,124.95
4539058,73,64.41
4539058,74,4.18
4539058,75,497.21
4539058,76,5077.69
4539058,77,1950.83
4539058,78,2214.89
4539058,79,658.86
4539058,80,257.62
4539058,81,1221.76
4539058,82,21.31
4539058,83,100.47
4539058,84,160.37
4539058,85,544.87
4539058,86,33.16
4539058,87,2062.89
4539058,88,500.43
4539058,89,1525.75
4539058,90,1411.76
4539058,91,665.95
4539058,92,731.64
4539058,93,823.74
4539058,94,1201.8
4539058,95,167.71
4539058,96,258.91
4539058,97,17
4539058,98,466.29
4539058,99,32.2
4539058,100,256.33
4539058,101,260.84
4539058,102,94.68
4539058,103,647.27
4539058,104,109.49
4539058,105,192.57
4539058,106,978.96
4539058,107,348.43
4539058,108,162.62
4539058,109,186.13
4539058,110,94.68
4539058,111,104.34
4539058,112,275.65
4539058,113,1024.68
4539058,114,81.79
4539058,115,58.22
4539058,116,586.09
4539058,117,5203.28
4539058,118,978.96
4539058,119,2062.89
4539058,120,530.7
4539058,121,2480.88
4539058,122,219.49
4539058,123,1334.47
4539058,124,1191.49
4539058,125,2190.41
4539058,126,324.6
4539058,127,54.55
4539058,128,73.42
4539058,129,95.83
4539058,130,128.17
4539058,131,291.11
4539058,132,689.78
4539058,133,693
4539058,134,152.64
4539058,135,9.66
4539058,136,168.1
4539058,137,17.39
4539058,138,1358.3
4539058,139,7733.75
4539058,140,597.68
4539058,141,987.97
4539058,142,16.1
2565395,1,53365.33
2565395,2,2909.63
2565183,1,28518.28
2565183,2,6846.64
2615579,1,12379.05
2615579,2,840
2615579,3,77.5
2615579,4,840
2615579,5,14716.75
2565435,1,48020
2615663,1,45605.81
2565535,1,14460.1
4539118,1,1011.35
4539166,1,27216
4539132,1,1655.22
4539185,1,3916.32
4539226,1,1154.01
4539226,2,179.28
4539226,3,599.41
4539232,1,9669.39
4539232,2,2810.27
4539238,1,5377.7
2565402,1,6258.69
2565404,1,4048.13
2565404,2,549.12
2565404,3,153.66
2565404,4,51416.88
2565072,1,18100
2565230,1,50805.56
2565194,1,14250.3
2565308,1,95744.19
2565276,1,122227.88
2615587,1,2450
2565422,1,90560.18
2565422,2,8069.18
2565422,3,25071.1
2565422,4,10853.15
2565461,1,265040.42
2565462,1,376479.6
2565463,1,56011.46
4539187,1,1210
2615596,1,4710.08
2615617,1,7200.6
2615617,1,1138.6
4539220,1,49
4539233,1,9699.08
2615686,1,6295.43
4539181,1,27022
4539137,1,971.1
2615653,1,9641.28
4539249,1,1900
2565149,1,7463.25
2565149,2,717.3
2565149,3,2494.8
2565149,4,19326.18
2565149,5,3727.44
2565149,6,25830
2565149,7,14316.6
2565224,1,103108
2565348,1,166536.22
2565233,1,49134.69
2565233,2,9128.75
2565376,1,14250.3
2565468,1,30750
2565543,1,5372.25
2565543,2,4189.07
2565543,3,8655.29
2565543,4,9149.17
2565543,5,9581.46
2565543,6,6374.22
2565544,1,50575.54
2565544,1,20323.68
2565544,1,40173.91
2565545,1,121172.67
2565545,2,42766.82
2565546,1,44338.72
2565546,1,2469.36
2565546,2,1018.49
2565546,3,3082.19
2565546,1,549.1
2565546,1,467.32
2565546,2,29.57
2565546,3,23.79
2565546,1,198.55
2565546,2,172.88
2565546,3,286.47
2565546,4,238.68
2565546,5,170.52
2565546,6,156.95
2565546,7,92.34
2565546,8,171.7
2565546,9,562.2
2565546,10,82.31
2565546,11,102.08
2565546,12,105.03
2565546,13,89.22
2565546,14,94.88
2565546,15,97.36
2565546,16,220.91
2565546,17,105.85
2565546,18,71.87
2565546,19,92.76
2565546,20,72.22
2565546,21,120.02
2565546,22,49.92
2565546,23,166.75
2565546,24,118.6
2565546,25,97.36
2565546,26,89.69
2565546,27,154.59
2565546,28,155.18
2565546,29,182.92
2565546,30,188.23
2565546,31,91.16
2565546,32,36.54
2565546,33,95.73
2565546,34,101.56
2565546,35,87.09
2565546,36,347.8
2565546,37,65.99
2565546,38,95.41
2565546,39,68.54
2565546,40,139.03
2565546,41,62.88
2565546,42,88.37
2565546,43,48.43
2565546,44,161.95
2565546,45,112.5
2565546,46,49.45
2565546,47,50.13
2565546,48,164.84
2565546,49,107.57
2565546,50,52.51
2565546,51,63.89
2565546,52,38.49
2565546,53,147.04
2565546,54,76.99
2565546,55,194.36
2565546,56,91.58
2565546,57,231.77
2565546,58,125.19
2565546,59,214.12
2565546,60,290.84
2565546,61,156.13
2565546,62,90.57
2565546,1,941.13
2565546,2,1145.64
2565692,1,1546.01
2565692,1,359.71
2565692,1,5186.27
2565692,1,126.98
2565692,2,1542.3
2565692,3,7911.78
2565692,4,3281.8
2565692,5,1015.14
2565692,6,1006.21
2565692,7,113.97
2565692,8,219.28
2565692,9,220.73
2565692,10,232.61
2565692,11,337.3
2565692,12,312.61
2565692,13,616.11
2565692,14,826.24
2565692,15,410.69
2565692,1,5579.4
2565692,2,10993.21
2565692,3,3321.27
2565692,4,80.34
2565692,5,342.83
2565692,6,182.36
2565692,7,526.01
2565692,8,1956.04
2565692,9,337.81
2565692,10,228.68
2565692,11,720.28
2565692,12,1199.92
2565692,13,154.37
2565692,14,1552.65
2565692,15,341.96
2565692,16,36.68
2565692,17,2587.22
2565692,1,2898.33
2565692,1,2729.85
2565692,2,2729.32
2565692,3,1035.87
2565692,4,5251.19
2565692,5,1891.29
2565692,6,12531.89
2565692,1,16709.18
2565692,1,148.62
2565692,1,3402.73
2565692,1,20196.53
2565692,1,377.49
2565692,2,6534.43
2565692,3,7280.55
2565692,1,330.23
2565692,1,929.07
2565693,1,4613.28
2565693,2,957.13
2565693,3,4759.75
2565693,4,17680.37
2565693,5,3075.75
2565693,6,353.03
2565693,7,2744.37
2565693,8,1967.57
2565693,9,12851.64
2565693,10,3327.8
2565693,11,254
2565693,1,39260.1
2565693,2,5251.04
2565693,1,2224.93
2565693,2,1037.62
2565693,3,1453.65
2565693,4,14647.57
2565693,5,1909.31
2565693,6,39054.74
2565693,1,8009.19
4539223,1,34992
4539223,2,3888
4539223,3,1296
2565617,1,20547.51
2565617,1,22377.1
4539224,1,9707.1
2615637,1,16268.62
2615637,1,17864.91
2615637,1,9860.28
2615606,1,10827.23
2615606,1,17834.41
2565005,1,22180
2565078,1,14250.3
2565206,1,12870.74
2565181,1,33932.17
2565181,2,13731.8
2565456,1,42676.67
2565182,1,44495.71
2615561,1,9695.88
2565470,1,95744.19
2565522,1,22077.54
2565522,1,31673.12
2565522,2,29587
2565522,1,3816.44
2565495,1,48773.34
2565624,1,44643.01
4539229,1,2240
4539219,1,211.43
4539231,1,134194.54
4539244,1,2095.69
4539244,2,2074.06
4539244,3,3525.67
4539244,4,3489.62
4539244,5,757.05
4539244,6,102.14
4539244,7,288.4
4539244,8,407.36
4539244,9,449.42
4539244,10,1571.77
4539244,11,245.14
4539244,12,180.25
4539244,13,180.25
4539244,14,372.51
2615691,1,2676
2615670,1,43157.25
105504682,1,235060
4539154,1,1483.4
4539154,2,7911.46
2565139,1,15234.09
2565139,2,11137.54
2565318,1,47536.02
2565318,2,1040.29
2565318,3,1398.08
2565318,4,570.63
2565318,5,570.63
2565318,6,10930.98
2565318,7,19267.2
2565460,1,80072.08
2565460,2,1942
2565460,3,6044.24
2565179,1,10931.46
2565179,2,19059.24
2565179,3,9508.57
2565180,1,6492.75
2565180,2,9226.98
2565180,3,17805.66
2565385,1,60900
4539075,1,8540.94
2565532,1,24858.52
2615650,1,56883.44
2615651,1,61406.67
4539186,1,12696.72
4539243,1,162.4
2615669,1,43613.95
2615671,1,37527.41
4539197,1,11528.72
2565300,1,44399.12
2565302,1,24419.04
2565302,1,17933.46
4539251,1,1470
4539251,2,462
4539253,1,99
2565301,1,14615.06
2565301,2,4595.37
2565301,3,1698.15
2565301,4,21314.93
4539254,1,17135.3
2565351,1,95744.19
2565510,1,42676.67
2565558,1,42676.67
2565218,1,62732.38
2565234,1,56518.28
105504626,1,51495
2565497,1,10175.02
2565586,1,27736.15
2565586,2,2415.23
2565586,3,9664.29
2565586,4,5714.88
2565586,5,22129.58
2565586,6,3647.42
2565586,7,18249.95
2565586,8,27034.45
2565469,1,55234.84
2565469,2,14587.4
2565469,3,8553.6
2565469,4,49983.81
2565469,5,9206
2565487,1,10514.38
4539217,1,431.18
4539217,1,1076.3
4539217,1,55.67
4539217,1,2755.38
4539217,1,10941.62
4539217,1,743.66
4539217,1,62.69
4539217,2,35.66
4539217,1,234.8
4539217,1,3286.28
4539217,1,880.29
4539217,1,239.17
4539217,1,321.81
4539217,1,57.21
4539217,1,505.87
4539217,1,180.45
4539217,1,269.15
4539217,2,107.24
4539217,1,1239.88
4539217,1,315.45
4539217,1,3396.92
4539217,1,284.4
4539217,1,1271.33
4539217,1,58.01
4539217,1,658.72
4539182,1,3428.06
4539182,2,1246.57
4539245,1,36871.3
4539245,2,3756.5
4539245,3,1577.8
4539245,4,2039.8
4539245,5,192.5
4539245,6,1394.49
4539245,7,12893
4539245,8,7059.6
4539245,9,1757.28
4539245,10,366.1
4539245,11,1440.48
4539245,12,3988.32
4539245,13,2266
4539245,14,2306.08
4539245,15,381.78
4539245,16,220
4539245,17,4200
4539245,18,1981
4539245,19,1014
2565695,1,28032.29
2565793,1,42053.82
2565793,1,31540.36
2565793,1,31540.36
2565793,1,25952.38
2565793,1,42053.82
2565793,1,42053.82
2565831,1,2660.88
2565831,2,130.12
2565831,1,3300.61
2565831,1,296.31
2565831,2,1515.39
2565831,3,861.38
2565831,1,447.69
2565831,2,140.58
2565831,3,128.83
2565831,4,126.75
2565831,5,595.65
2565831,1,6424.41
2565831,1,1191.64
2565831,2,1710.72
2565831,3,953.31
2565831,4,591.13
2565831,1,958.11
2565831,2,545.34
2565831,3,1140.99
2565831,4,11591.83
2565831,5,12461.56
2565831,1,194.59
2565831,2,1176.61
2565831,3,1485.68
2565831,4,816.99
2565831,5,4577.82
2565831,6,135.58
2565831,7,168.59
2565831,8,475.35
2565831,9,459.52
2565831,10,312.85
2565831,11,1573.38
2565831,12,498.15
2565831,13,92.05
2565831,14,1221.91
2565831,15,162.85
2565831,16,89.9
2565831,17,1547.58
2565831,18,92.05
2565831,19,492.97
2565831,20,10124.91
2565831,21,2332.35
2565831,22,1034.62
2565831,23,407.22
2565831,24,44.47
2565831,25,107.52
2565831,26,380.2
2565831,27,503.75
2565831,28,816.99
2565831,29,96.87
2565831,30,27.44
2565831,31,10484.26
2565831,32,2004.11
2565831,33,32015.87
2565831,34,871.05
2565831,35,556.92
2565831,36,171.41
2565831,37,173.63
2565831,38,438.93
2565831,39,1195.58
2565831,40,562.86
2565831,41,79.44
2565831,42,84.37
2565831,43,1114.14
2565831,44,1573.38
2565831,45,651.44
2565831,46,4345.26
2565831,47,2306.32
2565831,48,2463.88
2565831,49,7998.69
2565831,50,1139.02
2565831,51,509.79
2565831,52,61.47
2565831,53,619.73
2565831,54,50.58
2565831,55,1154.06
2565831,1,576.89
2565831,2,1696.74
2565831,3,457.29
2565831,4,5221.57
2565831,5,3110.68
2565831,6,198.3
2565831,7,233.22
2565831,8,200.03
2565831,9,1127.32
2565831,10,471.48
2565831,11,1127.32
2565831,12,269.05
2565831,1,4453.85
2565831,1,1685.58
2565831,2,1689.15
2565831,3,2227.72
2565831,4,1647.48
2565831,5,2533.6
2565831,6,5793.48
2565831,7,104.99
2565831,8,454.71
2565831,9,201.97
2565832,1,10902.27
2565832,1,18469.71
2565832,2,769.1
2565832,3,1562.77
2565832,4,3187.76
2565832,1,10651.38
2565832,1,4542.93
2565832,2,3020.48
2565832,3,5187.03
2565832,1,20317.26
2565833,1,1424.81
2565833,2,910.29
2565833,3,2850.72
2565833,4,563.56
2565833,5,1239.18
2565833,6,223.47
2565833,7,31516.76
2565833,1,10896.61
2565833,2,1486.08
2565833,3,9656.16
2565833,4,17563.36
2565833,5,17563.36
2565833,1,19970.26
2565833,1,3418.8
2565833,2,15100.57
2565833,3,511.47
2565833,4,178.9
2615642,1,10882.78
2615642,1,17925.9
4539239,1,9756
4539239,2,441
4539239,3,926.1
4539239,4,54
4539239,5,647.5
4539261,1,15534.58
4539263,1,32774.48
4539263,2,947.94
4539263,3,8508.76
4539263,4,1505.11
4539263,5,460.1
4539263,6,1541.03
4539263,7,1222.74
4539263,8,4689.27
4539263,9,2281.61
4539263,10,4424.56
4539263,11,3791.13
4539263,12,3791.13
4539263,13,3791.13
4539263,14,3791.13
4539263,15,2527.42
4539263,16,1654.48
4539263,17,567.25
4539263,18,2710.2
4539263,19,476.49
4539263,20,97.57
4539263,21,1027.35
4539263,22,113.45
4539263,23,51.43
2615661,1,56712.07
2565228,1,56525
105504598,1,55087
2565191,1,2982
2565269,1,30967.47
2565379,1,43206.82
2565266,1,89064.36
2565591,1,22836.36
2565516,1,27556.02
2565517,1,28856.25
2565635,1,2457.75
2565635,2,10393.8
4539205,1,2061.45
2565292,1,235903.92
2565299,1,3987.05
2565299,2,29549.85
2565299,3,4847.26
4539255,1,1935.45
4539255,2,4153.93
4539255,3,1288.21
2565282,1,24766.61
2565282,2,637.5
2565282,3,59698.21
2565326,1,50118
2565453,1,78177
2565232,1,42268.23
2565221,1,50022
2565248,1,50022
2565493,1,48087.12
2615545-1,1,18049.05
2615535-5,1,46070
2615545-2,1,10119.63
2615545-2,2,1623.87
2615545-2,3,2757.46
2615545-4,1,5544.44
2615545-4,2,3502.22
2615545-3,1,11168.8
2615545-7,1,23459.97
2615545-6,1,15079.58
2615545-9,1,555.26
2615545-9,1,435.39
2615545-9,2,3711.34
2615545-9,3,1484.54
2615545-9,1,2421.32
2615545-9,2,1148.16
2615545-9,3,918.18
2615545-9,4,3730.58
2615545-9,5,440.07
2615545-9,6,504.68
2615545-9,7,737.35
2615545-9,1,1773.16
2615545-9,1,132.26
2615545-9,1,3890.41
2615545-9,2,2441.45
2615545-9,3,195.32
2615545-9,4,484.64
2615545-9,5,566.61
2615545-9,6,1029.86
2615545-9,7,3424.47
2615545-9,8,1435.2
2615545-9,9,5079.54
2615545-9,10,2271.75
2615545-9,11,1457.15
2615545-9,12,61.04
2615545-9,13,1438.23
2615545-9,14,904.72
2615545-9,15,2364.21
2615545-9,16,457.33
2615545-9,17,517.32
2615545-9,18,280.9
2615545-9,19,154.49
2615545-9,20,126.4
2615545-9,21,344.1
2615545-9,22,112.36
2615545-9,23,196.63
2615545-9,24,6615.1
2615545-9,25,23.41
2615545-9,26,58.52
2615545-9,27,128.74
2615545-9,28,1544.93
2615545-9,29,368.09
2615545-9,30,1627.79
2615545-9,31,6144.6
2615545-9,32,12282.32
2615545-9,33,2584.24
2615545-9,34,19152.43
2615545-9,35,5347.56
2615545-9,36,353.93
2615545-9,37,72.23
2615545-9,38,812.73
2615545-9,39,352.52
2615545-9,40,2146.51
2615545-9,41,63.2
2615545-9,42,706.92
2615545-9,43,580.39
2615545-9,44,1182.1
2615545-9,45,2867.48
2615545-9,46,2364.21
2615545-9,47,725.65
2615545-9,48,240.38
2615545-9,49,351.94
2615545-9,50,458.7
2615545-8,1,180722.86
261554510,1,3569.8
2615535-3,1,15800.4
2615535-3,2,349.19
2615535-3,3,108.93
261553511,1,264217.8
2615535-1,1,25.58
2615535-1,2,75.96
2615535-1,3,272.24
2615535-1,4,76.19
2615535-1,5,24.46
2615535-1,6,388.63
2615535-1,7,26.05
2615535-1,1,110.46
2615535-1,2,219.81
2615535-1,3,976.93
2615535-1,4,894.29
2615535-1,1,636.67
2615535-1,1,391.52
2615535-1,2,198.2
2615535-1,3,9.13
2615535-1,4,671.75
2615535-1,5,82.2
2615535-1,6,175.58
2615535-1,7,1409.91
2615535-1,8,46.45
2615535-1,9,41.94
2615535-1,10,198.08
2615535-1,11,106.54
2615535-1,12,91.07
2615535-1,13,65.47
2615535-1,14,22.28
2615535-1,15,364.15
2615535-1,16,211.41
2615535-1,17,104.27
2615535-1,18,385.99
2615535-1,19,182.41
2615535-1,20,332.36
2615535-1,21,40.32
2615535-1,22,987.39
2615535-1,23,674.1
2615535-1,24,173.24
2615535-1,1,118.52
2615535-1,2,113.11
2615535-1,3,116.81
2615535-1,4,445.77
2615535-1,5,818.49
2615535-1,6,1423.86
2615535-1,7,14.29
2615535-1,3,33.72
2615535-1,4,817.06
2615535-1,8,45.21
2615535-1,9,378.1
2615535-1,10,9.52
2615535-1,16,491.17
2615535-1,20,2860.03
2615535-1,23,351.25
2615535-1,1,132.47
2615535-1,2,2641.96
2615535-1,5,554.15
2615535-1,6,1489.25
2615535-1,7,422.71
2615535-1,11,914.06
2615535-1,12,2501.75
2615535-1,13,22.4
2615535-1,14,499.41
2615535-1,15,170.24
2615535-1,17,1371.18
2615535-1,18,851.71
2615535-1,19,286.14
2615535-1,21,125.25
2615535-1,22,339.13
2615535-1,24,50.3
2615535-1,25,1205.5
2615535-1,26,64.47
2615535-1,1,169.83
2615535-1,2,460.02
2615535-1,3,83.29
2615535-1,4,21.14
2615535-1,5,36.93
2615535-1,6,81.97
2615535-1,7,43.61
2615535-1,8,361.53
2615535-1,9,191.84
2615535-1,10,69.08
2615535-1,11,193.64
2615535-1,12,151.12
2615535-1,13,34.5
2615535-1,14,514.17
2615535-1,15,172.68
2615535-1,1,197.92
2615535-1,1,73.62
2615535-1,2,221.5
2615535-1,3,542.81
2615535-1,1,79.91
2615535-1,2,250.34
2615535-1,3,1107.5
2615535-1,5,105.7
2615535-1,6,1417.5
2615535-1,7,263.61
2615535-1,8,115.11
2615535-1,4,918.68
2615535-1,1,52.8
2615535-1,2,90.4
2615535-1,3,254.4
2615535-1,4,1947.75
2615535-1,5,4134
2615535-1,1,395.6
2615535-1,1,345.27
2615535-1,2,653.08
2615535-1,3,153.85
2615535-1,4,729.28
2615535-1,5,13.34
2615535-1,6,45.65
2615535-1,7,64.63
2615535-1,8,14.04
2615535-1,9,244.1
2615535-1,10,12.29
2615535-1,11,103.42
2615535-1,12,21.35
2615535-1,13,27.39
2615535-1,14,66.71
2615535-1,15,98.31
2615535-1,16,74.91
2615535-1,17,52.43
2615535-1,18,185.88
2615535-1,19,63.53
2615535-1,20,634.12
2565457,1,25273.49
2565457,1,39697.38
2565457,1,37189.67
2565480,1,38198.42
2565480,1,38198.42
2565513,1,16596.93
2565513,2,7625.75
2565513,3,19209.38
2565513,4,3829.66
2565526,1,36334.28
2565525,1,15318.64
2565525,2,12309.39
2565525,3,8081.8
2565525,4,8651.02
2565527,1,21214.72
105504651,1,49926
2565369,1,52201.67
2565369,1,50479.95
2565369,1,50594.08
2565369,1,48334.88
2565369,1,3266.58
2565369,1,41579.68
2565369,1,9666.98
105504653,1,50060
105504655,1,51310
105504656,1,69260
2565529,1,52201.67
2565529,1,37701.2
2565529,1,12249.69
2565529,1,44098.87
2565529,1,56629.76
2565529,1,34314.01
2565529,1,17400.56
2565579,1,32656.93
2564867,1,8201.25
4539202,1,20943.2
2615672,1,47747.08
2565573,1,90987.89
2565573,1,90987.89
2565573,1,105141.22
2565573,1,42459.98
2615673,1,51176.73
2615695,1,41890.74
2615696,1,67648.18
4539235,1,54044
4539194,1,250
4539256,1,1753.5
4539252,2,74.72
4539252,1,871.56
2565408,1,57760
2565408,1,90900
2565408,2,18000
4539267,1,27112.48
4539268,1,1289.59
2565930,1,6665.59
2565930,2,2454.2
2615702,1,9824
105504710,1,540
4539283,1,8008.1
4539277,1,113740.2
2565507,1,63525
2565375,1,28311.14
2565375,2,17403.42
2565375,3,7980.82
2565375,4,2007.23
2565375,5,6606.14
2565375,6,10380.88
2565156,1,10125
105504614,1,45500
105504615,1,44265
2615563-1,1,54504.39
2615563-1,2,3433.56
2615563-2,1,37243.79
2615563-2,2,892.44
2565246,1,66033.2
2565483,1,19980.5
2565472,1,32330.15
2565488,1,160314.77
2565454,1,36104.6
2565454,2,2821
2565454,3,4499.6
2565549,1,26800.29
2565533,1,72407.04
2565533,2,8137.94
2565533,3,127.41
2565533,4,262.2
2615613,1,9280.54
2615622,1,3849.69
2615630,1,3993.84
2615633,1,1136.75
2565582,1,17748
2565654,1,124355.55
2615644,1,17193.15
2615644,2,1186.58
4539237,1,50
4539237,2,520
4539237,3,5670
4539237,4,120
4539237,5,400
4539237,6,100
4539237,7,1900
4539237,8,960
4539237,9,710
4539237,10,400
4539237,11,140
4539237,12,180
4539237,13,250
4539237,14,170
4539237,15,180
4539237,1,3935
4539237,1,3600
4539285,1,39.75
4539285,2,3.62
4539285,3,183.52
4539285,4,735.94
4539287,1,90921.85
4539287,2,2949.72
105504696,1,205332.82
105504698,1,137896.22
105504699,1,186032
4539273,1,19443.24
2565708,1,4292.54
2565708,1,6726.5
2565708,1,7122.72
2565708,1,7748.88
2565708,1,21698.7
2565708,1,8666.39
2565708,1,21261.86
2565708,1,623.51
2565708,1,10344.98
2565708,1,43575.66
4539227,1,14371.63
4539227,2,2093
4539294,1,669.03
4539294,1,878.71
4539294,1,7590.11
4539294,1,828.45
4539294,1,5138.32
4539294,1,1360.49
4539294,1,775.88
4539294,1,173.53
4539294,1,240.87
4539294,1,264.2
4539294,1,58.8
4539294,1,405.79
4539294,1,480.22
4539294,1,146.22
4539294,1,68.93
4539294,1,92.25
4539294,1,80.85
4539294,1,5013.2
4539294,1,1240.53
4539294,1,64.4
2565163,1,127503.68
2565135,1,95627.76
2565176,1,18782.82
2565176,2,4384.85
2565176,3,16108
2565178,1,19705.08
2565178,2,28387.63
2565370,1,14250.3
2565405,1,22337.21
2565405,1,9912.73
2565405,1,11168.61
2565405,1,33505.82
2565177,1,17205.47
2565177,2,28357.29
2565184,1,23486.68
2565184,2,4867.35
2565505,1,28856.25
2565506,1,36741.35
2565536,1,21383.51
2565556,1,18388.87
2565556,1,10547.29
2565556,1,64111.66
2565556,1,22299.71
2565556,1,42031.71
2565556,1,36915.5
2565686,1,39560.56
2565686,1,10596.56
2565686,1,43420.13
2565686,1,8844.11
2565686,1,14473.38
2565686,1,31789.69
2565686,1,44016.5
2565686,1,24738.26
2565686,1,7973.15
2565686,1,20262.73
2565074,1,74421.04
2565074,1,74421.04
2565167,1,17425
2565188,1,113277.71
2565188,2,23405.33
2565368,1,29709
2565630,2,95744.19
2565471,1,16935.19
2565403,2,540.54
2565403,3,8.82
2565403,4,1280.3
2565403,5,221.04
2565403,1,8575.01
2565482,1,16662.89
2565482,2,287
2565482,3,432
2565482,4,13.82
2565482,5,1868.4
2565698,1,134646.75
2565705,1,44600.8
2565631,1,28451.12
2565657,1,37311.75
2565656,1,21100.88
2615592,1,16875
2615684,1,46504.77
2615679,1,31432.22
2615685,1,46761.48
2615681,1,41515.19
2615658,1,21200
2615699,1,60304.59
4539284,1,109314.2
4539284,2,2666.2
2565590,1,86024.07
2565590,1,4708.25
2565590,1,12552.2
2615680,1,3087
4539264,1,7276.17
4539242,1,10601.73
4539242,1,184260.63
4539278,1,1148.2
4539278,2,2405.76
4539278,3,4811.51
4539278,4,4374.1
4539278,5,1350.5
4539278,6,5686.33
4539278,7,3171.22
4539278,8,5795.68
4539278,9,4592.81
4539278,10,1093.53
4539278,11,1968.35
4539278,12,1366.91
4539278,13,8037.41
4539278,14,1749.64
4539278,15,1011.51
4539278,16,5686.33
4539278,17,6298.7
4539278,18,16949.64
4539278,19,3171.22
4539278,20,11443.74
4539250,1,7579.64
4539301,1,7113.39
4539301,2,7556.2
4539301,3,3089.6
2615554,1,7776
2615554,2,23149.4
2615554,3,1210
2565241,1,12500
2565242,1,51596.65
2565257,1,72750
2565258,1,72750
2565327,1,29709
2565420,1,146285.02
2565557,1,61427.28
2565360,1,100786.8
2565360,2,10464
2565496,1,57713.32
2565515,1,61103.69
2565519,1,61427.28
2615588,1,17600
2565508,1,69027.75
2565508,2,36311.01
2565524,1,63758.64
105504660,1,64791
2565190,1,591
2565190,1,39128.91
2565190,2,11145.95
2565190,1,5217.07
105504667,1,54273
105504668,1,46102.88
2615690,1,34883.72
105504697,1,171149.44
4539236,1,54044
4539236,2,64.1
4539269,1,8089.08
4539269,2,72
4539289,1,102
2565808,1,4335.7
2565808,2,30483
4539297,1,13617.3
4539311,1,1036.88
4539308,1,18492.37
4539308,2,882.39
4539308,3,5672.51
4539308,4,1062.02
4539308,5,2193.37
4539308,6,895
4539308,7,736.17
4539308,8,780.92
4539308,9,4424.56
4539308,10,3791.13
4539308,11,935.96
4539308,12,20.04
4539308,13,2571.54
4539308,14,1027.35
4539308,15,2568.38
4539308,16,3338.9
4539308,17,1284.19
4539308,18,513.68
4539308,19,1284.19
4539308,20,973.15
4539308,21,2168.16
4539308,22,22.69
4539309,1,46867.51
2565548,1,18125.55
2565381,1,14250.3
2565303,1,42085.47
105504673,1,87437
2565474,1,16960.23
2615639,1,174019.42
2615591,1,6548
2565285,1,39177.37
2565287,1,18858.24
2565287,2,22241.36
2565289,1,29733.75
2565614,1,365513.29
2565504,1,20250
2565642,1,30450
2565649,1,32300
2565490,1,55660.08
2565791,1,146319.6
2565824,1,4838.1
2565824,2,577.48
2565824,3,2900.06
2565824,4,76.29
2565824,1,535.5
2565824,2,58.76
2565824,1,1633.4
2565824,2,16403.75
2565824,1,27114.97
2565824,2,2637.9
2565824,3,1603.13
2565824,4,201.43
2565824,5,15442.82
2565824,6,21836.05
2565824,7,191.47
2565824,8,115.87
2565824,9,339.67
2565824,10,62.47
2565824,11,29.83
2565824,12,27
2565824,13,30.68
2565824,14,48.14
2565824,15,39.95
2565824,16,123.9
2565824,17,101.35
2565824,18,99.82
2565824,19,89.62
2565824,20,125.73
2565824,21,4672.62
2565824,1,3231.65
2565824,1,3113.86
2565824,2,183.59
2565824,3,202.56
2565824,4,1021.12
2565824,5,329.94
2565824,6,963.77
2565824,7,307.75
2565824,8,4162.69
2565824,1,18460.24
2565824,2,1561.98
2565824,1,2874.9
2565824,2,4367.58
2565824,3,2115.74
2565824,4,271.68
2565824,5,15466.55
2565824,6,2328.01
2565824,7,3217.12
2565824,8,596.2
2565824,1,101.39
2565824,1,6087.49
2565824,1,716.99
2565824,1,231.63
2565775,1,49200
2565752,1,28032.29
2565823,1,233.71
2565823,2,608.02
2565823,3,49400.39
2565823,4,19315.38
2565823,5,340.17
2565823,6,1283.36
2565823,7,9328.89
2565823,8,895.81
2565823,9,116.55
2565823,10,7653.03
2565823,11,53.59
2565823,12,470.91
2565823,13,7604.57
2565823,14,1317.96
2565823,15,6155.44
2565823,18,793.39
2565823,19,4966.58
2565823,20,2824.26
2565823,16,4905.4
2565823,17,3767.29
2565823,1,11342.23
2565823,1,6110.85
2565823,2,12365.52
2565823,3,1116.1
2565823,4,2801.83
2565823,5,9114.84
2565823,1,3387.21
2565823,2,6774.23
2565592,1,58531.2
2565592,1,49751.52
2565882,1,34656.17
2565882,1,25992.12
2615652,1,16457.51
2615652,2,13015.76
2565587,1,15794.86
2565587,2,765.44
2565587,3,18754.34
2565587,4,1858.72
2565587,5,11466.97
2565587,6,344.56
2565587,7,10032.17
2565587,8,3271.92
2565587,9,19359.45
2565587,10,19249.58
2565587,11,206.42
2565587,12,34761.01
2565587,13,750.84
2565587,14,40030.56
2565587,15,391.61
2565587,16,29503.25
2615697,1,33761.51
2615698,1,35022.98
2565286,1,26024.75
2565288,1,28213.83
2565298,1,28747.1
2565298,2,12736.92
2565464-1,1,10387.18
2565464-2,1,1795.78
2565464-2,2,14682.37
2565464-2,3,3756.96
2565464-2,4,1338.5
2565464-2,5,5316.52
4539307,1,214
4539314,1,
4539304,1,4993.5
2565588,1,130161.03
2565293,1,60800.6
2565293,2,15060.98
2615534-1,1,30756
2615534-1,2,42670
2615534-2,1,67734
2615534-2,2,75132.95
2615534-2,3,18150
2615523,1,67606.68
2615523,2,320.99
2565518,1,117268.07
2565589,1,1770
2565589,2,1622.4
2565589,3,1974
2565589,4,21861
2565589,5,10930.5
2565589,6,1008.8
2565589,7,673.2
2565589,8,9125
2565589,9,14100
2565636,1,21482.97
2565636,2,790.76
2565636,3,105.44
2565687,1,82141.94
2565687,2,8690.76
2565687,3,13761
2565687,4,1958.4
2565687,1,54129.6
2565499,1,12638.98
2565499,1,18789.56
4539265,1,8388.11
4539265,2,3342.51
4539265,3,304.59
4539265,4,592.64
4539265,5,263.33
4539265,6,144.73
4539265,7,1367.56
4539265,8,2960.84
4539265,9,269.73
4539265,10,199.9
4539265,11,193.49
4539265,12,956.69
4539265,13,7.69
4539265,14,333.16
4539265,15,212.45
4539265,16,16.02
4539265,17,89.06
4539265,18,459.38
4539265,19,32.03
4539265,20,429.01
4539265,21,20.5
4539265,22,2166.24
4539265,23,171.71
4539265,24,564.45
4539265,25,25.63
4539265,26,432.08
4539265,27,2137.36
4539265,28,7.69
4539265,29,246.03
4539265,30,15.25
4539265,31,2321.24
4539265,32,224.24
4539265,33,32.03
4539265,34,3881.33
4539265,35,5.77
4539265,36,52.47
4539265,37,1248.59
4539265,38,107.64
4539265,39,51.26
4539265,40,75.35
4539265,41,6451.22
4539265,42,2751.14
4539265,43,1236.54
4539265,44,234.49
4539265,45,199.64
4539265,46,17.3
4539265,47,3.2
4539265,48,8
4539265,49,8
4539265,50,44.52
4539265,51,838.03
4539265,52,773.96
4539265,53,5516.38
4539265,54,599.69
4539265,55,147.87
4539265,56,44.85
4539265,57,141.59
4539265,58,543.45
4539265,59,11368.49
4539265,60,727.83
4539265,61,257.57
4539265,62,3459.75
4539265,63,137.11
4539265,64,262.68
4539265,65,13.71
4539265,66,1.41
4539265,67,289.59
4539265,68,111.48
4539265,69,70.72
4539265,70,14.22
4539265,71,65.48
4539265,72,12.43
4539265,73,9.28
4539274,1,1035.24
4539274,2,625.66
4539275,1,3652.31
4539275,2,772.69
4539275,3,3770.65
4539275,4,393.31
4539275,5,8102.84
4539275,6,435.08
4539275,7,793.58
4539275,8,145.03
4539275,9,85.85
4539275,10,60.33
4539275,11,375.9
4539275,12,38.29
4539292,1,319516
4539303,1,15812.35
4539303,2,9219.02
4539306,1,7385.67
2565413,1,42465.36
2565806,1,46596.21
4539310,1,16710
4539279,1,451290
4539279,1,451290
4539316,1,3889.2
4539323,1,16710
2615724,1,10575
105504611,1,63008
2565345,1,22226.25
2565306,1,55338.83
2565458,1,100196.73
105504675,1,45000
2565540,1,14250.3
2565514,1,24518
2565583,1,21639.89
2565583,2,290.82
2565583,3,2636.4
2565583,4,1781.02
2565583,5,172.72
2565584,1,4308.36
2565584,3,718.2
2565584,4,54.41
2565584,2,16700.09
2565585,1,4864.06
2565585,2,57537.4
2565434-1,1,22945.6
2565434-2,1,10216.64
2565434-3,1,1225.65
2565434-3,2,3748.85
2565434-4,1,39590.6
2565641,1,60900
2565643,1,30450
2565491,1,58694.14
2565572,1,12820.41
2565572,2,8259.8
2565572,3,719.74
2565754,1,115731.33
2565652,1,104954.5
2565632,1,64407.58
2565632,2,1944.44
2565632,3,72517.66
2565633,1,63292.32
2565644,1,6914.9
2565644,2,90280.04
2565644,3,2800.35
2565644,4,138.21
2565644,5,524.48
2565644,6,1958.4
2565644,1,3907.4
2615689,1,54669.44
2565868,1,187765.22
2615677,1,1615
2615677,2,8753.15
2565815,1,29521.29
2565815,1,43553.71
2565815,1,33086.36
2565815,1,22961
2565815,1,21355.63
2565815,1,5821.99
2565815,1,22659.65
105504700,1,82502.11
4539331,1,33.45
4539331,2,1253.2
4539288,1,3079.5
4539288,2,1065
4539260,1,966.72
4539260,2,262.8
4539260,3,341.6
4539260,4,331.2
4539260,5,426.24
4539260,6,4620
4539260,7,311.4
4539260,8,2017.56
4539260,9,1314
2565416,1,12820.06
2565416,2,24111.29
2565416,3,2986.43
4539312,1,868
4539312,2,273.53
4539312,3,11
4539322,1,8725.16
2564966,1,41653.1
2564982,1,30632.36
2565503,1,209431.4
2565498,1,20037.35
2565501,1,48143.68
2615555-1,1,2124.04
2615555-1,2,3242.43
2615555-2,1,7734.48
2615555-3,1,8818.03
2615555-3,1,4157.57
2615555-4,1,965.09
2615555-4,1,12140.99
2615555-4,2,44535.33
2615555-4,3,12293.02
2615555-4,4,47323.83
2615555-5,1,6348.98
2565346,1,17812.87
2615618,1,8500
2615618,2,7750
2615618,3,6800
2565595,1,24881.47
2565563,1,86461
2565455,1,12500
2565552,1,21065.51
2565553,1,11916.74
2565553,2,14043.67
2615585-1,1,1560.3
2615585-1,3,780.15
2615585-1,2,2458.4
2615585-2,1,28530
2615585-3,1,32215
2615585-4,1,640
2615585-4,2,164.86
2615585-4,3,62.72
2615585-4,4,97.02
2615585-4,5,394.74
2615585-4,6,435.36
2615585-4,7,377.6
2615585-4,8,67.2
2615585-4,9,403.2
2615585-4,10,717.2
2615585-4,11,390.4
2615585-4,12,768
2615585-4,13,70.42
2615585-4,14,42.88
2615585-4,15,81.6
2615585-4,16,84.48
2615585-4,17,33.28
2615585-4,18,24
2615585-4,19,403.2
2615585-4,20,217.6
2615585-4,21,336
2615585-4,22,161.28
2615585-4,23,12.5
2615585-5,1,40428.83
2615585-5,2,71.11
2615585-6,1,10560.59
2615585-7,1,8818.03
2615585-7,1,4157.57
2615585-8,1,5303.5
2615585-8,2,4375.72
2565645,1,32604.09
2565678,1,81012.14
2565749,1,5048.07
2565749,2,2617.13
2565749,3,517.22
2565749,4,5800.27
2565749,1,3814.5
2565749,1,860.47
2565749,11,285.35
2565749,12,237.74
2565749,13,205.71
2565749,14,169.86
2565749,15,156.34
2565749,16,176.03
2565749,17,305.04
2565749,18,287.41
2565749,19,190.72
2565749,20,91.98
2565749,21,171.04
2565749,22,560.01
2565749,23,81.99
2565749,24,123.72
2565749,25,174.86
2565749,26,101.68
2565749,27,112.55
2565749,28,104.62
2565749,29,88.87
2565749,30,94.51
2565749,31,96.98
2565749,33,105.44
2565749,34,71.59
2565749,35,71.94
2565749,36,119.55
2565749,37,49.72
2565749,38,166.1
2565749,39,118.14
2565749,40,113.44
2565749,41,96.98
2565749,42,143.41
2565749,43,89.34
2565749,44,153.99
2565749,45,242.45
2565749,46,154.58
2565749,47,182.2
2565749,48,187.49
2565749,49,36.39
2565749,50,95.36
2565749,51,101.16
2565749,53,346.44
2565749,54,65.73
2565749,55,95.04
2565749,56,68.27
2565749,57,138.49
2565749,58,62.63
2565749,59,88.02
2565749,60,48.24
2565749,61,161.31
2565749,62,112.06
2565749,63,49.25
2565749,64,49.94
2565749,65,164.19
2565749,66,107.15
2565749,67,52.31
2565749,68,63.64
2565749,69,38.34
2565749,70,146.47
2565749,71,76.69
2565749,72,193.6
2565749,73,91.22
2565749,74,230.87
2565749,75,213.28
2565749,76,289.7
2565749,77,155.52
2565749,1,28.21
2565749,2,24.17
2565749,3,24.61
2565749,4,21.21
2565749,5,46.76
2565749,6,39.81
2565749,7,35.41
2565749,8,35.9
2565749,9,27.22
2565749,10,23.4
2565749,32,182.25
2565749,52,273.09
2565749,1,22284.07
2565749,1,31038.85
2565500,1,434895.86
2565500,2,6124.14
2565763,1,20908.01
2565763,1,20908.01
2565763,1,20908.01
2565701,1,34206.92
2565701,1,34206.92
2565701,1,34206.92
2565701,1,34206.92
4539276,1,476.92
4539276,1,190.77
4539276,1,894.27
4539276,2,241.06
4539276,1,129.62
4539276,1,862.35
4539276,1,471.42
4539276,1,235.29
4539276,2,772.68
4539276,1,329.29
4539276,1,475.71
4539276,1,401.37
4539276,1,438.64
4539276,1,3034.55
4539276,1,2550.65
4539276,1,550.11
4539276,1,209.66
4539276,1,658.72
4539276,1,836.97
4539276,1,95.71
4539276,1,345.95
2615678,1,6570
2565877,1,58482
2565530,1,29932.8
4539335,1,4815
4539335,2,6570
4539335,3,4342
4539335,4,392
4539335,5,1129
4539335,6,420
4539335,7,875
4539335,8,300
4539335,9,3416
4539335,10,45
4539335,11,412
4539344,1,2178.35
4539345,1,26093.53
2564980,1,75336.07
2564980,1,75336.07
2564980,1,75336.07
2564980,1,75336.07
2565324,1,29475
2565325,1,32458
2565294,1,1500.66
2565294,2,15608.7
2565294,3,52182
2565294,4,2597.4
2565294,5,1256.6
2565393,1,68400
2565432,1,27387.85
2565432,2,4494.86
2565432,3,23260.46
2565432,4,5634.25
105504645,1,70500
2565520,1,41328
2565520,1,41328
2615645,1,19967.51
2615645,2,3290.02
2565639,1,50178.63
2565639,1,21017.65
2565639,1,23733.42
2565640,1,50178.63
2565640,1,10508.82
2565640,1,13185.23
2565672,1,36192.65
2565673,1,5791.69
2565673,2,17106.88
2615710,1,56972.19
4539272,1,56958.61
2565949,1,35199.58
105504714,1,57115
105504715,1,76868
4539329,1,20898.81
4539305,1,4597.68
4539228,1,12292.7
2565400,1,29195
4539321,1,145385.59
4539350,1,7000
2565344,1,21140
2565531,1,88683.28
2565655,1,112129.17
2565619,1,138290.05
2565658,1,516266.16
2565667,1,256979
2565666,1,229142.1
2565666,1,230645
2615640,1,1763
2565743,1,30375
2565748,1,42642
2565713,1,52118
2565610,1,43316.73
2565653,1,7575.37
2565653,3,5175.96
2565653,2,136940.66
2565822,1,2401
2565822,2,26411
2565822,3,8338.68
2565822,4,7530.6
2565822,5,1323
2565822,1,896
2565720,1,37311.75
2565722,1,30450
2565745,1,15656
2565747,1,31312
2565817,1,145600.8
4539334,1,9342.6
4539338,1,5142.68
4539338,2,2081.81
4539338,1,4285.57
4539338,2,101.64
4539338,3,562.17
4539338,4,7286.34
4539338,5,915.01
4539338,6,1418.27
4539338,7,3834.37
4539338,8,1833.83
4539338,9,933.58
4539338,10,8.47
4539338,11,1714.23
4539338,1,572.26
4539338,1,6808.64
4539338,2,5828.37
4539338,1,331.2
4539338,2,376.49
4539338,3,748.39
4539338,4,1201.64
4539338,1,556.94
4539338,1,1321.87
4539338,2,904.69
4539338,3,2152.53
4539338,4,828.73
4539338,5,1155.1
4539348,1,33731.53
4539348,2,101.61
4539348,3,50.8
4539348,4,2650.78
4539348,5,3.05
4539348,6,23814.18
4539348,7,6481.3
4539348,8,691.88
4539348,10,5153.59
4539348,11,1525.95
4539348,12,433.86
4539348,13,190.9
4539348,14,260.32
4539348,15,347.09
4539348,16,57.86
4539348,17,57.86
4539348,18,57.86
4539348,19,7957.48
4539348,9,118.64
2565278,1,53160
2565173,1,36741.35
105504647,1,82125
2565394,1,57270
2565438,1,50118
2565439,1,50118
2565511,1,47366.21
2565512,1,47000.39
2565429,1,33330
2565430,1,33330
105504649,1,40390
105504666,1,48557
2565410,1,42956.36
2565411,1,43181.94
2565706,1,14824.78
2565706,1,11891.18
2565706,1,1179.83
2565728,1,61679.51
2565728,2,1281.66
2615708,1,41512.94
2615709,1,34015.89
2615700,1,58454.95
105504717,1,63288
2615713,1,32809.62
2565415,1,6802.41
2565415,2,24478.54
4539320,1,37.06
4539320,1,797.85
4539320,2,29.55
4539320,1,227.66
4539320,1,344.62
4539320,1,7865.46
4539320,1,885.81
4539320,1,3147.97
4539320,2,371.92
4539320,3,5925.55
4539320,1,80.49
4539320,1,3331.61
4539320,1,1821.28
4539320,1,4971.03
2615728,1,15523
2565541,1,94259.78
2565171,1,167222.82
2565387,1,22371.9
2565388,1,52800
2565388,1,52800
2565388,1,52800
2565409,1,51310.14
2565409,2,3239.5
2615584,1,63000
2615584,2,3160
2565486,1,67740.75
2565441,1,25625
2565442,1,31488
2565484,1,9912.73
2565484,1,22337.21
2615598,1,1820
2615598,2,3640
2615598,3,1260
2565537,1,34841.9
2565537,3,7983.54
2565538,1,429474.54
2565538,3,31088.04
2565575,1,11168.61
2565575,1,14509.09
2565575,1,9912.73
2565575,1,9912.73
2565699,1,54940.2
2565674,1,162941.14
2565675,1,162941.14
2565676,1,42677.3
2565676,1,156.51
2565676,1,3486.11
2565676,1,2261.57
2565677,1,65266.92
2565611,1,197.88
2565611,1,4093.25
2565611,1,818.65
2565611,1,25042.5
2565804,1,68321.17
2565598,1,95627.76
2565704,1,134381.28
2565810,1,27.41
2565810,2,3630.38
2565865,1,28169.57
2565865,1,24326.37
2565721,1,30450
2565746,1,12458.88
2565813,1,4418.5
2565813,2,3540.75
2565813,3,75529.22
4539234,1,0.3
4539234,2,9884.93
2565889,1,28032.29
4539240,1,1635.55
4539240,2,282
2615716,1,34976
2615718,1,40777.09
2565928,1,10656.6
2565928,2,5178.13
2565928,3,20927.78
2565928,4,622.3
2565928,5,330.95
2565928,6,183.39
2565928,7,4299.72
2565928,8,743.64
2565928,1,3493.67
2565928,2,10032.53
2565928,3,88548.1
2565928,1,2520.78
2565928,1,56103.6
2565928,2,15.63
2565928,3,85.67
2565928,4,344.8
2565928,5,1752.25
2565929,1,95.41
2565929,2,118.44
2565929,3,1891.52
2565929,4,172.79
2565929,5,3362
2565929,6,132.52
2565929,7,189.88
2565929,8,821.8
2565929,9,363.7
2565929,10,2902.69
2565929,11,862
2565929,12,229.16
2565929,13,3034.79
2565929,14,1104.07
2565929,15,677.55
2565929,16,15.58
2565929,17,514.05
2565929,18,235.83
2565929,19,3711.23
2565929,20,7500.21
2565929,21,647.56
2565929,22,145.33
2565929,23,1917.3
2565929,24,317.22
2565929,25,148.05
2565929,26,939.08
2565929,27,930.24
2565929,28,2369.52
2565929,29,3554.37
2565929,30,795.96
2565929,31,175.5
2565929,32,311.19
2565929,33,1600.43
2565929,34,85.65
2565929,35,1223.63
2565929,36,120.19
2565929,37,175.42
2565929,38,87.32
2565929,39,9647.24
2565929,1,288.15
2565929,2,902.02
2565929,3,768.01
2565929,4,11825.52
2565929,5,8384.09
2565929,6,830.38
2565929,7,8384.09
2565929,1,6025.96
2565929,2,4369.49
2565929,1,415.66
2565929,2,431.89
2565929,1,1724.81
2565929,1,1071.36
2565929,2,218.94
2565929,3,305
2565929,4,272.59
2565929,5,267.61
2565929,1,636.33
2565929,1,2732.89
2565929,2,2576.37
2565929,3,548.46
2615719,1,5382.14
2615719,1,8865.35
2565417,1,10103.16
2565417,2,25537.32
2615725,1,71580.38
4539332,1,101.82
4539332,2,222.78
2615739,1,11724.24
2615739,2,59756.04
4539337,1,1071.98
4539352,1,15.24
4539352,2,32.4
4539352,3,25.62
4539352,4,60.6
4539352,5,62.76
4539352,7,43.68
4539352,8,41.72
4539352,9,14.62
4539352,10,7.03
4539352,11,13.71
4539352,12,62.94
4539352,13,56.76
4539352,14,90
4539352,15,25.66
4539352,16,72.24
4539352,17,55.44
4539352,18,71.46
4539352,19,35.58
4539352,20,37.23
4539352,21,36.51
4539352,22,8.43
4539352,23,6.81
4539352,24,8.26
4539352,25,12.46
4539352,26,59.88
4539352,27,12.84
4539352,28,47.67
4539352,29,91.92
4539352,30,9.31
4539352,31,43.32
4539352,32,224.04
4539352,33,8.92
4539352,34,5.92
4539352,35,22.26
4539352,6,42.24
4539353,1,2088.59
4539353,2,542.99
4539353,3,2708.52
4539353,4,557.39
2565689,1,48020
4539343,1,265
105504732,1,104427
4539355,1,925.99